ID,ID salarié,Date de début de l'activité,Type,Distance (m),Date de fin de l'activité,Commentaire
1,56482,2025-07-25 09:15:00,Tennis,,2025-07-25 10:28:00,Bonne séance.
2,56482,2025-07-27 07:37:00,Tennis,,2025-07-27 09:16:00,
3,56482,2025-07-31 07:05:00,Tennis,,2025-07-31 08:17:00,Bonne séance.
4,56482,2025-08-01 17:38:00,Tennis,,2025-08-01 18:26:00,Bonne séance.
5,56482,2025-08-07 12:14:00,Tennis,,2025-08-07 13:56:00,Entraînement terminé.
6,56482,2025-08-08 19:55:00,Tennis,,2025-08-08 20:40:00,Bonne séance.
7,56482,2025-08-09 18:27:00,Tennis,,2025-08-09 19:55:00,Entraînement terminé.
8,56482,2025-08-11 19:21:00,Tennis,,2025-08-11 20:19:00,
9,56482,2025-08-17 19:22:00,Tennis,,2025-08-17 20:40:00,
10,56482,2025-08-19 18:29:00,Tennis,,2025-08-19 20:22:00,
11,56482,2025-08-24 09:53:00,Tennis,,2025-08-24 11:24:00,Bonne séance.
12,56482,2025-08-28 18:04:00,Tennis,,2025-08-28 18:54:00,Bonne séance.
13,56482,2025-08-31 19:06:00,Tennis,,2025-08-31 20:39:00,Entraînement terminé.
14,56482,2025-09-01 12:40:00,Tennis,,2025-09-01 14:11:00,Bonne séance.
15,56482,2025-09-08 18:17:00,Tennis,,2025-09-08 19:11:00,Bonne séance.
16,56482,2025-09-09 17:46:00,Tennis,,2025-09-09 19:02:00,Bonne séance.
17,56482,2025-09-16 18:44:00,Tennis,,2025-09-16 20:40:00,Bonne séance.
18,56482,2025-09-17 18:20:00,Tennis,,2025-09-17 19:12:00,Bonne séance.
19,56482,2025-09-27 09:25:00,Tennis,,2025-09-27 10:44:00,
20,56482,2025-10-02 18:20:00,Tennis,,2025-10-02 19:32:00,Très bonnes sensations.
21,56482,2025-10-08 08:16:00,Tennis,,2025-10-08 09:18:00,Bonne séance.
22,56482,2025-10-10 18:35:00,Tennis,,2025-10-10 20:28:00,Entraînement terminé.
23,56482,2025-10-15 12:23:00,Tennis,,2025-10-15 13:36:00,Bonne séance.
24,56482,2025-10-16 17:31:00,Tennis,,2025-10-16 18:27:00,
25,56482,2025-10-18 19:07:00,Tennis,,2025-10-18 20:11:00,Bonne séance.
26,56482,2025-10-19 12:24:00,Tennis,,2025-10-19 14:08:00,Entraînement terminé.
27,56482,2025-10-22 17:55:00,Tennis,,2025-10-22 18:41:00,
28,56482,2025-10-23 18:56:00,Tennis,,2025-10-23 20:49:00,Entraînement terminé.
29,56482,2025-10-26 12:10:00,Tennis,,2025-10-26 13:53:00,
30,56482,2025-10-28 18:56:00,Tennis,,2025-10-28 20:14:00,Bonne séance.
31,56482,2025-11-01 17:58:00,Tennis,,2025-11-01 18:56:00,Entraînement terminé.
32,56482,2025-11-03 08:23:00,Tennis,,2025-11-03 09:28:00,
33,56482,2025-11-06 17:20:00,Tennis,,2025-11-06 19:07:00,
34,56482,2025-11-08 07:59:00,Tennis,,2025-11-08 09:30:00,Entraînement terminé.
35,56482,2025-11-09 08:56:00,Tennis,,2025-11-09 10:53:00,
36,56482,2025-11-21 12:52:00,Tennis,,2025-11-21 13:45:00,Bonne séance.
37,56482,2025-11-28 12:35:00,Tennis,,2025-11-28 13:41:00,Entraînement terminé.
38,56482,2025-12-03 08:59:00,Tennis,,2025-12-03 10:53:00,Bonne séance.
39,56482,2025-12-04 18:19:00,Tennis,,2025-12-04 19:55:00,Entraînement terminé.
40,56482,2025-12-06 12:57:00,Tennis,,2025-12-06 14:48:00,Très bonnes sensations.
41,56482,2025-12-08 08:04:00,Tennis,,2025-12-08 09:32:00,
42,56482,2025-12-15 08:00:00,Tennis,,2025-12-15 08:54:00,
43,56482,2025-12-18 08:04:00,Tennis,,2025-12-18 08:53:00,Entraînement terminé.
44,56482,2025-12-20 07:32:00,Tennis,,2025-12-20 08:47:00,Entraînement terminé.
45,56482,2025-12-22 08:46:00,Tennis,,2025-12-22 10:44:00,Très bonnes sensations.
46,56482,2025-12-24 08:50:00,Tennis,,2025-12-24 10:35:00,Très bonnes sensations.
47,56482,2025-12-25 08:06:00,Tennis,,2025-12-25 09:03:00,Très bonnes sensations.
48,56482,2025-12-31 12:55:00,Tennis,,2025-12-31 13:46:00,
49,56482,2026-01-03 07:25:00,Tennis,,2026-01-03 08:53:00,
50,56482,2026-01-05 08:34:00,Tennis,,2026-01-05 10:16:00,Bonne séance.
51,56482,2026-01-12 12:15:00,Tennis,,2026-01-12 13:09:00,Très bonnes sensations.
52,56482,2026-01-13 19:55:00,Tennis,,2026-01-13 21:50:00,
53,56482,2026-01-23 17:53:00,Tennis,,2026-01-23 18:39:00,
54,56482,2026-01-26 12:31:00,Tennis,,2026-01-26 14:17:00,Bonne séance.
55,56482,2026-02-01 12:00:00,Tennis,,2026-02-01 13:34:00,Entraînement terminé.
56,56482,2026-02-02 19:50:00,Tennis,,2026-02-02 21:33:00,Entraînement terminé.
57,56482,2026-02-13 19:35:00,Tennis,,2026-02-13 21:22:00,Bonne séance.
58,56482,2026-02-14 08:18:00,Tennis,,2026-02-14 09:30:00,
59,56482,2026-02-15 18:20:00,Tennis,,2026-02-15 19:12:00,
60,56482,2026-02-19 17:30:00,Tennis,,2026-02-19 19:19:00,Bonne séance.
61,56482,2026-02-20 07:32:00,Tennis,,2026-02-20 08:27:00,Bonne séance.
62,56482,2026-02-26 07:43:00,Tennis,,2026-02-26 08:58:00,Très bonnes sensations.
63,56482,2026-03-05 08:37:00,Tennis,,2026-03-05 09:27:00,
64,56482,2026-03-12 17:33:00,Tennis,,2026-03-12 18:58:00,Entraînement terminé.
65,56482,2026-03-13 08:42:00,Tennis,,2026-03-13 10:07:00,Bonne séance.
66,56482,2026-03-16 18:41:00,Tennis,,2026-03-16 20:04:00,Très bonnes sensations.
67,56482,2026-03-18 09:59:00,Tennis,,2026-03-18 10:53:00,
68,56482,2026-03-26 07:04:00,Tennis,,2026-03-26 08:57:00,Bonne séance.
69,56482,2026-03-28 17:16:00,Tennis,,2026-03-28 18:17:00,Entraînement terminé.
70,56482,2026-03-30 09:18:00,Tennis,,2026-03-30 10:23:00,Très bonnes sensations.
71,56482,2026-04-07 19:41:00,Tennis,,2026-04-07 21:33:00,
72,56482,2026-04-09 18:52:00,Tennis,,2026-04-09 20:47:00,Entraînement terminé.
73,56482,2026-04-10 18:06:00,Tennis,,2026-04-10 19:08:00,Entraînement terminé.
74,56482,2026-04-12 18:35:00,Tennis,,2026-04-12 19:39:00,Entraînement terminé.
75,56482,2026-04-20 18:21:00,Tennis,,2026-04-20 19:32:00,Entraînement terminé.
76,56482,2026-04-23 17:31:00,Tennis,,2026-04-23 18:48:00,
77,56482,2026-05-01 12:53:00,Tennis,,2026-05-01 14:13:00,
78,56482,2026-05-05 19:08:00,Tennis,,2026-05-05 20:26:00,Bonne séance.
79,56482,2026-05-13 17:00:00,Tennis,,2026-05-13 17:59:00,
80,56482,2026-05-14 18:57:00,Tennis,,2026-05-14 20:01:00,
81,56482,2026-05-16 19:23:00,Tennis,,2026-05-16 21:22:00,Bonne séance.
82,56482,2026-05-17 09:23:00,Tennis,,2026-05-17 10:13:00,Entraînement terminé.
83,56482,2026-05-18 08:43:00,Tennis,,2026-05-18 09:59:00,
84,56482,2026-05-28 19:26:00,Tennis,,2026-05-28 20:30:00,Bonne séance.
85,56482,2026-05-30 19:10:00,Tennis,,2026-05-30 20:17:00,Très bonnes sensations.
86,56482,2026-06-01 18:59:00,Tennis,,2026-06-01 20:26:00,Très bonnes sensations.
87,56482,2026-06-08 09:10:00,Tennis,,2026-06-08 10:08:00,Très bonnes sensations.
88,56482,2026-06-12 19:02:00,Tennis,,2026-06-12 20:47:00,Bonne séance.
89,56482,2026-06-13 08:52:00,Tennis,,2026-06-13 10:35:00,Entraînement terminé.
90,56482,2026-06-15 08:01:00,Tennis,,2026-06-15 09:10:00,Très bonnes sensations.
91,56482,2026-06-20 09:17:00,Tennis,,2026-06-20 10:10:00,Entraînement terminé.
92,56482,2026-06-25 12:43:00,Tennis,,2026-06-25 14:36:00,Entraînement terminé.
93,56482,2026-06-26 07:07:00,Tennis,,2026-06-26 08:25:00,Bonne séance.
94,56482,2026-06-28 17:27:00,Tennis,,2026-06-28 18:56:00,Entraînement terminé.
95,56482,2026-06-30 12:38:00,Tennis,,2026-06-30 14:28:00,
96,56482,2026-07-03 12:57:00,Tennis,,2026-07-03 14:55:00,Bonne séance.
97,56482,2026-07-05 12:00:00,Tennis,,2026-07-05 13:51:00,Bonne séance.
98,56482,2026-07-10 09:27:00,Tennis,,2026-07-10 10:20:00,Entraînement terminé.
99,56482,2026-07-12 18:57:00,Tennis,,2026-07-12 20:20:00,Entraînement terminé.
100,56482,2026-07-14 18:26:00,Tennis,,2026-07-14 19:52:00,Très bonnes sensations.
101,56482,2026-07-17 18:18:00,Tennis,,2026-07-17 20:13:00,Bonne séance.
102,56482,2026-07-20 18:24:00,Tennis,,2026-07-20 19:31:00,Entraînement terminé.
103,17757,2025-07-22 09:13:00,Badminton,,2025-07-22 10:10:00,Entraînement terminé.
104,17757,2025-07-30 18:13:00,Badminton,,2025-07-30 19:15:00,Très bonnes sensations.
105,17757,2025-08-02 19:57:00,Badminton,,2025-08-02 21:17:00,Bonne séance.
106,17757,2025-08-03 18:40:00,Badminton,,2025-08-03 19:49:00,Entraînement terminé.
107,17757,2025-08-05 07:52:00,Badminton,,2025-08-05 09:22:00,Bonne séance.
108,17757,2025-08-07 18:19:00,Badminton,,2025-08-07 19:03:00,Bonne séance.
109,17757,2025-08-10 07:15:00,Badminton,,2025-08-10 08:15:00,
110,17757,2025-08-20 17:12:00,Badminton,,2025-08-20 18:27:00,Très bonnes sensations.
111,17757,2025-08-22 12:25:00,Badminton,,2025-08-22 13:10:00,Bonne séance.
112,17757,2025-08-24 19:27:00,Badminton,,2025-08-24 20:11:00,Bonne séance.
113,17757,2025-08-29 19:44:00,Badminton,,2025-08-29 20:47:00,Très bonnes sensations.
114,17757,2025-08-30 07:35:00,Badminton,,2025-08-30 08:20:00,
115,17757,2025-09-01 18:33:00,Badminton,,2025-09-01 19:38:00,Entraînement terminé.
116,17757,2025-09-03 19:57:00,Badminton,,2025-09-03 20:55:00,Très bonnes sensations.
117,17757,2025-09-08 12:16:00,Badminton,,2025-09-08 13:34:00,Bonne séance.
118,17757,2025-09-10 19:40:00,Badminton,,2025-09-10 20:27:00,Très bonnes sensations.
119,17757,2025-09-13 18:15:00,Badminton,,2025-09-13 19:02:00,Très bonnes sensations.
120,17757,2025-09-19 09:15:00,Badminton,,2025-09-19 10:02:00,Entraînement terminé.
121,17757,2025-09-21 08:09:00,Badminton,,2025-09-21 08:53:00,Très bonnes sensations.
122,17757,2025-09-25 18:09:00,Badminton,,2025-09-25 19:24:00,Bonne séance.
123,17757,2025-10-01 12:21:00,Badminton,,2025-10-01 13:25:00,Très bonnes sensations.
124,17757,2025-10-05 19:26:00,Badminton,,2025-10-05 20:20:00,
125,17757,2025-10-06 19:56:00,Badminton,,2025-10-06 21:14:00,Très bonnes sensations.
126,17757,2025-10-12 09:48:00,Badminton,,2025-10-12 10:42:00,Très bonnes sensations.
127,17757,2025-10-14 17:47:00,Badminton,,2025-10-14 19:04:00,Bonne séance.
128,17757,2025-10-20 12:31:00,Badminton,,2025-10-20 13:02:00,Très bonnes sensations.
129,17757,2025-10-21 09:42:00,Badminton,,2025-10-21 10:55:00,Très bonnes sensations.
130,17757,2025-10-27 17:34:00,Badminton,,2025-10-27 18:05:00,Très bonnes sensations.
131,17757,2025-10-29 17:36:00,Badminton,,2025-10-29 18:48:00,
132,17757,2025-11-01 07:41:00,Badminton,,2025-11-01 08:38:00,Bonne séance.
133,17757,2025-11-02 09:24:00,Badminton,,2025-11-02 10:14:00,Bonne séance.
134,17757,2025-11-03 12:20:00,Badminton,,2025-11-03 13:11:00,Très bonnes sensations.
135,17757,2025-11-12 09:53:00,Badminton,,2025-11-12 10:28:00,Très bonnes sensations.
136,17757,2025-11-15 07:47:00,Badminton,,2025-11-15 08:51:00,
137,17757,2025-11-17 07:49:00,Badminton,,2025-11-17 09:00:00,
138,17757,2025-11-21 19:01:00,Badminton,,2025-11-21 20:31:00,Bonne séance.
139,17757,2025-11-29 07:39:00,Badminton,,2025-11-29 08:18:00,Bonne séance.
140,17757,2025-12-03 18:07:00,Badminton,,2025-12-03 19:13:00,Bonne séance.
141,17757,2025-12-09 19:23:00,Badminton,,2025-12-09 20:03:00,
142,17757,2025-12-12 19:52:00,Badminton,,2025-12-12 20:32:00,Entraînement terminé.
143,17757,2025-12-18 07:59:00,Badminton,,2025-12-18 08:48:00,Très bonnes sensations.
144,17757,2025-12-22 07:37:00,Badminton,,2025-12-22 08:51:00,Bonne séance.
145,17757,2025-12-26 07:44:00,Badminton,,2025-12-26 09:03:00,Entraînement terminé.
146,17757,2025-12-28 19:02:00,Badminton,,2025-12-28 19:54:00,Très bonnes sensations.
147,17757,2026-01-01 18:23:00,Badminton,,2026-01-01 18:57:00,Entraînement terminé.
148,17757,2026-01-03 07:54:00,Badminton,,2026-01-03 08:50:00,Très bonnes sensations.
149,17757,2026-01-07 09:40:00,Badminton,,2026-01-07 11:07:00,Très bonnes sensations.
150,17757,2026-01-12 18:33:00,Badminton,,2026-01-12 19:44:00,Entraînement terminé.
151,17757,2026-01-14 17:51:00,Badminton,,2026-01-14 19:19:00,Très bonnes sensations.
152,17757,2026-01-17 12:27:00,Badminton,,2026-01-17 13:49:00,Entraînement terminé.
153,17757,2026-01-19 19:59:00,Badminton,,2026-01-19 20:34:00,Entraînement terminé.
154,17757,2026-01-24 12:15:00,Badminton,,2026-01-24 13:33:00,Très bonnes sensations.
155,17757,2026-01-28 09:01:00,Badminton,,2026-01-28 10:02:00,Entraînement terminé.
156,17757,2026-01-29 08:31:00,Badminton,,2026-01-29 09:14:00,Entraînement terminé.
157,17757,2026-01-30 19:16:00,Badminton,,2026-01-30 20:07:00,Entraînement terminé.
158,17757,2026-02-03 07:33:00,Badminton,,2026-02-03 09:03:00,Bonne séance.
159,17757,2026-02-05 07:15:00,Badminton,,2026-02-05 08:31:00,Très bonnes sensations.
160,17757,2026-02-06 12:35:00,Badminton,,2026-02-06 13:53:00,Bonne séance.
161,17757,2026-02-11 12:50:00,Badminton,,2026-02-11 13:21:00,
162,17757,2026-02-13 09:14:00,Badminton,,2026-02-13 10:09:00,Bonne séance.
163,17757,2026-02-14 09:42:00,Badminton,,2026-02-14 10:49:00,Entraînement terminé.
164,17757,2026-02-19 09:27:00,Badminton,,2026-02-19 10:44:00,Entraînement terminé.
165,17757,2026-02-21 09:44:00,Badminton,,2026-02-21 10:43:00,Entraînement terminé.
166,17757,2026-02-23 07:46:00,Badminton,,2026-02-23 08:28:00,Entraînement terminé.
167,17757,2026-02-24 07:47:00,Badminton,,2026-02-24 08:51:00,Bonne séance.
168,17757,2026-03-02 18:30:00,Badminton,,2026-03-02 19:17:00,Entraînement terminé.
169,17757,2026-03-14 08:18:00,Badminton,,2026-03-14 09:02:00,Entraînement terminé.
170,17757,2026-03-17 07:45:00,Badminton,,2026-03-17 08:49:00,Bonne séance.
171,17757,2026-03-22 17:18:00,Badminton,,2026-03-22 18:32:00,Bonne séance.
172,17757,2026-03-28 18:55:00,Badminton,,2026-03-28 20:13:00,Très bonnes sensations.
173,17757,2026-04-04 07:36:00,Badminton,,2026-04-04 08:24:00,Très bonnes sensations.
174,17757,2026-04-07 08:03:00,Badminton,,2026-04-07 08:49:00,Très bonnes sensations.
175,17757,2026-04-08 07:52:00,Badminton,,2026-04-08 08:26:00,Très bonnes sensations.
176,17757,2026-04-12 18:43:00,Badminton,,2026-04-12 19:16:00,Bonne séance.
177,17757,2026-04-16 08:51:00,Badminton,,2026-04-16 09:57:00,Entraînement terminé.
178,17757,2026-04-20 07:35:00,Badminton,,2026-04-20 08:53:00,Très bonnes sensations.
179,17757,2026-04-27 19:33:00,Badminton,,2026-04-27 20:27:00,Très bonnes sensations.
180,17757,2026-04-30 12:19:00,Badminton,,2026-04-30 13:44:00,Très bonnes sensations.
181,17757,2026-05-02 09:36:00,Badminton,,2026-05-02 10:45:00,
182,17757,2026-05-03 18:13:00,Badminton,,2026-05-03 18:59:00,
183,17757,2026-05-04 08:15:00,Badminton,,2026-05-04 08:56:00,
184,17757,2026-05-08 08:00:00,Badminton,,2026-05-08 08:56:00,Très bonnes sensations.
185,17757,2026-05-12 07:14:00,Badminton,,2026-05-12 08:02:00,Entraînement terminé.
186,17757,2026-05-13 18:55:00,Badminton,,2026-05-13 19:54:00,
187,17757,2026-05-14 18:14:00,Badminton,,2026-05-14 19:43:00,Entraînement terminé.
188,17757,2026-05-18 12:07:00,Badminton,,2026-05-18 13:11:00,Bonne séance.
189,17757,2026-05-21 18:09:00,Badminton,,2026-05-21 19:37:00,Entraînement terminé.
190,17757,2026-05-22 19:09:00,Badminton,,2026-05-22 19:43:00,
191,17757,2026-05-30 09:38:00,Badminton,,2026-05-30 10:55:00,Entraînement terminé.
192,17757,2026-05-31 18:19:00,Badminton,,2026-05-31 19:33:00,Très bonnes sensations.
193,17757,2026-06-03 09:32:00,Badminton,,2026-06-03 10:36:00,Très bonnes sensations.
194,17757,2026-06-07 07:56:00,Badminton,,2026-06-07 08:53:00,Entraînement terminé.
195,17757,2026-06-11 17:16:00,Badminton,,2026-06-11 17:47:00,
196,17757,2026-06-19 19:55:00,Badminton,,2026-06-19 21:01:00,
197,17757,2026-06-23 07:48:00,Badminton,,2026-06-23 09:06:00,Bonne séance.
198,17757,2026-06-25 12:33:00,Badminton,,2026-06-25 13:44:00,Très bonnes sensations.
199,17757,2026-06-27 09:11:00,Badminton,,2026-06-27 10:18:00,Très bonnes sensations.
200,17757,2026-06-28 12:22:00,Badminton,,2026-06-28 13:18:00,Entraînement terminé.
201,17757,2026-07-01 09:42:00,Badminton,,2026-07-01 10:18:00,Bonne séance.
202,17757,2026-07-04 09:26:00,Badminton,,2026-07-04 10:40:00,Très bonnes sensations.
203,17757,2026-07-08 19:48:00,Badminton,,2026-07-08 20:53:00,
204,17757,2026-07-10 12:05:00,Badminton,,2026-07-10 12:55:00,Entraînement terminé.
205,17757,2026-07-12 19:32:00,Badminton,,2026-07-12 20:54:00,
206,17757,2026-07-15 18:55:00,Badminton,,2026-07-15 19:59:00,Très bonnes sensations.
207,17757,2026-07-19 17:23:00,Badminton,,2026-07-19 18:32:00,Très bonnes sensations.
208,17757,2026-07-20 18:28:00,Badminton,,2026-07-20 19:46:00,
209,17036,2025-07-30 18:31:00,Escalade,,2025-07-30 19:46:00,
210,17036,2025-08-21 07:35:00,Escalade,,2025-08-21 09:27:00,
211,17036,2025-09-07 18:53:00,Escalade,,2025-09-07 20:12:00,Très bonnes sensations.
212,17036,2025-09-18 18:17:00,Escalade,,2025-09-18 20:10:00,Très bonnes sensations.
213,17036,2025-09-22 12:35:00,Escalade,,2025-09-22 13:53:00,Très bonnes sensations.
214,17036,2025-10-25 19:54:00,Escalade,,2025-10-25 21:47:00,Entraînement terminé.
215,17036,2025-11-01 07:18:00,Escalade,,2025-11-01 09:50:00,Entraînement terminé.
216,17036,2025-11-08 08:28:00,Escalade,,2025-11-08 10:36:00,Très bonnes sensations.
217,17036,2025-11-11 17:48:00,Escalade,,2025-11-11 19:57:00,Très bonnes sensations.
218,17036,2025-11-18 19:12:00,Escalade,,2025-11-18 21:41:00,Bonne séance.
219,17036,2025-11-24 19:49:00,Escalade,,2025-11-24 21:41:00,
220,17036,2025-12-05 12:45:00,Escalade,,2025-12-05 15:41:00,Très bonnes sensations.
221,17036,2025-12-12 19:52:00,Escalade,,2025-12-12 22:15:00,Bonne séance.
222,17036,2025-12-14 08:32:00,Escalade,,2025-12-14 10:47:00,Entraînement terminé.
223,17036,2025-12-28 17:58:00,Escalade,,2025-12-28 19:56:00,
224,17036,2026-01-17 18:09:00,Escalade,,2026-01-17 19:18:00,Très bonnes sensations.
225,17036,2026-01-20 17:44:00,Escalade,,2026-01-20 19:34:00,
226,17036,2026-01-31 18:54:00,Escalade,,2026-01-31 21:02:00,Très bonnes sensations.
227,17036,2026-02-06 18:56:00,Escalade,,2026-02-06 21:33:00,Très bonnes sensations.
228,17036,2026-03-02 18:05:00,Escalade,,2026-03-02 20:00:00,
229,17036,2026-03-16 18:19:00,Escalade,,2026-03-16 21:14:00,
230,17036,2026-04-04 07:18:00,Escalade,,2026-04-04 09:03:00,Entraînement terminé.
231,17036,2026-04-06 08:33:00,Escalade,,2026-04-06 10:25:00,Bonne séance.
232,17036,2026-05-07 18:15:00,Escalade,,2026-05-07 20:18:00,Bonne séance.
233,17036,2026-05-22 09:29:00,Escalade,,2026-05-22 11:01:00,
234,17036,2026-05-26 18:34:00,Escalade,,2026-05-26 19:54:00,
235,17036,2026-06-02 17:19:00,Escalade,,2026-06-02 19:40:00,Très bonnes sensations.
236,17036,2026-06-10 19:19:00,Escalade,,2026-06-10 20:44:00,Très bonnes sensations.
237,17036,2026-06-14 08:24:00,Escalade,,2026-06-14 10:37:00,Entraînement terminé.
238,17036,2026-06-26 09:01:00,Escalade,,2026-06-26 11:47:00,Très bonnes sensations.
239,17036,2026-06-28 17:55:00,Escalade,,2026-06-28 20:22:00,
240,17036,2026-07-11 09:49:00,Escalade,,2026-07-11 12:31:00,Bonne séance.
241,17036,2026-07-13 18:12:00,Escalade,,2026-07-13 20:31:00,Entraînement terminé.
242,90284,2025-07-20 19:28:00,Randonnée,5093.0,2025-07-20 20:32:29,Très beau parcours.
243,90284,2025-07-22 07:58:00,Randonnée,13670.0,2025-07-22 11:24:04,Nouveau sentier découvert.
244,90284,2025-07-25 08:12:00,Randonnée,8330.0,2025-07-25 09:45:15,Une randonnée à refaire.
245,90284,2025-07-28 09:58:00,Randonnée,19789.0,2025-07-28 13:19:10,Une randonnée à refaire.
246,90284,2025-07-29 18:55:00,Randonnée,15099.0,2025-07-29 21:42:22,Nouveau sentier découvert.
247,90284,2025-07-31 07:09:00,Randonnée,11392.0,2025-07-31 09:11:29,Nouveau sentier découvert.
248,90284,2025-08-03 07:16:00,Randonnée,21582.0,2025-08-03 13:40:10,Une randonnée à refaire.
249,90284,2025-08-05 18:47:00,Randonnée,12590.0,2025-08-05 21:25:55,Une randonnée à refaire.
250,90284,2025-08-06 07:43:00,Randonnée,11661.0,2025-08-06 10:21:30,Une randonnée à refaire.
251,90284,2025-08-10 18:52:00,Randonnée,19213.0,2025-08-10 22:13:15,Une randonnée à refaire.
252,90284,2025-08-11 18:26:00,Randonnée,7823.0,2025-08-11 20:43:16,
253,90284,2025-08-15 09:31:00,Randonnée,7805.0,2025-08-15 11:53:16,Très beau parcours.
254,90284,2025-08-19 18:47:00,Randonnée,21701.0,2025-08-19 23:52:50,Très beau parcours.
255,90284,2025-08-20 12:41:00,Randonnée,7244.0,2025-08-20 14:00:01,Nouveau sentier découvert.
256,90284,2025-08-24 09:13:00,Randonnée,18528.0,2025-08-24 13:29:30,Très beau parcours.
257,90284,2025-08-29 19:23:00,Randonnée,7255.0,2025-08-29 20:36:15,Une randonnée à refaire.
258,90284,2025-08-31 12:17:00,Randonnée,10219.0,2025-08-31 14:00:50,Nouveau sentier découvert.
259,90284,2025-09-02 07:42:00,Randonnée,10950.0,2025-09-02 09:55:24,
260,90284,2025-09-05 07:50:00,Randonnée,14928.0,2025-09-05 11:50:05,Très beau parcours.
261,90284,2025-09-07 08:37:00,Randonnée,11076.0,2025-09-07 10:39:11,Très beau parcours.
262,90284,2025-09-08 09:49:00,Randonnée,8835.0,2025-09-08 11:27:47,
263,90284,2025-09-11 09:54:00,Randonnée,8741.0,2025-09-11 11:21:58,Une randonnée à refaire.
264,90284,2025-09-14 18:55:00,Randonnée,4844.0,2025-09-14 20:20:36,Une randonnée à refaire.
265,90284,2025-09-25 09:01:00,Randonnée,9709.0,2025-09-25 11:34:27,Très beau parcours.
266,90284,2025-09-28 18:04:00,Randonnée,19605.0,2025-09-28 22:34:44,Une randonnée à refaire.
267,90284,2025-10-01 17:37:00,Randonnée,7573.0,2025-10-01 19:21:19,Très beau parcours.
268,90284,2025-10-02 17:02:00,Randonnée,21086.0,2025-10-02 22:26:00,
269,90284,2025-10-08 19:25:00,Randonnée,17968.0,2025-10-08 22:58:08,Nouveau sentier découvert.
270,90284,2025-10-12 09:38:00,Randonnée,8860.0,2025-10-12 12:24:17,Une randonnée à refaire.
271,90284,2025-10-15 17:40:00,Randonnée,23181.0,2025-10-15 22:39:26,Une randonnée à refaire.
272,90284,2025-10-17 12:38:00,Randonnée,21385.0,2025-10-17 18:08:18,Nouveau sentier découvert.
273,90284,2025-10-25 18:07:00,Randonnée,22066.0,2025-10-25 22:23:27,Très beau parcours.
274,90284,2025-10-27 12:21:00,Randonnée,18860.0,2025-10-27 16:50:40,
275,90284,2025-10-29 09:27:00,Randonnée,14240.0,2025-10-29 12:18:02,Une randonnée à refaire.
276,90284,2025-11-07 12:04:00,Randonnée,6989.0,2025-11-07 13:20:19,
277,90284,2025-11-09 18:23:00,Randonnée,8263.0,2025-11-09 20:09:11,Une randonnée à refaire.
278,90284,2025-11-14 18:07:00,Randonnée,17461.0,2025-11-14 22:25:00,Nouveau sentier découvert.
279,90284,2025-11-16 09:22:00,Randonnée,7394.0,2025-11-16 10:55:43,Très beau parcours.
280,90284,2025-11-18 08:42:00,Randonnée,19800.0,2025-11-18 14:05:28,
281,90284,2025-11-20 09:54:00,Randonnée,22227.0,2025-11-20 15:19:04,Une randonnée à refaire.
282,90284,2025-11-24 19:52:00,Randonnée,24372.0,2025-11-25 00:54:05,
283,90284,2025-11-26 17:59:00,Randonnée,12763.0,2025-11-26 22:07:05,Une randonnée à refaire.
284,90284,2025-11-27 18:48:00,Randonnée,14124.0,2025-11-27 21:15:00,Une randonnée à refaire.
285,90284,2025-12-01 19:09:00,Randonnée,22557.0,2025-12-01 23:41:12,
286,90284,2025-12-12 18:01:00,Randonnée,7006.0,2025-12-12 19:21:15,Très beau parcours.
287,90284,2025-12-17 09:10:00,Randonnée,16125.0,2025-12-17 13:15:53,Une randonnée à refaire.
288,90284,2025-12-20 19:36:00,Randonnée,23537.0,2025-12-21 02:49:53,
289,90284,2025-12-22 19:39:00,Randonnée,5630.0,2025-12-22 20:46:16,Une randonnée à refaire.
290,90284,2025-12-31 12:38:00,Randonnée,18484.0,2025-12-31 16:59:25,Très beau parcours.
291,90284,2026-01-02 19:32:00,Randonnée,7729.0,2026-01-02 21:26:55,
292,90284,2026-01-09 17:31:00,Randonnée,21266.0,2026-01-09 21:46:07,
293,90284,2026-01-10 08:25:00,Randonnée,23638.0,2026-01-10 15:53:12,Très beau parcours.
294,90284,2026-01-12 19:16:00,Randonnée,13484.0,2026-01-12 22:39:03,
295,90284,2026-01-17 12:47:00,Randonnée,18111.0,2026-01-17 17:55:05,Nouveau sentier découvert.
296,90284,2026-01-19 17:53:00,Randonnée,15605.0,2026-01-19 22:44:07,
297,90284,2026-01-22 12:01:00,Randonnée,19065.0,2026-01-22 15:19:28,Une randonnée à refaire.
298,90284,2026-01-23 17:27:00,Randonnée,22789.0,2026-01-23 22:51:32,Nouveau sentier découvert.
299,90284,2026-01-25 07:20:00,Randonnée,9631.0,2026-01-25 09:06:56,Nouveau sentier découvert.
300,90284,2026-01-28 19:44:00,Randonnée,15857.0,2026-01-29 00:35:27,
301,90284,2026-02-04 17:25:00,Randonnée,21169.0,2026-02-04 23:57:31,Une randonnée à refaire.
302,90284,2026-02-09 19:10:00,Randonnée,6502.0,2026-02-09 20:36:05,
303,90284,2026-02-10 17:32:00,Randonnée,10353.0,2026-02-10 19:20:38,Une randonnée à refaire.
304,90284,2026-02-14 09:46:00,Randonnée,8839.0,2026-02-14 12:09:00,Très beau parcours.
305,90284,2026-02-16 17:09:00,Randonnée,6469.0,2026-02-16 18:58:55,Nouveau sentier découvert.
306,90284,2026-02-21 12:48:00,Randonnée,22472.0,2026-02-21 17:03:23,Nouveau sentier découvert.
307,90284,2026-02-26 09:55:00,Randonnée,24552.0,2026-02-26 16:08:05,Nouveau sentier découvert.
308,90284,2026-02-27 07:30:00,Randonnée,18490.0,2026-02-27 11:16:41,Une randonnée à refaire.
309,90284,2026-02-28 17:03:00,Randonnée,15532.0,2026-02-28 20:29:05,Une randonnée à refaire.
310,90284,2026-03-01 07:23:00,Randonnée,13406.0,2026-03-01 11:32:01,
311,90284,2026-03-04 17:38:00,Randonnée,20615.0,2026-03-04 22:35:48,
312,90284,2026-03-12 18:12:00,Randonnée,14535.0,2026-03-12 21:13:07,Très beau parcours.
313,90284,2026-03-14 07:28:00,Randonnée,7391.0,2026-03-14 08:49:37,Une randonnée à refaire.
314,90284,2026-03-15 07:15:00,Randonnée,18344.0,2026-03-15 10:19:16,Très beau parcours.
315,90284,2026-03-16 09:23:00,Randonnée,13269.0,2026-03-16 12:34:17,Une randonnée à refaire.
316,90284,2026-03-19 18:38:00,Randonnée,5715.0,2026-03-19 19:41:53,Une randonnée à refaire.
317,90284,2026-03-24 07:35:00,Randonnée,16666.0,2026-03-24 11:54:34,Très beau parcours.
318,90284,2026-03-29 18:09:00,Randonnée,15462.0,2026-03-29 22:05:01,Nouveau sentier découvert.
319,90284,2026-04-02 08:38:00,Randonnée,6776.0,2026-04-02 10:21:29,Nouveau sentier découvert.
320,90284,2026-04-06 18:44:00,Randonnée,21248.0,2026-04-07 01:12:38,Nouveau sentier découvert.
321,90284,2026-04-07 17:23:00,Randonnée,4597.0,2026-04-07 18:30:28,Très beau parcours.
322,90284,2026-04-11 08:21:00,Randonnée,19934.0,2026-04-11 13:55:28,Très beau parcours.
323,90284,2026-04-12 09:54:00,Randonnée,7314.0,2026-04-12 11:31:01,
324,90284,2026-04-20 17:24:00,Randonnée,9054.0,2026-04-20 19:59:48,Très beau parcours.
325,90284,2026-04-21 18:28:00,Randonnée,5431.0,2026-04-21 19:44:59,Très beau parcours.
326,90284,2026-04-23 12:39:00,Randonnée,13336.0,2026-04-23 15:11:12,Nouveau sentier découvert.
327,90284,2026-04-30 08:19:00,Randonnée,19368.0,2026-04-30 11:42:27,Très beau parcours.
328,90284,2026-05-07 12:29:00,Randonnée,13233.0,2026-05-07 14:57:51,Nouveau sentier découvert.
329,90284,2026-05-08 08:52:00,Randonnée,10543.0,2026-05-08 10:49:04,Très beau parcours.
330,90284,2026-05-10 12:55:00,Randonnée,16163.0,2026-05-10 16:22:57,
331,90284,2026-05-15 18:54:00,Randonnée,20905.0,2026-05-15 22:39:51,Une randonnée à refaire.
332,90284,2026-05-23 08:17:00,Randonnée,18723.0,2026-05-23 11:33:32,Très beau parcours.
333,90284,2026-05-24 19:28:00,Randonnée,15455.0,2026-05-24 22:08:07,Nouveau sentier découvert.
334,90284,2026-05-25 07:25:00,Randonnée,20449.0,2026-05-25 12:22:40,Nouveau sentier découvert.
335,90284,2026-06-02 08:01:00,Randonnée,14442.0,2026-06-02 10:30:36,Une randonnée à refaire.
336,90284,2026-06-08 07:18:00,Randonnée,19481.0,2026-06-08 11:07:43,Très beau parcours.
337,90284,2026-06-17 07:57:00,Randonnée,6596.0,2026-06-17 10:06:28,Très beau parcours.
338,90284,2026-06-18 19:09:00,Randonnée,21983.0,2026-06-18 22:55:36,Nouveau sentier découvert.
339,90284,2026-06-20 07:49:00,Randonnée,13440.0,2026-06-20 11:26:11,
340,90284,2026-06-22 12:40:00,Randonnée,24408.0,2026-06-22 18:15:01,
341,90284,2026-07-02 07:40:00,Randonnée,20887.0,2026-07-02 12:05:13,Très beau parcours.
342,90284,2026-07-04 09:27:00,Randonnée,4051.0,2026-07-04 10:17:10,Très beau parcours.
343,90284,2026-07-05 17:23:00,Randonnée,6217.0,2026-07-05 18:26:39,
344,90284,2026-07-06 12:55:00,Randonnée,19405.0,2026-07-06 19:06:55,Nouveau sentier découvert.
345,90284,2026-07-08 09:16:00,Randonnée,4532.0,2026-07-08 10:22:47,
346,90284,2026-07-13 18:40:00,Randonnée,7396.0,2026-07-13 20:03:30,Une randonnée à refaire.
347,90284,2026-07-17 08:02:00,Randonnée,15544.0,2026-07-17 11:23:05,Très beau parcours.
348,90284,2026-07-19 18:11:00,Randonnée,8418.0,2026-07-19 20:49:22,Nouveau sentier découvert.
349,90284,2026-07-20 07:18:00,Randonnée,10605.0,2026-07-20 10:41:12,Très beau parcours.
350,83440,2025-07-22 09:02:00,Triathlon,17524.0,2025-07-22 10:25:36,
351,83440,2025-07-23 19:41:00,Triathlon,26753.0,2025-07-23 21:50:45,Entraînement complet.
352,83440,2025-07-24 12:56:00,Triathlon,31215.0,2025-07-24 14:30:09,Entraînement complet.
353,83440,2025-07-25 09:11:00,Triathlon,37519.0,2025-07-25 11:09:02,Entraînement complet.
354,83440,2025-07-27 17:52:00,Triathlon,16826.0,2025-07-27 18:52:21,Entraînement complet.
355,83440,2025-07-28 07:05:00,Triathlon,26490.0,2025-07-28 08:30:34,Entraînement complet.
356,83440,2025-07-29 12:38:00,Triathlon,32925.0,2025-07-29 15:43:13,Entraînement complet.
357,83440,2025-07-30 09:28:00,Triathlon,7775.0,2025-07-30 09:51:46,Entraînement complet.
358,83440,2025-08-01 17:27:00,Triathlon,22993.0,2025-08-01 18:42:40,
359,83440,2025-08-06 09:32:00,Triathlon,15484.0,2025-08-06 10:11:58,
360,83440,2025-08-08 19:38:00,Triathlon,33716.0,2025-08-08 23:34:25,
361,83440,2025-08-09 08:49:00,Triathlon,29007.0,2025-08-09 10:55:10,Bonne préparation.
362,83440,2025-08-11 09:23:00,Triathlon,34094.0,2025-08-11 11:04:13,Bonne préparation.
363,83440,2025-08-13 08:33:00,Triathlon,29048.0,2025-08-13 10:34:18,Bonne préparation.
364,83440,2025-08-14 09:15:00,Triathlon,12434.0,2025-08-14 10:43:40,
365,83440,2025-08-17 09:49:00,Triathlon,22058.0,2025-08-17 10:57:42,
366,83440,2025-08-20 17:18:00,Triathlon,37191.0,2025-08-20 20:37:11,
367,83440,2025-08-21 19:04:00,Triathlon,34625.0,2025-08-21 22:17:02,Bonne préparation.
368,83440,2025-08-23 12:05:00,Triathlon,25944.0,2025-08-23 13:28:18,Bonne préparation.
369,83440,2025-08-26 09:54:00,Triathlon,15322.0,2025-08-26 10:41:25,Bonne préparation.
370,83440,2025-08-28 18:11:00,Triathlon,28690.0,2025-08-28 19:57:39,
371,83440,2025-08-30 08:50:00,Triathlon,14101.0,2025-08-30 10:01:46,Entraînement complet.
372,83440,2025-09-02 09:29:00,Triathlon,13504.0,2025-09-02 10:14:33,
373,83440,2025-09-04 07:19:00,Triathlon,31093.0,2025-09-04 08:36:45,Bonne préparation.
374,83440,2025-09-05 12:33:00,Triathlon,31921.0,2025-09-05 14:07:19,Bonne préparation.
375,83440,2025-09-07 12:29:00,Triathlon,38905.0,2025-09-07 15:21:45,Bonne préparation.
376,83440,2025-09-08 18:37:00,Triathlon,16925.0,2025-09-08 19:27:04,
377,83440,2025-09-09 12:32:00,Triathlon,8631.0,2025-09-09 12:56:19,Bonne préparation.
378,83440,2025-09-15 09:59:00,Triathlon,19776.0,2025-09-15 11:26:39,Bonne préparation.
379,83440,2025-09-16 09:54:00,Triathlon,10168.0,2025-09-16 10:44:48,Bonne préparation.
380,83440,2025-09-19 17:17:00,Triathlon,13203.0,2025-09-19 18:01:01,Bonne préparation.
381,83440,2025-09-21 18:39:00,Triathlon,27126.0,2025-09-21 19:54:46,Bonne préparation.
382,83440,2025-09-22 07:52:00,Triathlon,6859.0,2025-09-22 08:36:15,Bonne préparation.
383,83440,2025-09-25 19:36:00,Triathlon,22344.0,2025-09-25 20:48:47,Bonne préparation.
384,83440,2025-09-26 12:39:00,Triathlon,6984.0,2025-09-26 13:05:14,Bonne préparation.
385,83440,2025-09-27 17:18:00,Triathlon,24798.0,2025-09-27 18:52:36,Bonne préparation.
386,83440,2025-09-28 08:28:00,Triathlon,32238.0,2025-09-28 10:30:50,
387,83440,2025-09-30 09:38:00,Triathlon,14415.0,2025-09-30 10:44:31,Bonne préparation.
388,83440,2025-10-01 09:46:00,Triathlon,27634.0,2025-10-01 10:56:14,
389,83440,2025-10-02 19:23:00,Triathlon,38749.0,2025-10-02 21:39:52,Entraînement complet.
390,83440,2025-10-05 12:15:00,Triathlon,14232.0,2025-10-05 13:44:26,Entraînement complet.
391,83440,2025-10-07 12:55:00,Triathlon,32402.0,2025-10-07 15:37:23,
392,83440,2025-10-08 19:20:00,Triathlon,25494.0,2025-10-08 21:38:35,
393,83440,2025-10-14 12:01:00,Triathlon,10901.0,2025-10-14 12:29:17,Bonne préparation.
394,83440,2025-10-15 12:15:00,Triathlon,19099.0,2025-10-15 13:21:07,
395,83440,2025-10-16 07:18:00,Triathlon,37433.0,2025-10-16 09:25:54,Bonne préparation.
396,83440,2025-10-17 18:30:00,Triathlon,23726.0,2025-10-17 19:55:49,
397,83440,2025-10-20 09:02:00,Triathlon,31252.0,2025-10-20 12:34:38,Bonne préparation.
398,83440,2025-10-21 08:23:00,Triathlon,23913.0,2025-10-21 10:59:21,Bonne préparation.
399,83440,2025-10-22 12:48:00,Triathlon,23331.0,2025-10-22 13:54:01,Bonne préparation.
400,83440,2025-10-24 18:39:00,Triathlon,12786.0,2025-10-24 19:55:16,
401,83440,2025-10-28 19:09:00,Triathlon,18045.0,2025-10-28 20:10:23,Entraînement complet.
402,83440,2025-10-30 17:02:00,Triathlon,7969.0,2025-10-30 17:57:27,Bonne préparation.
403,83440,2025-10-31 09:51:00,Triathlon,36047.0,2025-10-31 12:03:37,
404,83440,2025-11-01 17:57:00,Triathlon,38784.0,2025-11-01 21:44:20,Bonne préparation.
405,83440,2025-11-03 17:21:00,Triathlon,38247.0,2025-11-03 19:08:59,Bonne préparation.
406,83440,2025-11-04 12:45:00,Triathlon,24647.0,2025-11-04 14:19:48,
407,83440,2025-11-05 09:21:00,Triathlon,12183.0,2025-11-05 09:51:52,Bonne préparation.
408,83440,2025-11-06 09:50:00,Triathlon,6746.0,2025-11-06 10:13:04,Entraînement complet.
409,83440,2025-11-10 07:37:00,Triathlon,36486.0,2025-11-10 11:01:03,Bonne préparation.
410,83440,2025-11-11 18:39:00,Triathlon,29916.0,2025-11-11 21:32:11,Bonne préparation.
411,83440,2025-11-13 08:02:00,Triathlon,12202.0,2025-11-13 09:08:14,Entraînement complet.
412,83440,2025-11-14 09:26:00,Triathlon,14924.0,2025-11-14 10:27:18,
413,83440,2025-11-15 12:32:00,Triathlon,35907.0,2025-11-15 14:10:05,Bonne préparation.
414,83440,2025-11-16 09:42:00,Triathlon,36350.0,2025-11-16 11:54:56,Entraînement complet.
415,83440,2025-11-17 08:29:00,Triathlon,39939.0,2025-11-17 11:26:48,Entraînement complet.
416,83440,2025-11-18 18:49:00,Triathlon,22325.0,2025-11-18 20:04:25,
417,83440,2025-11-20 08:17:00,Triathlon,24562.0,2025-11-20 10:24:04,Entraînement complet.
418,83440,2025-11-21 19:18:00,Triathlon,18584.0,2025-11-21 20:16:33,Entraînement complet.
419,83440,2025-11-25 09:07:00,Triathlon,29883.0,2025-11-25 10:27:17,Entraînement complet.
420,83440,2025-11-26 19:22:00,Triathlon,14599.0,2025-11-26 20:31:16,Entraînement complet.
421,83440,2025-11-27 18:05:00,Triathlon,27699.0,2025-11-27 19:17:57,Bonne préparation.
422,83440,2025-11-28 09:47:00,Triathlon,36396.0,2025-11-28 12:58:10,Bonne préparation.
423,83440,2025-12-01 07:39:00,Triathlon,20681.0,2025-12-01 09:23:27,Bonne préparation.
424,83440,2025-12-02 17:14:00,Triathlon,20259.0,2025-12-02 19:31:30,Entraînement complet.
425,83440,2025-12-04 09:45:00,Triathlon,35959.0,2025-12-04 13:29:32,
426,83440,2025-12-05 07:35:00,Triathlon,15350.0,2025-12-05 08:38:28,Entraînement complet.
427,83440,2025-12-08 09:41:00,Triathlon,8877.0,2025-12-08 10:04:39,
428,83440,2025-12-09 18:36:00,Triathlon,20218.0,2025-12-09 19:49:15,Bonne préparation.
429,83440,2025-12-11 19:59:00,Triathlon,7444.0,2025-12-11 20:18:45,
430,83440,2025-12-12 12:56:00,Triathlon,16520.0,2025-12-12 13:39:12,
431,83440,2025-12-15 07:00:00,Triathlon,24555.0,2025-12-15 08:26:13,
432,83440,2025-12-16 09:18:00,Triathlon,34776.0,2025-12-16 10:45:35,Bonne préparation.
433,83440,2025-12-17 17:31:00,Triathlon,13794.0,2025-12-17 18:09:17,Entraînement complet.
434,83440,2025-12-20 09:12:00,Triathlon,12382.0,2025-12-20 10:07:54,Bonne préparation.
435,83440,2025-12-21 18:21:00,Triathlon,24334.0,2025-12-21 19:46:28,
436,83440,2025-12-22 08:39:00,Triathlon,31574.0,2025-12-22 10:08:14,Bonne préparation.
437,83440,2025-12-23 09:05:00,Triathlon,31269.0,2025-12-23 10:45:17,
438,83440,2025-12-26 08:30:00,Triathlon,26207.0,2025-12-26 09:38:27,
439,83440,2025-12-29 09:19:00,Triathlon,5749.0,2025-12-29 09:47:19,Entraînement complet.
440,83440,2025-12-30 18:15:00,Triathlon,9071.0,2025-12-30 18:44:08,Entraînement complet.
441,83440,2025-12-31 09:10:00,Triathlon,31569.0,2025-12-31 10:49:49,Bonne préparation.
442,83440,2026-01-03 19:19:00,Triathlon,12694.0,2026-01-03 20:00:48,Entraînement complet.
443,83440,2026-01-05 12:09:00,Triathlon,34817.0,2026-01-05 13:53:38,Bonne préparation.
444,83440,2026-01-08 09:26:00,Triathlon,35856.0,2026-01-08 11:12:56,Bonne préparation.
445,83440,2026-01-09 19:13:00,Triathlon,21217.0,2026-01-09 20:20:24,Bonne préparation.
446,83440,2026-01-10 19:50:00,Triathlon,10365.0,2026-01-10 20:27:54,Bonne préparation.
447,83440,2026-01-11 19:35:00,Triathlon,38127.0,2026-01-11 22:58:37,Bonne préparation.
448,83440,2026-01-13 08:10:00,Triathlon,26503.0,2026-01-13 09:23:23,Entraînement complet.
449,83440,2026-01-14 07:43:00,Triathlon,18461.0,2026-01-14 08:39:53,Entraînement complet.
450,83440,2026-01-15 07:57:00,Triathlon,38447.0,2026-01-15 10:29:29,
451,83440,2026-01-16 12:08:00,Triathlon,38636.0,2026-01-16 14:46:16,Bonne préparation.
452,83440,2026-01-20 18:01:00,Triathlon,30948.0,2026-01-20 20:34:50,
453,83440,2026-01-21 18:13:00,Triathlon,9786.0,2026-01-21 19:20:18,Entraînement complet.
454,83440,2026-01-22 18:04:00,Triathlon,8948.0,2026-01-22 18:27:23,
455,83440,2026-01-25 19:08:00,Triathlon,32548.0,2026-01-25 21:27:35,Entraînement complet.
456,83440,2026-01-26 12:55:00,Triathlon,29739.0,2026-01-26 15:02:22,Bonne préparation.
457,83440,2026-01-27 18:55:00,Triathlon,13715.0,2026-01-27 19:39:35,Entraînement complet.
458,83440,2026-01-28 07:11:00,Triathlon,30759.0,2026-01-28 09:03:07,Bonne préparation.
459,83440,2026-02-01 09:29:00,Triathlon,32795.0,2026-02-01 11:28:11,
460,83440,2026-02-06 08:29:00,Triathlon,27685.0,2026-02-06 11:07:28,
461,83440,2026-02-07 18:48:00,Triathlon,12395.0,2026-02-07 20:15:20,Bonne préparation.
462,83440,2026-02-08 07:06:00,Triathlon,7200.0,2026-02-08 07:34:32,Bonne préparation.
463,83440,2026-02-09 18:55:00,Triathlon,8190.0,2026-02-09 19:36:14,
464,83440,2026-02-12 12:28:00,Triathlon,20357.0,2026-02-12 13:41:25,
465,83440,2026-02-14 08:32:00,Triathlon,23957.0,2026-02-14 10:34:22,Bonne préparation.
466,83440,2026-02-15 09:56:00,Triathlon,14388.0,2026-02-15 10:32:19,Bonne préparation.
467,83440,2026-02-17 08:26:00,Triathlon,24693.0,2026-02-17 10:25:28,Bonne préparation.
468,83440,2026-02-19 17:56:00,Triathlon,16477.0,2026-02-19 18:50:52,Entraînement complet.
469,83440,2026-02-20 17:31:00,Triathlon,8072.0,2026-02-20 17:51:34,Bonne préparation.
470,83440,2026-02-21 18:24:00,Triathlon,39371.0,2026-02-21 21:24:20,Entraînement complet.
471,83440,2026-02-23 19:34:00,Triathlon,36032.0,2026-02-23 22:36:21,
472,83440,2026-02-24 09:54:00,Triathlon,14460.0,2026-02-24 10:35:32,
473,83440,2026-02-25 17:26:00,Triathlon,32296.0,2026-02-25 19:20:33,
474,83440,2026-02-28 12:15:00,Triathlon,21711.0,2026-02-28 14:10:45,Bonne préparation.
475,83440,2026-03-01 17:46:00,Triathlon,17483.0,2026-03-01 19:44:52,Entraînement complet.
476,83440,2026-03-03 18:38:00,Triathlon,7591.0,2026-03-03 18:58:43,
477,83440,2026-03-04 19:48:00,Triathlon,19222.0,2026-03-04 21:01:36,Entraînement complet.
478,83440,2026-03-08 18:48:00,Triathlon,36386.0,2026-03-08 20:24:28,Bonne préparation.
479,83440,2026-03-09 17:45:00,Triathlon,18402.0,2026-03-09 19:01:58,
480,83440,2026-03-13 17:20:00,Triathlon,23550.0,2026-03-13 19:00:17,Bonne préparation.
481,83440,2026-03-14 18:22:00,Triathlon,25212.0,2026-03-14 20:26:09,Bonne préparation.
482,83440,2026-03-15 08:23:00,Triathlon,25507.0,2026-03-15 10:07:40,Bonne préparation.
483,83440,2026-03-17 19:14:00,Triathlon,14563.0,2026-03-17 20:59:47,Bonne préparation.
484,83440,2026-03-18 17:37:00,Triathlon,32366.0,2026-03-18 20:09:38,
485,83440,2026-03-21 09:14:00,Triathlon,29893.0,2026-03-21 10:58:47,
486,83440,2026-03-24 19:52:00,Triathlon,37022.0,2026-03-24 21:26:40,Bonne préparation.
487,83440,2026-03-26 18:31:00,Triathlon,35200.0,2026-03-26 21:48:32,Entraînement complet.
488,83440,2026-03-27 08:08:00,Triathlon,37002.0,2026-03-27 11:30:51,Bonne préparation.
489,83440,2026-03-28 18:03:00,Triathlon,39337.0,2026-03-28 22:39:20,
490,83440,2026-03-29 08:04:00,Triathlon,14897.0,2026-03-29 09:53:43,Bonne préparation.
491,83440,2026-03-30 12:23:00,Triathlon,8961.0,2026-03-30 12:53:04,Bonne préparation.
492,83440,2026-03-31 17:58:00,Triathlon,36667.0,2026-03-31 19:56:37,
493,83440,2026-04-01 07:34:00,Triathlon,31957.0,2026-04-01 11:28:08,Bonne préparation.
494,83440,2026-04-04 18:17:00,Triathlon,23788.0,2026-04-04 21:09:30,Bonne préparation.
495,83440,2026-04-05 08:15:00,Triathlon,17578.0,2026-04-05 09:13:52,Entraînement complet.
496,83440,2026-04-06 19:22:00,Triathlon,22519.0,2026-04-06 20:27:13,
497,83440,2026-04-07 09:25:00,Triathlon,35080.0,2026-04-07 11:28:31,Bonne préparation.
498,83440,2026-04-08 08:19:00,Triathlon,10283.0,2026-04-08 08:52:25,Bonne préparation.
499,83440,2026-04-09 19:02:00,Triathlon,11127.0,2026-04-09 19:48:06,Entraînement complet.
500,83440,2026-04-12 12:54:00,Triathlon,33436.0,2026-04-12 14:43:31,Entraînement complet.
501,83440,2026-04-13 17:54:00,Triathlon,11249.0,2026-04-13 18:24:15,
502,83440,2026-04-15 08:13:00,Triathlon,36162.0,2026-04-15 11:08:52,
503,83440,2026-04-16 18:59:00,Triathlon,23374.0,2026-04-16 20:01:38,Bonne préparation.
504,83440,2026-04-17 18:02:00,Triathlon,16754.0,2026-04-17 18:45:58,Entraînement complet.
505,83440,2026-04-20 19:52:00,Triathlon,31102.0,2026-04-20 21:13:38,Entraînement complet.
506,83440,2026-04-23 08:36:00,Triathlon,20759.0,2026-04-23 09:48:59,Entraînement complet.
507,83440,2026-04-25 18:57:00,Triathlon,26740.0,2026-04-25 20:50:27,Bonne préparation.
508,83440,2026-04-26 17:47:00,Triathlon,27666.0,2026-04-26 20:54:22,Entraînement complet.
509,83440,2026-05-01 08:53:00,Triathlon,9981.0,2026-05-01 09:37:32,Bonne préparation.
510,83440,2026-05-02 17:25:00,Triathlon,26389.0,2026-05-02 20:31:51,Entraînement complet.
511,83440,2026-05-04 12:11:00,Triathlon,29908.0,2026-05-04 15:22:29,Bonne préparation.
512,83440,2026-05-05 09:51:00,Triathlon,21151.0,2026-05-05 10:56:23,
513,83440,2026-05-06 09:09:00,Triathlon,29903.0,2026-05-06 10:41:33,Bonne préparation.
514,83440,2026-05-09 08:47:00,Triathlon,30534.0,2026-05-09 11:07:12,
515,83440,2026-05-10 09:48:00,Triathlon,22679.0,2026-05-10 12:09:13,
516,83440,2026-05-12 08:27:00,Triathlon,34415.0,2026-05-12 10:29:06,Bonne préparation.
517,83440,2026-05-13 12:06:00,Triathlon,6721.0,2026-05-13 12:48:45,Bonne préparation.
518,83440,2026-05-19 19:24:00,Triathlon,5808.0,2026-05-19 19:51:30,Entraînement complet.
519,83440,2026-05-21 19:05:00,Triathlon,20908.0,2026-05-21 20:18:09,
520,83440,2026-05-23 18:24:00,Triathlon,16108.0,2026-05-23 19:58:33,Entraînement complet.
521,83440,2026-05-24 12:17:00,Triathlon,32597.0,2026-05-24 14:49:51,
522,83440,2026-05-25 09:16:00,Triathlon,21160.0,2026-05-25 10:21:00,Entraînement complet.
523,83440,2026-05-27 17:39:00,Triathlon,17815.0,2026-05-27 18:48:45,
524,83440,2026-05-29 09:00:00,Triathlon,30932.0,2026-05-29 11:19:23,Bonne préparation.
525,83440,2026-06-02 12:52:00,Triathlon,13921.0,2026-06-02 13:57:13,Bonne préparation.
526,83440,2026-06-03 18:12:00,Triathlon,36392.0,2026-06-03 20:59:37,Entraînement complet.
527,83440,2026-06-05 09:18:00,Triathlon,37178.0,2026-06-05 10:52:59,
528,83440,2026-06-06 09:24:00,Triathlon,23369.0,2026-06-06 10:30:34,Entraînement complet.
529,83440,2026-06-07 18:49:00,Triathlon,6763.0,2026-06-07 19:06:27,Entraînement complet.
530,83440,2026-06-08 18:13:00,Triathlon,33734.0,2026-06-08 19:50:29,Bonne préparation.
531,83440,2026-06-11 07:52:00,Triathlon,31813.0,2026-06-11 09:33:42,
532,83440,2026-06-12 18:19:00,Triathlon,20861.0,2026-06-12 20:02:56,
533,83440,2026-06-14 12:37:00,Triathlon,31267.0,2026-06-14 14:30:21,Bonne préparation.
534,83440,2026-06-16 12:34:00,Triathlon,7409.0,2026-06-16 12:55:32,Entraînement complet.
535,83440,2026-06-17 18:57:00,Triathlon,10569.0,2026-06-17 20:02:02,
536,83440,2026-06-19 18:42:00,Triathlon,28265.0,2026-06-19 21:21:04,Bonne préparation.
537,83440,2026-06-20 07:36:00,Triathlon,31189.0,2026-06-20 08:55:44,Entraînement complet.
538,83440,2026-06-21 08:32:00,Triathlon,38999.0,2026-06-21 10:50:14,Bonne préparation.
539,83440,2026-06-23 17:14:00,Triathlon,34214.0,2026-06-23 19:40:47,Entraînement complet.
540,83440,2026-06-26 19:43:00,Triathlon,37798.0,2026-06-26 23:20:49,
541,83440,2026-06-27 12:06:00,Triathlon,24361.0,2026-06-27 13:45:44,
542,83440,2026-06-29 09:19:00,Triathlon,27483.0,2026-06-29 11:06:53,
543,83440,2026-07-03 17:30:00,Triathlon,27826.0,2026-07-03 19:16:54,Entraînement complet.
544,83440,2026-07-04 18:44:00,Triathlon,34651.0,2026-07-04 21:22:41,Entraînement complet.
545,83440,2026-07-05 07:54:00,Triathlon,27483.0,2026-07-05 09:23:47,Bonne préparation.
546,83440,2026-07-10 19:10:00,Triathlon,20985.0,2026-07-10 20:27:27,Bonne préparation.
547,83440,2026-07-11 08:21:00,Triathlon,32942.0,2026-07-11 09:45:42,
548,83440,2026-07-13 12:01:00,Triathlon,17931.0,2026-07-13 13:11:49,Entraînement complet.
549,83440,2026-07-15 12:00:00,Triathlon,19076.0,2026-07-15 13:41:21,Bonne préparation.
550,83440,2026-07-17 19:50:00,Triathlon,9100.0,2026-07-17 20:21:41,Bonne préparation.
551,83440,2026-07-18 08:23:00,Triathlon,26363.0,2026-07-18 10:44:49,
552,83440,2026-07-19 17:24:00,Triathlon,30725.0,2026-07-19 19:10:00,Entraînement complet.
553,83440,2026-07-20 09:54:00,Triathlon,35006.0,2026-07-20 11:51:29,Bonne préparation.
554,33386,2025-07-24 07:43:00,Randonnée,8389.0,2025-07-24 09:50:46,Très beau parcours.
555,33386,2025-07-26 09:07:00,Randonnée,9998.0,2025-07-26 11:32:36,Très beau parcours.
556,33386,2025-07-30 08:36:00,Randonnée,16573.0,2025-07-30 12:28:55,Nouveau sentier découvert.
557,33386,2025-07-31 18:34:00,Randonnée,9676.0,2025-07-31 20:38:27,Nouveau sentier découvert.
558,33386,2025-08-02 09:08:00,Randonnée,10130.0,2025-08-02 11:42:07,Nouveau sentier découvert.
559,33386,2025-08-03 12:08:00,Randonnée,10393.0,2025-08-03 14:02:31,Nouveau sentier découvert.
560,33386,2025-08-05 12:43:00,Randonnée,20112.0,2025-08-05 17:27:09,Nouveau sentier découvert.
561,33386,2025-08-09 12:10:00,Randonnée,6708.0,2025-08-09 13:35:42,Très beau parcours.
562,33386,2025-08-10 08:34:00,Randonnée,13459.0,2025-08-10 12:24:25,Nouveau sentier découvert.
563,33386,2025-08-12 17:47:00,Randonnée,20230.0,2025-08-12 22:08:05,
564,33386,2025-08-17 19:23:00,Randonnée,21761.0,2025-08-17 23:21:47,
565,33386,2025-08-19 19:46:00,Randonnée,18462.0,2025-08-19 23:44:47,Nouveau sentier découvert.
566,33386,2025-08-21 07:47:00,Randonnée,12111.0,2025-08-21 10:53:39,
567,33386,2025-08-26 19:52:00,Randonnée,6850.0,2025-08-26 21:27:12,
568,33386,2025-08-30 19:51:00,Randonnée,11764.0,2025-08-30 23:05:28,Une randonnée à refaire.
569,33386,2025-09-03 08:39:00,Randonnée,8562.0,2025-09-03 10:14:56,Très beau parcours.
570,33386,2025-09-04 19:03:00,Randonnée,22680.0,2025-09-05 00:38:48,Une randonnée à refaire.
571,33386,2025-09-05 17:34:00,Randonnée,9517.0,2025-09-05 19:57:48,Une randonnée à refaire.
572,33386,2025-09-09 19:32:00,Randonnée,7120.0,2025-09-09 21:37:24,Nouveau sentier découvert.
573,33386,2025-09-11 07:17:00,Randonnée,8157.0,2025-09-11 08:52:53,Très beau parcours.
574,33386,2025-09-15 18:20:00,Randonnée,12111.0,2025-09-15 20:37:31,Nouveau sentier découvert.
575,33386,2025-09-22 18:17:00,Randonnée,24572.0,2025-09-23 00:04:30,Nouveau sentier découvert.
576,33386,2025-09-25 07:40:00,Randonnée,7050.0,2025-09-25 09:20:31,Une randonnée à refaire.
577,33386,2025-09-30 09:37:00,Randonnée,4081.0,2025-09-30 10:20:40,
578,33386,2025-10-01 18:29:00,Randonnée,24802.0,2025-10-01 23:27:05,Une randonnée à refaire.
579,33386,2025-10-03 19:04:00,Randonnée,21512.0,2025-10-04 00:11:49,Nouveau sentier découvert.
580,33386,2025-10-08 09:20:00,Randonnée,13292.0,2025-10-08 12:38:43,Très beau parcours.
581,33386,2025-10-14 18:48:00,Randonnée,5586.0,2025-10-14 20:34:49,Nouveau sentier découvert.
582,33386,2025-10-15 07:07:00,Randonnée,9176.0,2025-10-15 09:14:20,
583,33386,2025-10-18 12:12:00,Randonnée,8322.0,2025-10-18 13:40:26,Une randonnée à refaire.
584,33386,2025-10-25 09:05:00,Randonnée,15810.0,2025-10-25 13:17:53,Une randonnée à refaire.
585,33386,2025-10-26 12:40:00,Randonnée,14010.0,2025-10-26 15:22:21,Très beau parcours.
586,33386,2025-10-27 12:41:00,Randonnée,6988.0,2025-10-27 14:03:02,
587,33386,2025-10-31 08:30:00,Randonnée,6553.0,2025-10-31 10:25:42,Très beau parcours.
588,33386,2025-11-02 07:44:00,Randonnée,15258.0,2025-11-02 10:31:56,Nouveau sentier découvert.
589,33386,2025-11-05 18:08:00,Randonnée,19653.0,2025-11-06 00:15:04,Nouveau sentier découvert.
590,33386,2025-11-07 07:46:00,Randonnée,7356.0,2025-11-07 09:59:21,Une randonnée à refaire.
591,33386,2025-11-10 19:52:00,Randonnée,8362.0,2025-11-10 21:33:53,Très beau parcours.
592,33386,2025-11-12 07:33:00,Randonnée,22457.0,2025-11-12 14:58:22,Très beau parcours.
593,33386,2025-11-18 08:40:00,Randonnée,8960.0,2025-11-18 10:13:20,Nouveau sentier découvert.
594,33386,2025-11-21 19:13:00,Randonnée,6840.0,2025-11-21 20:25:08,Très beau parcours.
595,33386,2025-11-27 18:24:00,Randonnée,15519.0,2025-11-27 21:02:06,Une randonnée à refaire.
596,33386,2025-12-01 09:41:00,Randonnée,6760.0,2025-12-01 11:29:19,Une randonnée à refaire.
597,33386,2025-12-07 08:33:00,Randonnée,23887.0,2025-12-07 13:49:29,Nouveau sentier découvert.
598,33386,2025-12-09 09:41:00,Randonnée,5788.0,2025-12-09 10:45:54,Très beau parcours.
599,33386,2025-12-12 12:24:00,Randonnée,7694.0,2025-12-12 14:27:59,
600,33386,2025-12-14 08:24:00,Randonnée,22624.0,2025-12-14 13:42:27,Très beau parcours.
601,33386,2025-12-16 19:30:00,Randonnée,6391.0,2025-12-16 21:35:43,
602,33386,2025-12-19 07:16:00,Randonnée,11069.0,2025-12-19 10:48:54,
603,33386,2025-12-23 18:45:00,Randonnée,20418.0,2025-12-23 22:36:05,Nouveau sentier découvert.
604,33386,2025-12-25 18:25:00,Randonnée,6700.0,2025-12-25 19:46:41,Très beau parcours.
605,33386,2025-12-28 07:32:00,Randonnée,10658.0,2025-12-28 09:19:58,Très beau parcours.
606,33386,2025-12-30 17:20:00,Randonnée,16803.0,2025-12-30 20:51:50,
607,33386,2026-01-07 18:54:00,Randonnée,11819.0,2026-01-07 22:37:26,
608,33386,2026-01-09 12:07:00,Randonnée,18856.0,2026-01-09 16:00:54,
609,33386,2026-01-16 18:47:00,Randonnée,9755.0,2026-01-16 21:41:17,Très beau parcours.
610,33386,2026-01-17 18:00:00,Randonnée,9368.0,2026-01-17 20:05:12,Une randonnée à refaire.
611,33386,2026-01-20 08:23:00,Randonnée,8159.0,2026-01-20 09:56:15,Une randonnée à refaire.
612,33386,2026-01-22 18:56:00,Randonnée,7868.0,2026-01-22 20:24:50,
613,33386,2026-01-23 09:51:00,Randonnée,18068.0,2026-01-23 14:35:06,
614,33386,2026-01-29 18:04:00,Randonnée,20257.0,2026-01-29 22:42:25,Une randonnée à refaire.
615,33386,2026-01-30 07:31:00,Randonnée,22575.0,2026-01-30 13:57:56,Très beau parcours.
616,33386,2026-02-01 17:43:00,Randonnée,7779.0,2026-02-01 19:49:39,
617,33386,2026-02-07 07:54:00,Randonnée,4402.0,2026-02-07 09:04:44,Nouveau sentier découvert.
618,33386,2026-02-09 08:59:00,Randonnée,5158.0,2026-02-09 10:05:26,Nouveau sentier découvert.
619,33386,2026-02-11 08:20:00,Randonnée,12135.0,2026-02-11 11:11:22,Une randonnée à refaire.
620,33386,2026-02-15 17:23:00,Randonnée,7912.0,2026-02-15 19:08:21,
621,33386,2026-02-21 08:14:00,Randonnée,20900.0,2026-02-21 11:44:58,Nouveau sentier découvert.
622,33386,2026-02-25 19:18:00,Randonnée,14180.0,2026-02-25 22:51:40,Nouveau sentier découvert.
623,33386,2026-03-03 08:18:00,Randonnée,22474.0,2026-03-03 12:29:53,Très beau parcours.
624,33386,2026-03-10 12:49:00,Randonnée,10403.0,2026-03-10 14:49:06,Très beau parcours.
625,33386,2026-03-12 08:00:00,Randonnée,17436.0,2026-03-12 13:40:35,Une randonnée à refaire.
626,33386,2026-03-15 09:00:00,Randonnée,16329.0,2026-03-15 11:56:37,Une randonnée à refaire.
627,33386,2026-03-20 07:13:00,Randonnée,21360.0,2026-03-20 10:48:25,Nouveau sentier découvert.
628,33386,2026-03-21 12:03:00,Randonnée,8665.0,2026-03-21 13:44:15,
629,33386,2026-03-23 19:33:00,Randonnée,17535.0,2026-03-23 22:59:11,Une randonnée à refaire.
630,33386,2026-03-29 17:06:00,Randonnée,20561.0,2026-03-29 23:08:47,Nouveau sentier découvert.
631,33386,2026-04-03 07:37:00,Randonnée,22606.0,2026-04-03 14:42:37,Très beau parcours.
632,33386,2026-04-07 09:54:00,Randonnée,14322.0,2026-04-07 12:22:43,Nouveau sentier découvert.
633,33386,2026-04-14 09:28:00,Randonnée,12911.0,2026-04-14 12:57:19,Très beau parcours.
634,33386,2026-04-17 08:49:00,Randonnée,23159.0,2026-04-17 15:46:40,
635,33386,2026-04-18 08:28:00,Randonnée,19271.0,2026-04-18 13:21:19,
636,33386,2026-04-20 09:29:00,Randonnée,12683.0,2026-04-20 11:45:56,
637,33386,2026-04-21 08:51:00,Randonnée,13968.0,2026-04-21 11:23:57,
638,33386,2026-04-22 08:53:00,Randonnée,14741.0,2026-04-22 13:09:44,Très beau parcours.
639,33386,2026-04-29 07:43:00,Randonnée,13792.0,2026-04-29 11:21:53,Très beau parcours.
640,33386,2026-04-30 07:25:00,Randonnée,18817.0,2026-04-30 11:26:52,Très beau parcours.
641,33386,2026-05-06 07:51:00,Randonnée,8580.0,2026-05-06 10:24:01,
642,33386,2026-05-11 08:52:00,Randonnée,17126.0,2026-05-11 13:01:36,
643,33386,2026-05-17 07:04:00,Randonnée,10479.0,2026-05-17 08:54:10,Nouveau sentier découvert.
644,33386,2026-05-19 19:08:00,Randonnée,7013.0,2026-05-19 20:21:37,Une randonnée à refaire.
645,33386,2026-05-21 07:02:00,Randonnée,19105.0,2026-05-21 13:05:41,Nouveau sentier découvert.
646,33386,2026-05-24 12:43:00,Randonnée,17980.0,2026-05-24 17:49:37,Très beau parcours.
647,33386,2026-05-27 08:17:00,Randonnée,13170.0,2026-05-27 11:19:09,Très beau parcours.
648,33386,2026-05-30 07:39:00,Randonnée,24289.0,2026-05-30 12:39:25,Une randonnée à refaire.
649,33386,2026-06-03 12:03:00,Randonnée,6874.0,2026-06-03 13:50:26,Très beau parcours.
650,33386,2026-06-04 12:12:00,Randonnée,21229.0,2026-06-04 17:51:54,
651,33386,2026-06-12 09:30:00,Randonnée,21842.0,2026-06-12 13:35:13,Une randonnée à refaire.
652,33386,2026-06-13 17:32:00,Randonnée,14538.0,2026-06-13 21:01:25,Très beau parcours.
653,33386,2026-06-16 17:14:00,Randonnée,4960.0,2026-06-16 18:06:20,Une randonnée à refaire.
654,33386,2026-06-27 12:33:00,Randonnée,15712.0,2026-06-27 15:30:51,Très beau parcours.
655,33386,2026-06-28 08:42:00,Randonnée,11902.0,2026-06-28 11:49:57,
656,33386,2026-07-09 19:51:00,Randonnée,16727.0,2026-07-09 23:57:56,Très beau parcours.
657,33386,2026-07-13 17:20:00,Randonnée,15756.0,2026-07-13 20:04:38,
658,33386,2026-07-19 17:12:00,Randonnée,20129.0,2026-07-19 21:33:03,Très beau parcours.
659,33386,2026-07-20 12:02:00,Randonnée,6957.0,2026-07-20 14:13:44,Très beau parcours.
660,25701,2025-07-20 09:58:00,Runing,13061.0,2025-07-20 11:33:28,Bonne sortie !
661,25701,2025-08-01 08:58:00,Runing,16146.0,2025-08-01 10:18:17,Reprise du sport :)
662,25701,2025-09-07 09:45:00,Runing,13848.0,2025-09-07 11:13:38,
663,25701,2025-09-16 09:08:00,Runing,5580.0,2025-09-16 09:37:23,Très bonnes sensations.
664,25701,2025-09-26 09:11:00,Runing,14586.0,2025-09-26 10:19:18,Reprise du sport :)
665,25701,2025-10-14 18:44:00,Runing,7825.0,2025-10-14 19:44:28,
666,25701,2025-10-25 19:36:00,Runing,3530.0,2025-10-25 20:02:10,Reprise du sport :)
667,25701,2025-11-10 09:47:00,Runing,4274.0,2025-11-10 10:17:26,Reprise du sport :)
668,25701,2025-12-03 07:16:00,Runing,6435.0,2025-12-03 08:01:26,
669,25701,2025-12-09 19:06:00,Runing,14803.0,2025-12-09 21:12:45,Très bonnes sensations.
670,25701,2025-12-19 12:10:00,Runing,17492.0,2025-12-19 14:00:40,Très bonnes sensations.
671,25701,2025-12-25 12:06:00,Runing,16579.0,2025-12-25 13:46:43,Bonne sortie !
672,25701,2026-01-04 19:54:00,Runing,3547.0,2026-01-04 20:18:16,Reprise du sport :)
673,25701,2026-01-11 07:21:00,Runing,5787.0,2026-01-11 07:49:10,Bonne sortie !
674,25701,2026-02-05 17:57:00,Runing,10909.0,2026-02-05 18:55:18,Très bonnes sensations.
675,25701,2026-02-16 07:06:00,Runing,8424.0,2026-02-16 08:07:23,Bonne sortie !
676,25701,2026-02-27 17:46:00,Runing,14959.0,2026-02-27 19:13:39,Reprise du sport :)
677,25701,2026-03-02 07:03:00,Runing,9437.0,2026-03-02 07:57:17,Très bonnes sensations.
678,25701,2026-03-22 12:05:00,Runing,7825.0,2026-03-22 12:44:19,Très bonnes sensations.
679,25701,2026-05-03 12:54:00,Runing,4892.0,2026-05-03 13:27:10,Très bonnes sensations.
680,25701,2026-05-13 18:16:00,Runing,4493.0,2026-05-13 18:40:51,Très bonnes sensations.
681,25701,2026-05-27 09:11:00,Runing,10303.0,2026-05-27 10:36:04,Très bonnes sensations.
682,25701,2026-06-02 08:53:00,Runing,7400.0,2026-06-02 09:35:45,Bonne sortie !
683,25701,2026-06-27 17:26:00,Runing,15393.0,2026-06-27 18:53:38,
684,25701,2026-07-04 17:26:00,Runing,11773.0,2026-07-04 18:29:31,Très bonnes sensations.
685,25701,2026-07-14 07:25:00,Runing,17791.0,2026-07-14 08:53:03,
686,43124,2025-07-21 08:13:00,Équitation,,2025-07-21 09:22:00,Bonne séance.
687,43124,2025-08-03 18:27:00,Équitation,,2025-08-03 19:37:00,Bonne séance.
688,43124,2025-08-12 18:58:00,Équitation,,2025-08-12 19:51:00,
689,43124,2025-08-21 12:35:00,Équitation,,2025-08-21 14:01:00,Entraînement terminé.
690,43124,2025-08-30 07:50:00,Équitation,,2025-08-30 09:50:00,Très bonnes sensations.
691,43124,2025-09-08 08:36:00,Équitation,,2025-09-08 10:36:00,
692,43124,2025-10-04 17:56:00,Équitation,,2025-10-04 19:25:00,Très bonnes sensations.
693,43124,2025-10-08 18:31:00,Équitation,,2025-10-08 20:29:00,Très bonnes sensations.
694,43124,2025-10-29 08:39:00,Équitation,,2025-10-29 10:15:00,
695,43124,2025-11-04 18:15:00,Équitation,,2025-11-04 19:06:00,Très bonnes sensations.
696,43124,2025-11-11 07:21:00,Équitation,,2025-11-11 08:44:00,Entraînement terminé.
697,43124,2025-11-22 12:54:00,Équitation,,2025-11-22 13:51:00,Bonne séance.
698,43124,2025-12-05 12:49:00,Équitation,,2025-12-05 14:15:00,Entraînement terminé.
699,43124,2025-12-11 18:05:00,Équitation,,2025-12-11 19:14:00,Très bonnes sensations.
700,43124,2025-12-26 12:48:00,Équitation,,2025-12-26 14:39:00,Entraînement terminé.
701,43124,2026-01-23 17:25:00,Équitation,,2026-01-23 18:27:00,
702,43124,2026-03-08 09:45:00,Équitation,,2026-03-08 10:55:00,Entraînement terminé.
703,43124,2026-03-21 12:32:00,Équitation,,2026-03-21 14:07:00,
704,43124,2026-04-08 17:28:00,Équitation,,2026-04-08 18:35:00,Très bonnes sensations.
705,43124,2026-04-14 08:53:00,Équitation,,2026-04-14 10:11:00,
706,43124,2026-04-19 12:03:00,Équitation,,2026-04-19 13:08:00,Bonne séance.
707,43124,2026-05-22 12:32:00,Équitation,,2026-05-22 13:19:00,
708,43124,2026-05-25 18:11:00,Équitation,,2026-05-25 18:57:00,Bonne séance.
709,43124,2026-06-04 19:19:00,Équitation,,2026-06-04 20:39:00,Très bonnes sensations.
710,43124,2026-06-13 09:29:00,Équitation,,2026-06-13 10:46:00,Bonne séance.
711,43124,2026-06-16 18:33:00,Équitation,,2026-06-16 20:08:00,
712,43124,2026-07-02 18:38:00,Équitation,,2026-07-02 19:59:00,Entraînement terminé.
713,43124,2026-07-12 09:17:00,Équitation,,2026-07-12 10:43:00,Entraînement terminé.
714,43124,2026-07-20 08:09:00,Équitation,,2026-07-20 10:00:00,Bonne séance.
715,56632,2025-07-21 07:41:00,Voile,,2025-07-21 10:48:00,Entraînement terminé.
716,56632,2025-07-22 09:58:00,Voile,,2025-07-22 12:45:00,Très bonnes sensations.
717,56632,2025-07-23 12:47:00,Voile,,2025-07-23 13:56:00,Bonne séance.
718,56632,2025-07-24 09:46:00,Voile,,2025-07-24 11:42:00,Très bonnes sensations.
719,56632,2025-07-25 18:22:00,Voile,,2025-07-25 21:31:00,Entraînement terminé.
720,56632,2025-07-31 08:18:00,Voile,,2025-07-31 09:42:00,Très bonnes sensations.
721,56632,2025-08-01 08:47:00,Voile,,2025-08-01 10:53:00,Bonne séance.
722,56632,2025-08-02 18:57:00,Voile,,2025-08-02 21:22:00,
723,56632,2025-08-04 12:50:00,Voile,,2025-08-04 15:14:00,Entraînement terminé.
724,56632,2025-08-05 09:37:00,Voile,,2025-08-05 11:52:00,Très bonnes sensations.
725,56632,2025-08-09 19:07:00,Voile,,2025-08-09 22:07:00,
726,56632,2025-08-10 08:32:00,Voile,,2025-08-10 10:02:00,Très bonnes sensations.
727,56632,2025-08-11 17:19:00,Voile,,2025-08-11 20:04:00,
728,56632,2025-08-14 19:54:00,Voile,,2025-08-14 21:32:00,Bonne séance.
729,56632,2025-08-15 08:21:00,Voile,,2025-08-15 11:05:00,Très bonnes sensations.
730,56632,2025-08-16 08:20:00,Voile,,2025-08-16 10:06:00,
731,56632,2025-08-18 18:03:00,Voile,,2025-08-18 19:04:00,Très bonnes sensations.
732,56632,2025-08-19 09:13:00,Voile,,2025-08-19 10:56:00,Bonne séance.
733,56632,2025-08-22 12:50:00,Voile,,2025-08-22 14:12:00,Bonne séance.
734,56632,2025-08-23 17:27:00,Voile,,2025-08-23 21:09:00,Très bonnes sensations.
735,56632,2025-08-24 07:34:00,Voile,,2025-08-24 09:25:00,Entraînement terminé.
736,56632,2025-08-27 07:57:00,Voile,,2025-08-27 10:19:00,Bonne séance.
737,56632,2025-08-29 07:43:00,Voile,,2025-08-29 08:44:00,Bonne séance.
738,56632,2025-08-30 08:44:00,Voile,,2025-08-30 11:12:00,Entraînement terminé.
739,56632,2025-08-31 17:19:00,Voile,,2025-08-31 19:01:00,
740,56632,2025-09-03 19:02:00,Voile,,2025-09-03 21:18:00,Entraînement terminé.
741,56632,2025-09-04 12:46:00,Voile,,2025-09-04 15:59:00,Entraînement terminé.
742,56632,2025-09-08 09:48:00,Voile,,2025-09-08 11:36:00,Bonne séance.
743,56632,2025-09-09 19:25:00,Voile,,2025-09-09 20:29:00,Bonne séance.
744,56632,2025-09-10 08:46:00,Voile,,2025-09-10 10:19:00,Bonne séance.
745,56632,2025-09-12 18:01:00,Voile,,2025-09-12 21:31:00,Bonne séance.
746,56632,2025-09-14 12:56:00,Voile,,2025-09-14 16:39:00,Entraînement terminé.
747,56632,2025-09-16 19:34:00,Voile,,2025-09-16 23:13:00,
748,56632,2025-09-19 17:03:00,Voile,,2025-09-19 20:52:00,
749,56632,2025-09-21 12:24:00,Voile,,2025-09-21 13:55:00,Entraînement terminé.
750,56632,2025-09-22 12:44:00,Voile,,2025-09-22 14:23:00,Bonne séance.
751,56632,2025-09-25 18:43:00,Voile,,2025-09-25 22:24:00,
752,56632,2025-09-26 09:26:00,Voile,,2025-09-26 13:15:00,
753,56632,2025-09-27 18:33:00,Voile,,2025-09-27 20:42:00,Bonne séance.
754,56632,2025-09-28 09:07:00,Voile,,2025-09-28 10:34:00,Très bonnes sensations.
755,56632,2025-10-02 08:38:00,Voile,,2025-10-02 10:29:00,Entraînement terminé.
756,56632,2025-10-03 19:33:00,Voile,,2025-10-03 21:24:00,Entraînement terminé.
757,56632,2025-10-04 18:26:00,Voile,,2025-10-04 20:41:00,Bonne séance.
758,56632,2025-10-06 18:59:00,Voile,,2025-10-06 22:02:00,Entraînement terminé.
759,56632,2025-10-08 08:00:00,Voile,,2025-10-08 09:03:00,
760,56632,2025-10-09 07:53:00,Voile,,2025-10-09 11:19:00,Très bonnes sensations.
761,56632,2025-10-12 18:46:00,Voile,,2025-10-12 20:11:00,Entraînement terminé.
762,56632,2025-10-16 18:14:00,Voile,,2025-10-16 21:10:00,Entraînement terminé.
763,56632,2025-10-18 09:29:00,Voile,,2025-10-18 10:41:00,
764,56632,2025-10-19 09:51:00,Voile,,2025-10-19 13:44:00,Entraînement terminé.
765,56632,2025-10-21 12:47:00,Voile,,2025-10-21 14:16:00,
766,56632,2025-10-25 19:48:00,Voile,,2025-10-25 20:59:00,
767,56632,2025-10-27 09:22:00,Voile,,2025-10-27 12:14:00,Entraînement terminé.
768,56632,2025-10-31 18:05:00,Voile,,2025-10-31 20:40:00,Entraînement terminé.
769,56632,2025-11-01 08:07:00,Voile,,2025-11-01 10:49:00,Très bonnes sensations.
770,56632,2025-11-04 18:56:00,Voile,,2025-11-04 20:38:00,
771,56632,2025-11-05 08:44:00,Voile,,2025-11-05 09:59:00,Bonne séance.
772,56632,2025-11-06 07:26:00,Voile,,2025-11-06 10:57:00,Très bonnes sensations.
773,56632,2025-11-07 19:36:00,Voile,,2025-11-07 23:29:00,Très bonnes sensations.
774,56632,2025-11-11 17:01:00,Voile,,2025-11-11 20:56:00,Bonne séance.
775,56632,2025-11-12 12:58:00,Voile,,2025-11-12 16:02:00,
776,56632,2025-11-13 12:28:00,Voile,,2025-11-13 13:39:00,
777,56632,2025-11-16 18:55:00,Voile,,2025-11-16 21:21:00,
778,56632,2025-11-17 12:42:00,Voile,,2025-11-17 14:45:00,Très bonnes sensations.
779,56632,2025-11-18 09:42:00,Voile,,2025-11-18 13:35:00,Très bonnes sensations.
780,56632,2025-11-21 08:53:00,Voile,,2025-11-21 12:15:00,
781,56632,2025-11-24 19:30:00,Voile,,2025-11-24 22:36:00,Bonne séance.
782,56632,2025-11-27 07:48:00,Voile,,2025-11-27 10:53:00,Entraînement terminé.
783,56632,2025-11-28 08:21:00,Voile,,2025-11-28 10:32:00,
784,56632,2025-11-30 07:29:00,Voile,,2025-11-30 10:22:00,Très bonnes sensations.
785,56632,2025-12-01 07:54:00,Voile,,2025-12-01 11:01:00,Très bonnes sensations.
786,56632,2025-12-03 09:07:00,Voile,,2025-12-03 12:14:00,
787,56632,2025-12-04 07:25:00,Voile,,2025-12-04 10:10:00,
788,56632,2025-12-05 17:35:00,Voile,,2025-12-05 18:35:00,
789,56632,2025-12-08 18:29:00,Voile,,2025-12-08 20:56:00,Entraînement terminé.
790,56632,2025-12-09 19:03:00,Voile,,2025-12-09 21:00:00,Très bonnes sensations.
791,56632,2025-12-11 09:35:00,Voile,,2025-12-11 13:13:00,Très bonnes sensations.
792,56632,2025-12-12 18:42:00,Voile,,2025-12-12 21:15:00,Très bonnes sensations.
793,56632,2025-12-13 07:06:00,Voile,,2025-12-13 10:54:00,Bonne séance.
794,56632,2025-12-16 17:33:00,Voile,,2025-12-16 20:08:00,
795,56632,2025-12-19 07:57:00,Voile,,2025-12-19 09:39:00,Très bonnes sensations.
796,56632,2025-12-20 08:52:00,Voile,,2025-12-20 11:36:00,
797,56632,2025-12-21 19:25:00,Voile,,2025-12-21 21:20:00,Très bonnes sensations.
798,56632,2025-12-22 19:50:00,Voile,,2025-12-22 21:38:00,Entraînement terminé.
799,56632,2025-12-25 07:48:00,Voile,,2025-12-25 10:34:00,
800,56632,2025-12-26 18:53:00,Voile,,2025-12-26 22:45:00,
801,56632,2025-12-29 12:00:00,Voile,,2025-12-29 15:15:00,
802,56632,2025-12-31 17:59:00,Voile,,2025-12-31 20:49:00,Très bonnes sensations.
803,56632,2026-01-01 17:49:00,Voile,,2026-01-01 19:34:00,Bonne séance.
804,56632,2026-01-02 18:52:00,Voile,,2026-01-02 20:24:00,
805,56632,2026-01-06 17:56:00,Voile,,2026-01-06 20:34:00,Très bonnes sensations.
806,56632,2026-01-08 17:58:00,Voile,,2026-01-08 21:55:00,Bonne séance.
807,56632,2026-01-09 09:25:00,Voile,,2026-01-09 11:52:00,Entraînement terminé.
808,56632,2026-01-10 12:51:00,Voile,,2026-01-10 14:25:00,Bonne séance.
809,56632,2026-01-13 19:44:00,Voile,,2026-01-13 23:04:00,Entraînement terminé.
810,56632,2026-01-15 18:47:00,Voile,,2026-01-15 22:08:00,Bonne séance.
811,56632,2026-01-16 08:13:00,Voile,,2026-01-16 11:52:00,Entraînement terminé.
812,56632,2026-01-17 18:22:00,Voile,,2026-01-17 22:14:00,Bonne séance.
813,56632,2026-01-19 07:48:00,Voile,,2026-01-19 10:18:00,Très bonnes sensations.
814,56632,2026-01-20 17:36:00,Voile,,2026-01-20 21:26:00,Très bonnes sensations.
815,56632,2026-01-21 18:47:00,Voile,,2026-01-21 22:03:00,Entraînement terminé.
816,56632,2026-01-22 19:27:00,Voile,,2026-01-22 20:30:00,
817,56632,2026-01-23 07:24:00,Voile,,2026-01-23 09:01:00,
818,56632,2026-01-25 18:16:00,Voile,,2026-01-25 19:53:00,
819,56632,2026-01-26 18:50:00,Voile,,2026-01-26 21:05:00,Bonne séance.
820,56632,2026-01-27 19:34:00,Voile,,2026-01-27 20:42:00,Entraînement terminé.
821,56632,2026-01-28 19:28:00,Voile,,2026-01-28 20:54:00,Bonne séance.
822,56632,2026-01-30 18:41:00,Voile,,2026-01-30 22:04:00,Très bonnes sensations.
823,56632,2026-02-03 18:42:00,Voile,,2026-02-03 19:54:00,Très bonnes sensations.
824,56632,2026-02-05 12:26:00,Voile,,2026-02-05 16:21:00,Entraînement terminé.
825,56632,2026-02-06 17:03:00,Voile,,2026-02-06 18:06:00,Entraînement terminé.
826,56632,2026-02-09 18:45:00,Voile,,2026-02-09 22:30:00,Entraînement terminé.
827,56632,2026-02-11 19:37:00,Voile,,2026-02-11 22:56:00,Bonne séance.
828,56632,2026-02-12 19:46:00,Voile,,2026-02-12 21:35:00,Entraînement terminé.
829,56632,2026-02-15 08:47:00,Voile,,2026-02-15 11:58:00,
830,56632,2026-02-16 12:02:00,Voile,,2026-02-16 14:51:00,Entraînement terminé.
831,56632,2026-02-20 17:16:00,Voile,,2026-02-20 18:49:00,Bonne séance.
832,56632,2026-02-21 17:54:00,Voile,,2026-02-21 19:59:00,
833,56632,2026-02-22 08:59:00,Voile,,2026-02-22 11:21:00,
834,56632,2026-02-23 19:59:00,Voile,,2026-02-23 23:39:00,Entraînement terminé.
835,56632,2026-02-25 12:50:00,Voile,,2026-02-25 16:16:00,Entraînement terminé.
836,56632,2026-02-27 07:50:00,Voile,,2026-02-27 10:11:00,Bonne séance.
837,56632,2026-03-01 08:26:00,Voile,,2026-03-01 11:45:00,Très bonnes sensations.
838,56632,2026-03-05 07:22:00,Voile,,2026-03-05 09:18:00,Bonne séance.
839,56632,2026-03-07 18:21:00,Voile,,2026-03-07 20:45:00,Entraînement terminé.
840,56632,2026-03-09 17:52:00,Voile,,2026-03-09 21:38:00,
841,56632,2026-03-11 07:42:00,Voile,,2026-03-11 10:10:00,Très bonnes sensations.
842,56632,2026-03-12 08:57:00,Voile,,2026-03-12 12:41:00,Bonne séance.
843,56632,2026-03-13 07:43:00,Voile,,2026-03-13 10:05:00,Très bonnes sensations.
844,56632,2026-03-17 18:18:00,Voile,,2026-03-17 19:24:00,Entraînement terminé.
845,56632,2026-03-18 17:51:00,Voile,,2026-03-18 21:01:00,Très bonnes sensations.
846,56632,2026-03-19 12:02:00,Voile,,2026-03-19 14:17:00,Bonne séance.
847,56632,2026-03-22 19:34:00,Voile,,2026-03-22 22:50:00,
848,56632,2026-03-23 18:04:00,Voile,,2026-03-23 19:57:00,Bonne séance.
849,56632,2026-03-26 19:43:00,Voile,,2026-03-26 22:31:00,
850,56632,2026-03-27 08:34:00,Voile,,2026-03-27 12:33:00,Très bonnes sensations.
851,56632,2026-03-29 18:21:00,Voile,,2026-03-29 19:30:00,
852,56632,2026-03-30 07:03:00,Voile,,2026-03-30 08:48:00,Entraînement terminé.
853,56632,2026-04-02 17:04:00,Voile,,2026-04-02 20:31:00,Bonne séance.
854,56632,2026-04-03 09:26:00,Voile,,2026-04-03 12:05:00,Très bonnes sensations.
855,56632,2026-04-04 18:25:00,Voile,,2026-04-04 21:15:00,Entraînement terminé.
856,56632,2026-04-05 17:00:00,Voile,,2026-04-05 20:44:00,
857,56632,2026-04-08 19:47:00,Voile,,2026-04-08 23:16:00,
858,56632,2026-04-10 18:54:00,Voile,,2026-04-10 20:12:00,Entraînement terminé.
859,56632,2026-04-12 19:59:00,Voile,,2026-04-12 22:51:00,Très bonnes sensations.
860,56632,2026-04-13 12:52:00,Voile,,2026-04-13 16:41:00,
861,56632,2026-04-14 12:10:00,Voile,,2026-04-14 15:26:00,Bonne séance.
862,56632,2026-04-17 08:47:00,Voile,,2026-04-17 11:27:00,Entraînement terminé.
863,56632,2026-04-18 18:09:00,Voile,,2026-04-18 20:25:00,Entraînement terminé.
864,56632,2026-04-20 07:02:00,Voile,,2026-04-20 08:03:00,Très bonnes sensations.
865,56632,2026-04-23 17:35:00,Voile,,2026-04-23 18:56:00,Entraînement terminé.
866,56632,2026-04-25 08:47:00,Voile,,2026-04-25 11:15:00,Bonne séance.
867,56632,2026-04-27 08:14:00,Voile,,2026-04-27 11:51:00,Entraînement terminé.
868,56632,2026-04-30 08:07:00,Voile,,2026-04-30 09:53:00,
869,56632,2026-05-01 19:48:00,Voile,,2026-05-01 23:08:00,Très bonnes sensations.
870,56632,2026-05-02 18:35:00,Voile,,2026-05-02 19:53:00,Entraînement terminé.
871,56632,2026-05-03 17:31:00,Voile,,2026-05-03 19:55:00,Entraînement terminé.
872,56632,2026-05-04 08:42:00,Voile,,2026-05-04 12:29:00,Bonne séance.
873,56632,2026-05-05 07:18:00,Voile,,2026-05-05 10:56:00,
874,56632,2026-05-08 08:20:00,Voile,,2026-05-08 11:24:00,Très bonnes sensations.
875,56632,2026-05-09 09:39:00,Voile,,2026-05-09 13:27:00,Entraînement terminé.
876,56632,2026-05-11 12:10:00,Voile,,2026-05-11 13:11:00,Entraînement terminé.
877,56632,2026-05-12 08:50:00,Voile,,2026-05-12 10:46:00,Très bonnes sensations.
878,56632,2026-05-14 09:53:00,Voile,,2026-05-14 12:25:00,Bonne séance.
879,56632,2026-05-15 18:46:00,Voile,,2026-05-15 21:10:00,Très bonnes sensations.
880,56632,2026-05-16 12:28:00,Voile,,2026-05-16 14:59:00,Entraînement terminé.
881,56632,2026-05-17 19:17:00,Voile,,2026-05-17 20:52:00,Bonne séance.
882,56632,2026-05-18 09:46:00,Voile,,2026-05-18 13:26:00,
883,56632,2026-05-21 18:04:00,Voile,,2026-05-21 19:08:00,
884,56632,2026-05-22 19:37:00,Voile,,2026-05-22 23:05:00,Très bonnes sensations.
885,56632,2026-05-24 17:30:00,Voile,,2026-05-24 21:17:00,Bonne séance.
886,56632,2026-05-25 09:25:00,Voile,,2026-05-25 11:22:00,Entraînement terminé.
887,56632,2026-05-26 08:29:00,Voile,,2026-05-26 11:37:00,
888,56632,2026-05-27 12:23:00,Voile,,2026-05-27 15:31:00,
889,56632,2026-05-28 18:15:00,Voile,,2026-05-28 21:52:00,Bonne séance.
890,56632,2026-06-01 17:42:00,Voile,,2026-06-01 19:19:00,Très bonnes sensations.
891,56632,2026-06-02 09:02:00,Voile,,2026-06-02 10:58:00,Très bonnes sensations.
892,56632,2026-06-03 08:04:00,Voile,,2026-06-03 10:11:00,Entraînement terminé.
893,56632,2026-06-04 08:02:00,Voile,,2026-06-04 11:53:00,Bonne séance.
894,56632,2026-06-06 17:58:00,Voile,,2026-06-06 20:30:00,Très bonnes sensations.
895,56632,2026-06-07 07:45:00,Voile,,2026-06-07 10:58:00,Entraînement terminé.
896,56632,2026-06-09 19:47:00,Voile,,2026-06-09 21:54:00,Bonne séance.
897,56632,2026-06-10 12:41:00,Voile,,2026-06-10 15:17:00,Entraînement terminé.
898,56632,2026-06-12 17:41:00,Voile,,2026-06-12 19:00:00,Entraînement terminé.
899,56632,2026-06-15 19:55:00,Voile,,2026-06-15 22:23:00,Très bonnes sensations.
900,56632,2026-06-16 19:30:00,Voile,,2026-06-16 23:04:00,
901,56632,2026-06-17 17:56:00,Voile,,2026-06-17 19:31:00,Très bonnes sensations.
902,56632,2026-06-18 08:14:00,Voile,,2026-06-18 09:33:00,Entraînement terminé.
903,56632,2026-06-22 09:38:00,Voile,,2026-06-22 11:08:00,Bonne séance.
904,56632,2026-06-26 12:51:00,Voile,,2026-06-26 15:15:00,
905,56632,2026-06-27 12:43:00,Voile,,2026-06-27 15:45:00,Très bonnes sensations.
906,56632,2026-06-29 07:15:00,Voile,,2026-06-29 08:26:00,Bonne séance.
907,56632,2026-07-01 17:37:00,Voile,,2026-07-01 19:18:00,Bonne séance.
908,56632,2026-07-02 18:32:00,Voile,,2026-07-02 19:42:00,Bonne séance.
909,56632,2026-07-06 17:25:00,Voile,,2026-07-06 20:58:00,
910,56632,2026-07-07 18:46:00,Voile,,2026-07-07 22:35:00,Entraînement terminé.
911,56632,2026-07-11 07:13:00,Voile,,2026-07-11 10:07:00,Très bonnes sensations.
912,56632,2026-07-13 19:37:00,Voile,,2026-07-13 21:23:00,Entraînement terminé.
913,56632,2026-07-15 08:46:00,Voile,,2026-07-15 12:41:00,Entraînement terminé.
914,56632,2026-07-17 12:38:00,Voile,,2026-07-17 16:09:00,
915,56632,2026-07-18 08:24:00,Voile,,2026-07-18 11:02:00,Bonne séance.
916,56632,2026-07-19 17:55:00,Voile,,2026-07-19 21:04:00,Très bonnes sensations.
917,56632,2026-07-20 19:09:00,Voile,,2026-07-20 22:44:00,
918,17997,2025-08-15 08:57:00,Tennis de table,,2025-08-15 10:05:00,
919,17997,2025-08-21 12:23:00,Tennis de table,,2025-08-21 13:48:00,
920,17997,2025-08-25 19:30:00,Tennis de table,,2025-08-25 20:50:00,Très bonnes sensations.
921,17997,2025-09-04 19:47:00,Tennis de table,,2025-09-04 21:15:00,
922,17997,2025-09-08 09:30:00,Tennis de table,,2025-09-08 10:49:00,Bonne séance.
923,17997,2025-09-25 17:26:00,Tennis de table,,2025-09-25 18:12:00,Bonne séance.
924,17997,2025-10-31 08:44:00,Tennis de table,,2025-10-31 10:05:00,Entraînement terminé.
925,17997,2025-11-04 07:09:00,Tennis de table,,2025-11-04 08:06:00,Entraînement terminé.
926,17997,2025-11-15 17:27:00,Tennis de table,,2025-11-15 18:33:00,Entraînement terminé.
927,17997,2025-11-21 12:48:00,Tennis de table,,2025-11-21 13:31:00,Très bonnes sensations.
928,17997,2025-11-24 09:35:00,Tennis de table,,2025-11-24 10:40:00,Très bonnes sensations.
929,17997,2025-12-02 17:22:00,Tennis de table,,2025-12-02 18:41:00,Très bonnes sensations.
930,17997,2026-01-03 18:10:00,Tennis de table,,2026-01-03 18:46:00,Bonne séance.
931,17997,2026-01-10 09:51:00,Tennis de table,,2026-01-10 10:56:00,
932,17997,2026-01-23 07:51:00,Tennis de table,,2026-01-23 08:26:00,Bonne séance.
933,17997,2026-01-29 12:05:00,Tennis de table,,2026-01-29 12:39:00,Entraînement terminé.
934,17997,2026-02-08 17:02:00,Tennis de table,,2026-02-08 18:18:00,Très bonnes sensations.
935,17997,2026-02-19 18:33:00,Tennis de table,,2026-02-19 19:21:00,
936,17997,2026-03-04 07:12:00,Tennis de table,,2026-03-04 08:36:00,Entraînement terminé.
937,17997,2026-04-13 18:00:00,Tennis de table,,2026-04-13 18:40:00,
938,17997,2026-04-25 12:22:00,Tennis de table,,2026-04-25 13:34:00,Très bonnes sensations.
939,17997,2026-04-30 08:33:00,Tennis de table,,2026-04-30 09:03:00,
940,17997,2026-05-15 19:35:00,Tennis de table,,2026-05-15 21:03:00,Entraînement terminé.
941,17997,2026-05-23 09:14:00,Tennis de table,,2026-05-23 10:22:00,Bonne séance.
942,17997,2026-05-27 17:00:00,Tennis de table,,2026-05-27 17:46:00,Bonne séance.
943,17997,2026-06-04 07:35:00,Tennis de table,,2026-06-04 08:09:00,Entraînement terminé.
944,17997,2026-06-07 19:32:00,Tennis de table,,2026-06-07 20:18:00,Entraînement terminé.
945,17997,2026-06-17 17:30:00,Tennis de table,,2026-06-17 18:49:00,Bonne séance.
946,17997,2026-06-27 12:43:00,Tennis de table,,2026-06-27 13:42:00,
947,17997,2026-06-28 09:04:00,Tennis de table,,2026-06-28 09:58:00,Bonne séance.
948,17997,2026-07-15 09:33:00,Tennis de table,,2026-07-15 10:37:00,
949,17997,2026-07-19 09:05:00,Tennis de table,,2026-07-19 10:00:00,Entraînement terminé.
950,76341,2025-07-29 09:13:00,Football,,2025-07-29 10:49:00,Entraînement terminé.
951,76341,2025-08-22 08:15:00,Football,,2025-08-22 10:02:00,Bonne séance.
952,76341,2025-08-25 08:12:00,Football,,2025-08-25 09:27:00,Entraînement terminé.
953,76341,2025-10-02 07:48:00,Football,,2025-10-02 09:22:00,
954,76341,2025-10-07 17:20:00,Football,,2025-10-07 18:51:00,Entraînement terminé.
955,76341,2025-10-13 19:58:00,Football,,2025-10-13 21:30:00,Entraînement terminé.
956,76341,2025-10-20 19:36:00,Football,,2025-10-20 20:44:00,
957,76341,2025-10-29 17:02:00,Football,,2025-10-29 18:34:00,Entraînement terminé.
958,76341,2025-11-08 18:49:00,Football,,2025-11-08 20:00:00,Très bonnes sensations.
959,76341,2025-11-18 18:00:00,Football,,2025-11-18 19:00:00,Bonne séance.
960,76341,2025-11-27 07:20:00,Football,,2025-11-27 08:43:00,Entraînement terminé.
961,76341,2025-12-08 09:30:00,Football,,2025-12-08 11:09:00,Entraînement terminé.
962,76341,2025-12-15 12:27:00,Football,,2025-12-15 13:40:00,Très bonnes sensations.
963,76341,2025-12-23 19:25:00,Football,,2025-12-23 20:42:00,Très bonnes sensations.
964,76341,2026-01-31 08:35:00,Football,,2026-01-31 10:02:00,Très bonnes sensations.
965,76341,2026-02-28 07:11:00,Football,,2026-02-28 08:37:00,Très bonnes sensations.
966,76341,2026-03-14 12:19:00,Football,,2026-03-14 13:35:00,
967,76341,2026-03-15 18:10:00,Football,,2026-03-15 19:13:00,Bonne séance.
968,76341,2026-03-25 19:40:00,Football,,2026-03-25 20:46:00,Très bonnes sensations.
969,76341,2026-03-31 09:23:00,Football,,2026-03-31 10:58:00,Entraînement terminé.
970,76341,2026-04-05 12:07:00,Football,,2026-04-05 13:29:00,Bonne séance.
971,76341,2026-04-21 09:43:00,Football,,2026-04-21 11:15:00,Très bonnes sensations.
972,76341,2026-04-26 12:39:00,Football,,2026-04-26 13:57:00,Très bonnes sensations.
973,76341,2026-05-20 18:39:00,Football,,2026-05-20 20:15:00,Très bonnes sensations.
974,76341,2026-06-15 09:20:00,Football,,2026-06-15 11:01:00,Entraînement terminé.
975,76341,2026-06-25 18:25:00,Football,,2026-06-25 19:42:00,Très bonnes sensations.
976,76341,2026-07-03 17:33:00,Football,,2026-07-03 19:01:00,Très bonnes sensations.
977,89943,2025-08-01 18:47:00,Randonnée,6623.0,2025-08-01 20:36:25,Nouveau sentier découvert.
978,89943,2025-08-28 07:01:00,Randonnée,17009.0,2025-08-28 10:44:13,
979,89943,2025-09-11 08:05:00,Randonnée,16774.0,2025-09-11 12:21:13,Très beau parcours.
980,89943,2025-09-17 18:08:00,Randonnée,8301.0,2025-09-17 19:56:44,Très beau parcours.
981,89943,2025-10-11 09:55:00,Randonnée,19602.0,2025-10-11 14:22:12,Une randonnée à refaire.
982,89943,2025-10-13 18:34:00,Randonnée,9801.0,2025-10-13 20:37:13,Nouveau sentier découvert.
983,89943,2025-10-23 18:40:00,Randonnée,21491.0,2025-10-24 00:08:12,Une randonnée à refaire.
984,89943,2025-10-30 08:51:00,Randonnée,6934.0,2025-10-30 10:27:11,Une randonnée à refaire.
985,89943,2025-11-04 08:19:00,Randonnée,4345.0,2025-11-04 09:45:54,Très beau parcours.
986,89943,2025-11-11 12:34:00,Randonnée,4272.0,2025-11-11 13:24:37,Nouveau sentier découvert.
987,89943,2025-11-18 07:49:00,Randonnée,18104.0,2025-11-18 11:10:23,Très beau parcours.
988,89943,2025-12-01 12:56:00,Randonnée,22368.0,2025-12-01 18:07:18,Très beau parcours.
989,89943,2025-12-20 12:14:00,Randonnée,12617.0,2025-12-20 16:07:49,Très beau parcours.
990,89943,2025-12-23 18:47:00,Randonnée,21430.0,2025-12-23 22:43:57,Nouveau sentier découvert.
991,89943,2026-01-25 18:29:00,Randonnée,24241.0,2026-01-26 00:02:43,Nouveau sentier découvert.
992,89943,2026-02-08 08:03:00,Randonnée,21529.0,2026-02-08 15:04:15,
993,89943,2026-02-17 08:45:00,Randonnée,18366.0,2026-02-17 12:17:41,Très beau parcours.
994,89943,2026-03-16 09:26:00,Randonnée,14209.0,2026-03-16 12:05:08,Nouveau sentier découvert.
995,89943,2026-03-25 18:50:00,Randonnée,5039.0,2026-03-25 20:05:46,Très beau parcours.
996,89943,2026-04-11 12:04:00,Randonnée,21799.0,2026-04-11 17:00:33,Très beau parcours.
997,89943,2026-04-18 12:53:00,Randonnée,4413.0,2026-04-18 14:11:40,Très beau parcours.
998,89943,2026-04-25 12:15:00,Randonnée,5098.0,2026-04-25 13:40:01,
999,89943,2026-05-06 18:19:00,Randonnée,14586.0,2026-05-06 22:30:47,
1000,89943,2026-05-20 18:19:00,Randonnée,10511.0,2026-05-20 20:53:32,
1001,89943,2026-06-16 07:10:00,Randonnée,13047.0,2026-06-16 09:54:40,Nouveau sentier découvert.
1002,89943,2026-07-17 17:09:00,Randonnée,16169.0,2026-07-17 20:11:37,Très beau parcours.
1003,46253,2025-07-20 07:22:00,Randonnée,9043.0,2025-07-20 09:08:18,
1004,46253,2025-07-22 08:31:00,Randonnée,11624.0,2025-07-22 11:27:33,Une randonnée à refaire.
1005,46253,2025-07-24 19:57:00,Randonnée,18375.0,2025-07-24 23:29:02,
1006,46253,2025-07-28 09:57:00,Randonnée,5293.0,2025-07-28 11:08:16,Nouveau sentier découvert.
1007,46253,2025-07-29 17:18:00,Randonnée,21784.0,2025-07-29 21:34:44,Très beau parcours.
1008,46253,2025-07-30 17:11:00,Randonnée,21813.0,2025-07-30 22:34:43,Nouveau sentier découvert.
1009,46253,2025-08-07 19:35:00,Randonnée,9254.0,2025-08-07 22:28:09,Très beau parcours.
1010,46253,2025-08-09 12:18:00,Randonnée,12629.0,2025-08-09 15:01:51,Nouveau sentier découvert.
1011,46253,2025-08-16 18:32:00,Randonnée,16420.0,2025-08-16 21:41:26,
1012,46253,2025-08-19 08:20:00,Randonnée,6075.0,2025-08-19 09:33:16,Nouveau sentier découvert.
1013,46253,2025-08-21 08:33:00,Randonnée,20303.0,2025-08-21 12:22:58,Très beau parcours.
1014,46253,2025-08-23 17:18:00,Randonnée,14570.0,2025-08-23 20:44:42,Une randonnée à refaire.
1015,46253,2025-08-24 17:42:00,Randonnée,6184.0,2025-08-24 19:40:30,Très beau parcours.
1016,46253,2025-09-06 07:12:00,Randonnée,7507.0,2025-09-06 08:53:05,
1017,46253,2025-09-11 18:53:00,Randonnée,16733.0,2025-09-11 22:14:51,Une randonnée à refaire.
1018,46253,2025-09-16 08:38:00,Randonnée,6322.0,2025-09-16 10:42:48,Très beau parcours.
1019,46253,2025-09-21 19:40:00,Randonnée,5989.0,2025-09-21 21:08:01,Nouveau sentier découvert.
1020,46253,2025-09-24 19:23:00,Randonnée,5910.0,2025-09-24 20:27:49,Une randonnée à refaire.
1021,46253,2025-09-27 17:02:00,Randonnée,6306.0,2025-09-27 18:10:45,
1022,46253,2025-10-02 07:06:00,Randonnée,11569.0,2025-10-02 09:37:04,Très beau parcours.
1023,46253,2025-10-09 18:15:00,Randonnée,22678.0,2025-10-09 22:54:03,Très beau parcours.
1024,46253,2025-10-15 18:06:00,Randonnée,24926.0,2025-10-15 23:22:12,Nouveau sentier découvert.
1025,46253,2025-10-16 18:42:00,Randonnée,17994.0,2025-10-16 21:53:08,Très beau parcours.
1026,46253,2025-10-17 19:11:00,Randonnée,22021.0,2025-10-18 00:25:14,Une randonnée à refaire.
1027,46253,2025-10-20 12:59:00,Randonnée,15544.0,2025-10-20 15:42:24,Une randonnée à refaire.
1028,46253,2025-10-23 19:23:00,Randonnée,17511.0,2025-10-23 22:41:31,Nouveau sentier découvert.
1029,46253,2025-10-24 19:46:00,Randonnée,14598.0,2025-10-24 22:47:31,Très beau parcours.
1030,46253,2025-10-30 18:16:00,Randonnée,15796.0,2025-10-30 20:57:03,Nouveau sentier découvert.
1031,46253,2025-11-01 12:00:00,Randonnée,5135.0,2025-11-01 12:51:47,
1032,46253,2025-11-02 09:14:00,Randonnée,11039.0,2025-11-02 11:12:58,
1033,46253,2025-11-03 19:52:00,Randonnée,13042.0,2025-11-03 22:07:55,Très beau parcours.
1034,46253,2025-11-04 07:02:00,Randonnée,19085.0,2025-11-04 11:43:34,Très beau parcours.
1035,46253,2025-11-11 08:14:00,Randonnée,12396.0,2025-11-11 10:30:53,
1036,46253,2025-11-13 17:25:00,Randonnée,22647.0,2025-11-13 21:21:10,
1037,46253,2025-11-17 12:52:00,Randonnée,22881.0,2025-11-17 17:03:30,
1038,46253,2025-11-18 17:41:00,Randonnée,13843.0,2025-11-18 22:07:53,Nouveau sentier découvert.
1039,46253,2025-11-19 07:49:00,Randonnée,5832.0,2025-11-19 08:49:41,Une randonnée à refaire.
1040,46253,2025-11-26 12:59:00,Randonnée,7949.0,2025-11-26 14:24:02,Très beau parcours.
1041,46253,2025-11-29 18:41:00,Randonnée,23736.0,2025-11-29 22:47:08,Nouveau sentier découvert.
1042,46253,2025-12-02 17:02:00,Randonnée,14463.0,2025-12-02 20:09:50,Très beau parcours.
1043,46253,2025-12-11 08:09:00,Randonnée,5655.0,2025-12-11 09:16:35,Nouveau sentier découvert.
1044,46253,2025-12-12 12:48:00,Randonnée,23501.0,2025-12-12 17:46:23,
1045,46253,2025-12-17 09:50:00,Randonnée,16921.0,2025-12-17 14:44:47,Une randonnée à refaire.
1046,46253,2025-12-24 17:47:00,Randonnée,5615.0,2025-12-24 18:59:32,Une randonnée à refaire.
1047,46253,2025-12-31 17:27:00,Randonnée,8272.0,2025-12-31 19:00:53,Nouveau sentier découvert.
1048,46253,2026-01-05 18:36:00,Randonnée,10425.0,2026-01-05 20:49:33,Très beau parcours.
1049,46253,2026-01-07 08:04:00,Randonnée,12724.0,2026-01-07 10:27:14,Une randonnée à refaire.
1050,46253,2026-01-09 18:59:00,Randonnée,22874.0,2026-01-10 01:58:52,Nouveau sentier découvert.
1051,46253,2026-01-13 08:20:00,Randonnée,15289.0,2026-01-13 11:31:51,
1052,46253,2026-01-17 19:19:00,Randonnée,9546.0,2026-01-17 20:55:03,Nouveau sentier découvert.
1053,46253,2026-01-18 19:14:00,Randonnée,10543.0,2026-01-18 21:19:07,Très beau parcours.
1054,46253,2026-01-19 19:46:00,Randonnée,6811.0,2026-01-19 21:48:28,
1055,46253,2026-01-21 08:39:00,Randonnée,8839.0,2026-01-21 10:13:36,Une randonnée à refaire.
1056,46253,2026-01-27 18:51:00,Randonnée,7646.0,2026-01-27 20:48:10,Nouveau sentier découvert.
1057,46253,2026-02-03 08:47:00,Randonnée,21629.0,2026-02-03 14:43:57,Une randonnée à refaire.
1058,46253,2026-02-09 18:44:00,Randonnée,4602.0,2026-02-09 19:50:52,
1059,46253,2026-02-11 09:10:00,Randonnée,5969.0,2026-02-11 10:42:58,Une randonnée à refaire.
1060,46253,2026-02-12 07:29:00,Randonnée,4273.0,2026-02-12 08:49:07,Une randonnée à refaire.
1061,46253,2026-02-17 19:06:00,Randonnée,4625.0,2026-02-17 20:17:34,Nouveau sentier découvert.
1062,46253,2026-02-20 08:24:00,Randonnée,20663.0,2026-02-20 11:53:04,
1063,46253,2026-02-21 09:31:00,Randonnée,23565.0,2026-02-21 14:38:44,Très beau parcours.
1064,46253,2026-02-26 12:35:00,Randonnée,4704.0,2026-02-26 14:05:29,Une randonnée à refaire.
1065,46253,2026-03-04 18:10:00,Randonnée,4602.0,2026-03-04 19:18:20,Une randonnée à refaire.
1066,46253,2026-03-07 09:40:00,Randonnée,13906.0,2026-03-07 13:24:59,Une randonnée à refaire.
1067,46253,2026-03-13 09:56:00,Randonnée,16686.0,2026-03-13 12:52:32,
1068,46253,2026-03-16 09:57:00,Randonnée,16872.0,2026-03-16 13:20:39,
1069,46253,2026-03-17 18:24:00,Randonnée,21062.0,2026-03-17 21:58:51,Très beau parcours.
1070,46253,2026-03-20 12:15:00,Randonnée,22772.0,2026-03-20 18:50:05,Une randonnée à refaire.
1071,46253,2026-03-24 08:13:00,Randonnée,8540.0,2026-03-24 10:01:02,Très beau parcours.
1072,46253,2026-03-25 19:08:00,Randonnée,14125.0,2026-03-25 21:55:18,Très beau parcours.
1073,46253,2026-03-26 12:58:00,Randonnée,8756.0,2026-03-26 14:43:44,Très beau parcours.
1074,46253,2026-03-29 17:46:00,Randonnée,7879.0,2026-03-29 19:59:05,Très beau parcours.
1075,46253,2026-04-02 18:01:00,Randonnée,14442.0,2026-04-02 20:34:38,Nouveau sentier découvert.
1076,46253,2026-04-07 18:59:00,Randonnée,24868.0,2026-04-07 23:16:16,Une randonnée à refaire.
1077,46253,2026-04-08 08:49:00,Randonnée,10158.0,2026-04-08 11:52:34,Très beau parcours.
1078,46253,2026-04-18 17:39:00,Randonnée,12744.0,2026-04-18 20:17:45,Très beau parcours.
1079,46253,2026-04-19 09:05:00,Randonnée,19617.0,2026-04-19 14:50:57,Nouveau sentier découvert.
1080,46253,2026-04-20 18:41:00,Randonnée,16253.0,2026-04-20 23:15:33,Nouveau sentier découvert.
1081,46253,2026-04-25 12:30:00,Randonnée,8506.0,2026-04-25 14:56:11,Très beau parcours.
1082,46253,2026-04-29 19:00:00,Randonnée,12842.0,2026-04-29 21:11:42,Très beau parcours.
1083,46253,2026-05-04 07:11:00,Randonnée,18394.0,2026-05-04 10:28:02,Nouveau sentier découvert.
1084,46253,2026-05-08 18:20:00,Randonnée,18992.0,2026-05-08 21:41:14,Nouveau sentier découvert.
1085,46253,2026-05-09 12:49:00,Randonnée,5370.0,2026-05-09 13:55:48,Nouveau sentier découvert.
1086,46253,2026-05-12 18:36:00,Randonnée,23457.0,2026-05-12 23:41:24,
1087,46253,2026-05-13 17:06:00,Randonnée,18798.0,2026-05-13 21:24:03,
1088,46253,2026-05-14 08:33:00,Randonnée,21624.0,2026-05-14 13:42:53,
1089,46253,2026-05-17 08:18:00,Randonnée,18403.0,2026-05-17 12:41:16,Une randonnée à refaire.
1090,46253,2026-05-20 19:52:00,Randonnée,13368.0,2026-05-20 22:54:57,Nouveau sentier découvert.
1091,46253,2026-05-21 09:39:00,Randonnée,5787.0,2026-05-21 10:47:29,Très beau parcours.
1092,46253,2026-05-29 12:05:00,Randonnée,20405.0,2026-05-29 18:11:37,Très beau parcours.
1093,46253,2026-05-30 12:26:00,Randonnée,14599.0,2026-05-30 15:47:15,Très beau parcours.
1094,46253,2026-06-04 08:56:00,Randonnée,18899.0,2026-06-04 14:42:43,Une randonnée à refaire.
1095,46253,2026-06-05 18:41:00,Randonnée,9373.0,2026-06-05 20:30:05,
1096,46253,2026-06-07 18:28:00,Randonnée,24777.0,2026-06-08 00:31:35,Nouveau sentier découvert.
1097,46253,2026-06-18 08:24:00,Randonnée,22033.0,2026-06-18 13:43:11,Très beau parcours.
1098,46253,2026-06-19 09:36:00,Randonnée,8918.0,2026-06-19 12:09:29,Très beau parcours.
1099,46253,2026-06-20 08:49:00,Randonnée,5681.0,2026-06-20 10:09:02,Une randonnée à refaire.
1100,46253,2026-06-23 18:11:00,Randonnée,7852.0,2026-06-23 19:33:43,Très beau parcours.
1101,46253,2026-06-24 07:39:00,Randonnée,12293.0,2026-06-24 11:41:54,Nouveau sentier découvert.
1102,46253,2026-06-27 19:31:00,Randonnée,21809.0,2026-06-27 23:32:19,Nouveau sentier découvert.
1103,46253,2026-06-29 17:42:00,Randonnée,19588.0,2026-06-29 22:11:29,Nouveau sentier découvert.
1104,46253,2026-07-09 17:00:00,Randonnée,12018.0,2026-07-09 19:07:42,Une randonnée à refaire.
1105,46253,2026-07-13 07:11:00,Randonnée,8858.0,2026-07-13 09:58:55,Une randonnée à refaire.
1106,46253,2026-07-16 07:09:00,Randonnée,5062.0,2026-07-16 08:09:44,Une randonnée à refaire.
1107,46253,2026-07-17 09:58:00,Randonnée,6873.0,2026-07-17 12:09:02,Nouveau sentier découvert.
1108,46253,2026-07-19 18:18:00,Randonnée,24024.0,2026-07-19 23:07:17,Très beau parcours.
1109,22426,2025-07-20 09:23:00,Voile,,2025-07-20 12:00:00,
1110,22426,2025-07-21 19:27:00,Voile,,2025-07-21 22:47:00,
1111,22426,2025-07-22 09:30:00,Voile,,2025-07-22 11:04:00,
1112,22426,2025-07-24 18:55:00,Voile,,2025-07-24 21:05:00,Entraînement terminé.
1113,22426,2025-07-26 17:26:00,Voile,,2025-07-26 20:40:00,Bonne séance.
1114,22426,2025-07-27 18:40:00,Voile,,2025-07-27 21:55:00,
1115,22426,2025-07-28 12:46:00,Voile,,2025-07-28 16:42:00,Entraînement terminé.
1116,22426,2025-07-29 12:38:00,Voile,,2025-07-29 14:59:00,Entraînement terminé.
1117,22426,2025-07-31 17:36:00,Voile,,2025-07-31 21:15:00,Entraînement terminé.
1118,22426,2025-08-01 08:39:00,Voile,,2025-08-01 12:03:00,Très bonnes sensations.
1119,22426,2025-08-03 17:14:00,Voile,,2025-08-03 19:28:00,Bonne séance.
1120,22426,2025-08-06 07:07:00,Voile,,2025-08-06 08:13:00,Très bonnes sensations.
1121,22426,2025-08-07 18:50:00,Voile,,2025-08-07 20:20:00,Bonne séance.
1122,22426,2025-08-08 19:39:00,Voile,,2025-08-08 22:25:00,Très bonnes sensations.
1123,22426,2025-08-09 07:21:00,Voile,,2025-08-09 09:50:00,Bonne séance.
1124,22426,2025-08-11 09:50:00,Voile,,2025-08-11 11:07:00,Entraînement terminé.
1125,22426,2025-08-12 09:32:00,Voile,,2025-08-12 12:52:00,Entraînement terminé.
1126,22426,2025-08-15 19:00:00,Voile,,2025-08-15 20:29:00,Entraînement terminé.
1127,22426,2025-08-17 19:11:00,Voile,,2025-08-17 21:00:00,Entraînement terminé.
1128,22426,2025-08-20 19:21:00,Voile,,2025-08-20 23:13:00,Très bonnes sensations.
1129,22426,2025-08-21 12:51:00,Voile,,2025-08-21 14:00:00,Bonne séance.
1130,22426,2025-08-22 12:09:00,Voile,,2025-08-22 15:49:00,Très bonnes sensations.
1131,22426,2025-08-24 09:36:00,Voile,,2025-08-24 13:29:00,Entraînement terminé.
1132,22426,2025-08-26 17:34:00,Voile,,2025-08-26 18:38:00,Bonne séance.
1133,22426,2025-08-27 17:43:00,Voile,,2025-08-27 20:07:00,Entraînement terminé.
1134,22426,2025-08-29 07:09:00,Voile,,2025-08-29 09:20:00,
1135,22426,2025-08-30 09:24:00,Voile,,2025-08-30 13:04:00,Bonne séance.
1136,22426,2025-08-31 18:54:00,Voile,,2025-08-31 21:14:00,
1137,22426,2025-09-01 09:26:00,Voile,,2025-09-01 10:48:00,Très bonnes sensations.
1138,22426,2025-09-03 08:23:00,Voile,,2025-09-03 11:18:00,Entraînement terminé.
1139,22426,2025-09-04 08:33:00,Voile,,2025-09-04 10:50:00,Bonne séance.
1140,22426,2025-09-06 07:23:00,Voile,,2025-09-06 08:32:00,Bonne séance.
1141,22426,2025-09-07 19:30:00,Voile,,2025-09-07 22:38:00,Bonne séance.
1142,22426,2025-09-10 08:21:00,Voile,,2025-09-10 11:24:00,Entraînement terminé.
1143,22426,2025-09-11 19:20:00,Voile,,2025-09-11 20:56:00,
1144,22426,2025-09-14 12:45:00,Voile,,2025-09-14 15:58:00,
1145,22426,2025-09-15 07:19:00,Voile,,2025-09-15 08:30:00,
1146,22426,2025-09-18 09:29:00,Voile,,2025-09-18 10:40:00,
1147,22426,2025-09-19 17:49:00,Voile,,2025-09-19 21:37:00,Entraînement terminé.
1148,22426,2025-09-20 07:36:00,Voile,,2025-09-20 09:55:00,Bonne séance.
1149,22426,2025-09-22 17:20:00,Voile,,2025-09-22 20:12:00,
1150,22426,2025-09-23 09:09:00,Voile,,2025-09-23 10:49:00,Entraînement terminé.
1151,22426,2025-09-25 07:00:00,Voile,,2025-09-25 10:39:00,
1152,22426,2025-09-27 08:34:00,Voile,,2025-09-27 11:03:00,Entraînement terminé.
1153,22426,2025-09-29 08:04:00,Voile,,2025-09-29 10:23:00,Entraînement terminé.
1154,22426,2025-09-30 17:28:00,Voile,,2025-09-30 18:40:00,Bonne séance.
1155,22426,2025-10-03 07:30:00,Voile,,2025-10-03 11:22:00,
1156,22426,2025-10-04 07:24:00,Voile,,2025-10-04 08:37:00,
1157,22426,2025-10-06 17:22:00,Voile,,2025-10-06 19:41:00,Entraînement terminé.
1158,22426,2025-10-08 19:12:00,Voile,,2025-10-08 23:03:00,
1159,22426,2025-10-09 19:48:00,Voile,,2025-10-09 22:47:00,Bonne séance.
1160,22426,2025-10-11 07:52:00,Voile,,2025-10-11 11:50:00,Très bonnes sensations.
1161,22426,2025-10-14 12:14:00,Voile,,2025-10-14 14:11:00,Bonne séance.
1162,22426,2025-10-15 19:57:00,Voile,,2025-10-15 23:34:00,Entraînement terminé.
1163,22426,2025-10-18 09:25:00,Voile,,2025-10-18 11:11:00,Entraînement terminé.
1164,22426,2025-10-19 12:07:00,Voile,,2025-10-19 14:36:00,Très bonnes sensations.
1165,22426,2025-10-22 12:54:00,Voile,,2025-10-22 14:37:00,Entraînement terminé.
1166,22426,2025-10-23 19:22:00,Voile,,2025-10-23 22:56:00,Bonne séance.
1167,22426,2025-10-25 17:06:00,Voile,,2025-10-25 19:49:00,
1168,22426,2025-10-26 17:29:00,Voile,,2025-10-26 20:11:00,Très bonnes sensations.
1169,22426,2025-10-28 08:39:00,Voile,,2025-10-28 10:41:00,Bonne séance.
1170,22426,2025-10-30 12:24:00,Voile,,2025-10-30 13:40:00,Entraînement terminé.
1171,22426,2025-10-31 08:52:00,Voile,,2025-10-31 12:49:00,Très bonnes sensations.
1172,22426,2025-11-03 08:42:00,Voile,,2025-11-03 12:33:00,
1173,22426,2025-11-04 18:59:00,Voile,,2025-11-04 22:25:00,Très bonnes sensations.
1174,22426,2025-11-06 07:37:00,Voile,,2025-11-06 11:09:00,Très bonnes sensations.
1175,22426,2025-11-08 09:35:00,Voile,,2025-11-08 10:59:00,Très bonnes sensations.
1176,22426,2025-11-09 17:06:00,Voile,,2025-11-09 21:01:00,Très bonnes sensations.
1177,22426,2025-11-11 09:31:00,Voile,,2025-11-11 13:16:00,
1178,22426,2025-11-12 07:13:00,Voile,,2025-11-12 08:48:00,
1179,22426,2025-11-17 17:18:00,Voile,,2025-11-17 19:57:00,Très bonnes sensations.
1180,22426,2025-11-19 08:13:00,Voile,,2025-11-19 12:07:00,Entraînement terminé.
1181,22426,2025-11-21 09:36:00,Voile,,2025-11-21 13:29:00,Entraînement terminé.
1182,22426,2025-11-23 17:32:00,Voile,,2025-11-23 20:15:00,Bonne séance.
1183,22426,2025-11-25 19:18:00,Voile,,2025-11-25 20:33:00,Entraînement terminé.
1184,22426,2025-11-27 17:03:00,Voile,,2025-11-27 18:03:00,Entraînement terminé.
1185,22426,2025-11-28 07:55:00,Voile,,2025-11-28 10:07:00,
1186,22426,2025-12-03 12:40:00,Voile,,2025-12-03 15:01:00,Très bonnes sensations.
1187,22426,2025-12-04 12:24:00,Voile,,2025-12-04 15:15:00,Bonne séance.
1188,22426,2025-12-05 18:11:00,Voile,,2025-12-05 21:12:00,Bonne séance.
1189,22426,2025-12-09 19:26:00,Voile,,2025-12-09 21:05:00,Entraînement terminé.
1190,22426,2025-12-10 19:42:00,Voile,,2025-12-10 21:14:00,Bonne séance.
1191,22426,2025-12-11 07:04:00,Voile,,2025-12-11 10:49:00,
1192,22426,2025-12-17 08:05:00,Voile,,2025-12-17 09:40:00,Très bonnes sensations.
1193,22426,2025-12-19 19:29:00,Voile,,2025-12-19 23:27:00,Très bonnes sensations.
1194,22426,2025-12-20 17:11:00,Voile,,2025-12-20 20:07:00,Très bonnes sensations.
1195,22426,2025-12-21 08:27:00,Voile,,2025-12-21 12:01:00,
1196,22426,2025-12-23 17:31:00,Voile,,2025-12-23 19:31:00,Entraînement terminé.
1197,22426,2025-12-24 12:59:00,Voile,,2025-12-24 16:18:00,Entraînement terminé.
1198,22426,2025-12-26 07:02:00,Voile,,2025-12-26 10:27:00,Très bonnes sensations.
1199,22426,2025-12-27 18:23:00,Voile,,2025-12-27 19:51:00,Très bonnes sensations.
1200,22426,2025-12-28 17:05:00,Voile,,2025-12-28 20:18:00,
1201,22426,2025-12-29 08:30:00,Voile,,2025-12-29 12:11:00,
1202,22426,2025-12-30 18:40:00,Voile,,2025-12-30 21:58:00,Entraînement terminé.
1203,22426,2026-01-01 17:03:00,Voile,,2026-01-01 19:30:00,
1204,22426,2026-01-02 12:29:00,Voile,,2026-01-02 15:40:00,Très bonnes sensations.
1205,22426,2026-01-05 09:10:00,Voile,,2026-01-05 10:19:00,Entraînement terminé.
1206,22426,2026-01-06 18:50:00,Voile,,2026-01-06 22:14:00,Entraînement terminé.
1207,22426,2026-01-07 07:40:00,Voile,,2026-01-07 10:41:00,Bonne séance.
1208,22426,2026-01-09 17:03:00,Voile,,2026-01-09 20:51:00,Entraînement terminé.
1209,22426,2026-01-10 19:47:00,Voile,,2026-01-10 23:26:00,
1210,22426,2026-01-11 19:50:00,Voile,,2026-01-11 22:01:00,Entraînement terminé.
1211,22426,2026-01-12 08:39:00,Voile,,2026-01-12 10:50:00,Entraînement terminé.
1212,22426,2026-01-14 19:16:00,Voile,,2026-01-14 20:19:00,
1213,22426,2026-01-16 17:11:00,Voile,,2026-01-16 20:42:00,Bonne séance.
1214,22426,2026-01-19 08:31:00,Voile,,2026-01-19 10:17:00,
1215,22426,2026-01-20 09:05:00,Voile,,2026-01-20 10:42:00,Bonne séance.
1216,22426,2026-01-21 19:31:00,Voile,,2026-01-21 22:16:00,Très bonnes sensations.
1217,22426,2026-01-23 08:42:00,Voile,,2026-01-23 11:34:00,Bonne séance.
1218,22426,2026-01-24 08:36:00,Voile,,2026-01-24 11:04:00,
1219,22426,2026-01-25 12:30:00,Voile,,2026-01-25 14:47:00,Très bonnes sensations.
1220,22426,2026-01-26 18:48:00,Voile,,2026-01-26 22:04:00,Bonne séance.
1221,22426,2026-01-27 12:43:00,Voile,,2026-01-27 16:43:00,Très bonnes sensations.
1222,22426,2026-01-28 12:16:00,Voile,,2026-01-28 13:53:00,Très bonnes sensations.
1223,22426,2026-01-30 07:18:00,Voile,,2026-01-30 10:12:00,Très bonnes sensations.
1224,22426,2026-02-01 18:22:00,Voile,,2026-02-01 21:12:00,Entraînement terminé.
1225,22426,2026-02-03 09:17:00,Voile,,2026-02-03 11:25:00,
1226,22426,2026-02-05 09:41:00,Voile,,2026-02-05 13:10:00,Très bonnes sensations.
1227,22426,2026-02-06 12:49:00,Voile,,2026-02-06 16:41:00,Bonne séance.
1228,22426,2026-02-07 18:43:00,Voile,,2026-02-07 22:13:00,Bonne séance.
1229,22426,2026-02-09 07:43:00,Voile,,2026-02-09 08:45:00,
1230,22426,2026-02-10 07:26:00,Voile,,2026-02-10 08:51:00,
1231,22426,2026-02-11 18:28:00,Voile,,2026-02-11 20:57:00,Bonne séance.
1232,22426,2026-02-13 18:18:00,Voile,,2026-02-13 20:22:00,Bonne séance.
1233,22426,2026-02-14 07:01:00,Voile,,2026-02-14 10:39:00,
1234,22426,2026-02-16 17:40:00,Voile,,2026-02-16 19:11:00,
1235,22426,2026-02-19 07:54:00,Voile,,2026-02-19 11:28:00,Bonne séance.
1236,22426,2026-02-20 12:42:00,Voile,,2026-02-20 16:27:00,Bonne séance.
1237,22426,2026-02-23 09:29:00,Voile,,2026-02-23 13:18:00,
1238,22426,2026-02-24 18:29:00,Voile,,2026-02-24 20:39:00,Très bonnes sensations.
1239,22426,2026-02-27 18:57:00,Voile,,2026-02-27 22:47:00,Entraînement terminé.
1240,22426,2026-03-01 12:24:00,Voile,,2026-03-01 14:49:00,
1241,22426,2026-03-02 09:52:00,Voile,,2026-03-02 11:59:00,Bonne séance.
1242,22426,2026-03-03 12:04:00,Voile,,2026-03-03 15:09:00,Bonne séance.
1243,22426,2026-03-06 17:25:00,Voile,,2026-03-06 19:10:00,Très bonnes sensations.
1244,22426,2026-03-09 08:39:00,Voile,,2026-03-09 12:23:00,
1245,22426,2026-03-11 12:45:00,Voile,,2026-03-11 14:51:00,
1246,22426,2026-03-12 07:04:00,Voile,,2026-03-12 08:22:00,Entraînement terminé.
1247,22426,2026-03-15 07:42:00,Voile,,2026-03-15 10:21:00,Entraînement terminé.
1248,22426,2026-03-16 08:44:00,Voile,,2026-03-16 11:08:00,Très bonnes sensations.
1249,22426,2026-03-18 17:00:00,Voile,,2026-03-18 20:11:00,Très bonnes sensations.
1250,22426,2026-03-21 12:27:00,Voile,,2026-03-21 15:10:00,
1251,22426,2026-03-22 17:34:00,Voile,,2026-03-22 20:05:00,Entraînement terminé.
1252,22426,2026-03-23 18:19:00,Voile,,2026-03-23 21:01:00,
1253,22426,2026-03-25 18:41:00,Voile,,2026-03-25 20:04:00,Entraînement terminé.
1254,22426,2026-03-26 17:54:00,Voile,,2026-03-26 20:21:00,
1255,22426,2026-03-27 19:29:00,Voile,,2026-03-27 21:43:00,Bonne séance.
1256,22426,2026-03-29 18:12:00,Voile,,2026-03-29 20:28:00,Très bonnes sensations.
1257,22426,2026-04-01 07:40:00,Voile,,2026-04-01 11:36:00,Entraînement terminé.
1258,22426,2026-04-02 12:05:00,Voile,,2026-04-02 15:46:00,Très bonnes sensations.
1259,22426,2026-04-05 18:37:00,Voile,,2026-04-05 20:38:00,Très bonnes sensations.
1260,22426,2026-04-06 12:04:00,Voile,,2026-04-06 15:22:00,Entraînement terminé.
1261,22426,2026-04-09 12:34:00,Voile,,2026-04-09 15:29:00,
1262,22426,2026-04-10 07:21:00,Voile,,2026-04-10 08:35:00,Entraînement terminé.
1263,22426,2026-04-11 19:46:00,Voile,,2026-04-11 20:56:00,Très bonnes sensations.
1264,22426,2026-04-13 12:43:00,Voile,,2026-04-13 16:00:00,Bonne séance.
1265,22426,2026-04-16 18:37:00,Voile,,2026-04-16 20:36:00,
1266,22426,2026-04-17 07:47:00,Voile,,2026-04-17 09:23:00,Très bonnes sensations.
1267,22426,2026-04-19 18:41:00,Voile,,2026-04-19 20:14:00,
1268,22426,2026-04-22 08:40:00,Voile,,2026-04-22 09:52:00,Entraînement terminé.
1269,22426,2026-04-23 19:50:00,Voile,,2026-04-23 21:14:00,Très bonnes sensations.
1270,22426,2026-04-24 17:10:00,Voile,,2026-04-24 20:41:00,
1271,22426,2026-04-25 19:52:00,Voile,,2026-04-25 21:19:00,
1272,22426,2026-04-26 19:12:00,Voile,,2026-04-26 22:01:00,Entraînement terminé.
1273,22426,2026-04-27 19:53:00,Voile,,2026-04-27 23:46:00,Très bonnes sensations.
1274,22426,2026-04-30 09:07:00,Voile,,2026-04-30 13:02:00,Bonne séance.
1275,22426,2026-05-02 09:53:00,Voile,,2026-05-02 11:47:00,
1276,22426,2026-05-03 08:48:00,Voile,,2026-05-03 11:34:00,Bonne séance.
1277,22426,2026-05-04 18:23:00,Voile,,2026-05-04 21:44:00,Bonne séance.
1278,22426,2026-05-05 12:15:00,Voile,,2026-05-05 15:43:00,
1279,22426,2026-05-07 08:06:00,Voile,,2026-05-07 11:47:00,Très bonnes sensations.
1280,22426,2026-05-09 19:10:00,Voile,,2026-05-09 20:14:00,Très bonnes sensations.
1281,22426,2026-05-10 07:45:00,Voile,,2026-05-10 11:31:00,Entraînement terminé.
1282,22426,2026-05-11 12:44:00,Voile,,2026-05-11 15:45:00,Bonne séance.
1283,22426,2026-05-16 08:09:00,Voile,,2026-05-16 11:52:00,Entraînement terminé.
1284,22426,2026-05-18 18:02:00,Voile,,2026-05-18 21:34:00,Bonne séance.
1285,22426,2026-05-19 18:31:00,Voile,,2026-05-19 22:07:00,
1286,22426,2026-05-20 18:52:00,Voile,,2026-05-20 21:09:00,Entraînement terminé.
1287,22426,2026-05-21 12:00:00,Voile,,2026-05-21 15:22:00,Bonne séance.
1288,22426,2026-05-23 08:07:00,Voile,,2026-05-23 11:22:00,
1289,22426,2026-05-25 19:40:00,Voile,,2026-05-25 23:28:00,Bonne séance.
1290,22426,2026-05-26 09:03:00,Voile,,2026-05-26 10:52:00,
1291,22426,2026-05-27 19:09:00,Voile,,2026-05-27 23:04:00,Très bonnes sensations.
1292,22426,2026-05-28 12:11:00,Voile,,2026-05-28 13:51:00,
1293,22426,2026-05-29 07:41:00,Voile,,2026-05-29 10:14:00,Entraînement terminé.
1294,22426,2026-06-02 17:51:00,Voile,,2026-06-02 20:47:00,
1295,22426,2026-06-03 07:47:00,Voile,,2026-06-03 09:00:00,Bonne séance.
1296,22426,2026-06-05 08:50:00,Voile,,2026-06-05 09:57:00,Très bonnes sensations.
1297,22426,2026-06-07 17:20:00,Voile,,2026-06-07 20:07:00,Bonne séance.
1298,22426,2026-06-08 18:43:00,Voile,,2026-06-08 21:06:00,Bonne séance.
1299,22426,2026-06-09 19:07:00,Voile,,2026-06-09 21:30:00,Bonne séance.
1300,22426,2026-06-10 07:15:00,Voile,,2026-06-10 10:00:00,Bonne séance.
1301,22426,2026-06-13 12:57:00,Voile,,2026-06-13 14:53:00,
1302,22426,2026-06-14 08:13:00,Voile,,2026-06-14 11:49:00,Très bonnes sensations.
1303,22426,2026-06-17 08:24:00,Voile,,2026-06-17 10:59:00,Bonne séance.
1304,22426,2026-06-18 12:46:00,Voile,,2026-06-18 14:35:00,Entraînement terminé.
1305,22426,2026-06-19 09:12:00,Voile,,2026-06-19 11:37:00,Bonne séance.
1306,22426,2026-06-21 09:08:00,Voile,,2026-06-21 10:36:00,Très bonnes sensations.
1307,22426,2026-06-25 12:26:00,Voile,,2026-06-25 14:09:00,Entraînement terminé.
1308,22426,2026-06-26 08:56:00,Voile,,2026-06-26 11:11:00,Bonne séance.
1309,22426,2026-06-28 12:54:00,Voile,,2026-06-28 16:07:00,Très bonnes sensations.
1310,22426,2026-06-29 19:13:00,Voile,,2026-06-29 22:44:00,Très bonnes sensations.
1311,22426,2026-07-02 19:29:00,Voile,,2026-07-02 21:40:00,
1312,22426,2026-07-03 18:27:00,Voile,,2026-07-03 20:30:00,Bonne séance.
1313,22426,2026-07-04 09:27:00,Voile,,2026-07-04 12:55:00,Bonne séance.
1314,22426,2026-07-05 07:30:00,Voile,,2026-07-05 10:39:00,
1315,22426,2026-07-06 12:33:00,Voile,,2026-07-06 15:13:00,Très bonnes sensations.
1316,22426,2026-07-08 19:51:00,Voile,,2026-07-08 23:49:00,
1317,22426,2026-07-09 12:31:00,Voile,,2026-07-09 14:32:00,
1318,22426,2026-07-10 17:48:00,Voile,,2026-07-10 18:51:00,Très bonnes sensations.
1319,22426,2026-07-13 08:41:00,Voile,,2026-07-13 10:04:00,
1320,22426,2026-07-14 12:42:00,Voile,,2026-07-14 15:00:00,Bonne séance.
1321,22426,2026-07-17 18:29:00,Voile,,2026-07-17 21:55:00,
1322,22426,2026-07-19 19:45:00,Voile,,2026-07-19 22:28:00,Bonne séance.
1323,22426,2026-07-20 19:55:00,Voile,,2026-07-20 22:29:00,Très bonnes sensations.
1324,44472,2025-07-26 18:04:00,Football,,2025-07-26 19:28:00,Entraînement terminé.
1325,44472,2025-07-27 19:17:00,Football,,2025-07-27 21:01:00,Bonne séance.
1326,44472,2025-07-29 19:43:00,Football,,2025-07-29 20:48:00,Entraînement terminé.
1327,44472,2025-07-30 18:59:00,Football,,2025-07-30 20:02:00,Entraînement terminé.
1328,44472,2025-08-03 12:23:00,Football,,2025-08-03 13:52:00,
1329,44472,2025-08-11 18:35:00,Football,,2025-08-11 20:20:00,
1330,44472,2025-08-12 17:45:00,Football,,2025-08-12 19:34:00,Bonne séance.
1331,44472,2025-08-19 08:34:00,Football,,2025-08-19 09:41:00,Très bonnes sensations.
1332,44472,2025-08-25 19:47:00,Football,,2025-08-25 21:35:00,Bonne séance.
1333,44472,2025-08-28 09:22:00,Football,,2025-08-28 10:39:00,Très bonnes sensations.
1334,44472,2025-08-30 09:03:00,Football,,2025-08-30 10:07:00,Entraînement terminé.
1335,44472,2025-09-03 17:33:00,Football,,2025-09-03 18:40:00,Très bonnes sensations.
1336,44472,2025-09-06 18:34:00,Football,,2025-09-06 20:17:00,Entraînement terminé.
1337,44472,2025-09-09 19:43:00,Football,,2025-09-09 21:27:00,
1338,44472,2025-09-11 08:57:00,Football,,2025-09-11 10:26:00,
1339,44472,2025-09-17 08:18:00,Football,,2025-09-17 09:22:00,
1340,44472,2025-09-23 07:44:00,Football,,2025-09-23 08:53:00,Très bonnes sensations.
1341,44472,2025-10-04 08:33:00,Football,,2025-10-04 10:13:00,
1342,44472,2025-10-08 17:59:00,Football,,2025-10-08 19:07:00,Très bonnes sensations.
1343,44472,2025-10-10 09:26:00,Football,,2025-10-10 10:54:00,
1344,44472,2025-10-12 07:55:00,Football,,2025-10-12 09:09:00,Entraînement terminé.
1345,44472,2025-10-13 12:37:00,Football,,2025-10-13 13:58:00,Entraînement terminé.
1346,44472,2025-10-23 18:33:00,Football,,2025-10-23 20:08:00,Très bonnes sensations.
1347,44472,2025-10-24 12:19:00,Football,,2025-10-24 13:55:00,Bonne séance.
1348,44472,2025-10-27 08:30:00,Football,,2025-10-27 09:53:00,Entraînement terminé.
1349,44472,2025-10-28 19:54:00,Football,,2025-10-28 20:57:00,Bonne séance.
1350,44472,2025-11-04 08:39:00,Football,,2025-11-04 09:49:00,Entraînement terminé.
1351,44472,2025-11-05 08:11:00,Football,,2025-11-05 09:56:00,Bonne séance.
1352,44472,2025-11-10 07:02:00,Football,,2025-11-10 08:22:00,Bonne séance.
1353,44472,2025-11-18 08:13:00,Football,,2025-11-18 09:48:00,
1354,44472,2025-11-22 18:20:00,Football,,2025-11-22 19:42:00,Bonne séance.
1355,44472,2025-11-26 08:34:00,Football,,2025-11-26 09:53:00,
1356,44472,2025-11-27 07:25:00,Football,,2025-11-27 08:56:00,Bonne séance.
1357,44472,2025-12-01 07:47:00,Football,,2025-12-01 09:21:00,Entraînement terminé.
1358,44472,2025-12-02 18:45:00,Football,,2025-12-02 20:03:00,Très bonnes sensations.
1359,44472,2025-12-11 18:09:00,Football,,2025-12-11 19:45:00,Très bonnes sensations.
1360,44472,2025-12-13 09:44:00,Football,,2025-12-13 10:51:00,Très bonnes sensations.
1361,44472,2025-12-15 18:35:00,Football,,2025-12-15 19:42:00,Entraînement terminé.
1362,44472,2025-12-24 17:53:00,Football,,2025-12-24 19:07:00,Très bonnes sensations.
1363,44472,2025-12-28 07:38:00,Football,,2025-12-28 09:19:00,Bonne séance.
1364,44472,2025-12-30 17:33:00,Football,,2025-12-30 18:47:00,Entraînement terminé.
1365,44472,2026-01-04 07:34:00,Football,,2026-01-04 09:02:00,
1366,44472,2026-01-12 09:38:00,Football,,2026-01-12 11:16:00,
1367,44472,2026-01-14 18:23:00,Football,,2026-01-14 19:48:00,Bonne séance.
1368,44472,2026-01-17 18:54:00,Football,,2026-01-17 20:21:00,Entraînement terminé.
1369,44472,2026-01-18 09:22:00,Football,,2026-01-18 10:44:00,Entraînement terminé.
1370,44472,2026-01-20 12:55:00,Football,,2026-01-20 14:30:00,
1371,44472,2026-01-30 12:47:00,Football,,2026-01-30 14:13:00,Très bonnes sensations.
1372,44472,2026-02-02 12:46:00,Football,,2026-02-02 14:12:00,Bonne séance.
1373,44472,2026-02-06 19:37:00,Football,,2026-02-06 21:15:00,
1374,44472,2026-02-09 09:30:00,Football,,2026-02-09 11:03:00,Entraînement terminé.
1375,44472,2026-02-19 19:24:00,Football,,2026-02-19 20:29:00,
1376,44472,2026-02-24 12:11:00,Football,,2026-02-24 13:46:00,Très bonnes sensations.
1377,44472,2026-02-27 18:36:00,Football,,2026-02-27 20:24:00,Bonne séance.
1378,44472,2026-03-02 19:24:00,Football,,2026-03-02 20:42:00,Très bonnes sensations.
1379,44472,2026-03-14 19:19:00,Football,,2026-03-14 20:56:00,Entraînement terminé.
1380,44472,2026-03-19 12:14:00,Football,,2026-03-19 13:15:00,
1381,44472,2026-03-20 08:16:00,Football,,2026-03-20 09:35:00,Très bonnes sensations.
1382,44472,2026-03-27 18:57:00,Football,,2026-03-27 20:15:00,Très bonnes sensations.
1383,44472,2026-04-01 18:41:00,Football,,2026-04-01 19:56:00,
1384,44472,2026-04-11 09:31:00,Football,,2026-04-11 10:35:00,Entraînement terminé.
1385,44472,2026-04-15 19:16:00,Football,,2026-04-15 20:56:00,Très bonnes sensations.
1386,44472,2026-04-16 18:52:00,Football,,2026-04-16 19:59:00,Entraînement terminé.
1387,44472,2026-04-18 17:46:00,Football,,2026-04-18 19:22:00,
1388,44472,2026-04-20 07:09:00,Football,,2026-04-20 08:29:00,Très bonnes sensations.
1389,44472,2026-04-23 18:08:00,Football,,2026-04-23 19:30:00,Bonne séance.
1390,44472,2026-04-28 09:26:00,Football,,2026-04-28 11:06:00,Entraînement terminé.
1391,44472,2026-05-05 09:33:00,Football,,2026-05-05 11:13:00,
1392,44472,2026-05-11 19:06:00,Football,,2026-05-11 20:44:00,Bonne séance.
1393,44472,2026-05-15 17:20:00,Football,,2026-05-15 18:40:00,Entraînement terminé.
1394,44472,2026-05-16 09:43:00,Football,,2026-05-16 11:27:00,Entraînement terminé.
1395,44472,2026-05-21 17:22:00,Football,,2026-05-21 18:31:00,
1396,44472,2026-05-28 09:23:00,Football,,2026-05-28 11:12:00,Très bonnes sensations.
1397,44472,2026-06-01 07:13:00,Football,,2026-06-01 08:22:00,Bonne séance.
1398,44472,2026-06-02 19:12:00,Football,,2026-06-02 21:02:00,
1399,44472,2026-06-07 07:52:00,Football,,2026-06-07 09:00:00,
1400,44472,2026-06-10 12:22:00,Football,,2026-06-10 13:41:00,Entraînement terminé.
1401,44472,2026-06-20 12:56:00,Football,,2026-06-20 14:34:00,Entraînement terminé.
1402,44472,2026-06-26 09:01:00,Football,,2026-06-26 10:48:00,
1403,44472,2026-06-29 19:44:00,Football,,2026-06-29 20:53:00,Bonne séance.
1404,44472,2026-07-06 08:05:00,Football,,2026-07-06 09:32:00,
1405,44472,2026-07-11 07:01:00,Football,,2026-07-11 08:50:00,Très bonnes sensations.
1406,44472,2026-07-12 07:02:00,Football,,2026-07-12 08:52:00,
1407,44472,2026-07-13 12:07:00,Football,,2026-07-13 13:23:00,
1408,44472,2026-07-20 18:00:00,Football,,2026-07-20 19:48:00,
1409,97309,2025-07-21 08:42:00,Tennis,,2025-07-21 10:11:00,
1410,97309,2025-07-24 07:09:00,Tennis,,2025-07-24 08:29:00,Entraînement terminé.
1411,97309,2025-07-26 09:10:00,Tennis,,2025-07-26 10:59:00,Bonne séance.
1412,97309,2025-07-27 19:37:00,Tennis,,2025-07-27 20:23:00,Bonne séance.
1413,97309,2025-07-31 18:12:00,Tennis,,2025-07-31 19:33:00,Bonne séance.
1414,97309,2025-08-01 19:34:00,Tennis,,2025-08-01 20:19:00,
1415,97309,2025-08-07 19:45:00,Tennis,,2025-08-07 21:30:00,Entraînement terminé.
1416,97309,2025-08-11 18:06:00,Tennis,,2025-08-11 19:14:00,Entraînement terminé.
1417,97309,2025-08-13 12:27:00,Tennis,,2025-08-13 13:39:00,Bonne séance.
1418,97309,2025-08-14 12:07:00,Tennis,,2025-08-14 13:32:00,
1419,97309,2025-08-17 08:31:00,Tennis,,2025-08-17 10:02:00,Entraînement terminé.
1420,97309,2025-08-21 17:46:00,Tennis,,2025-08-21 18:36:00,
1421,97309,2025-08-24 12:18:00,Tennis,,2025-08-24 14:01:00,Entraînement terminé.
1422,97309,2025-08-27 18:53:00,Tennis,,2025-08-27 20:34:00,Bonne séance.
1423,97309,2025-09-02 08:54:00,Tennis,,2025-09-02 09:47:00,Très bonnes sensations.
1424,97309,2025-09-03 18:23:00,Tennis,,2025-09-03 19:30:00,
1425,97309,2025-09-06 18:31:00,Tennis,,2025-09-06 19:29:00,Très bonnes sensations.
1426,97309,2025-09-11 18:05:00,Tennis,,2025-09-11 19:05:00,Bonne séance.
1427,97309,2025-09-12 12:25:00,Tennis,,2025-09-12 14:25:00,
1428,97309,2025-09-14 08:21:00,Tennis,,2025-09-14 09:31:00,Très bonnes sensations.
1429,97309,2025-09-15 07:14:00,Tennis,,2025-09-15 08:53:00,Très bonnes sensations.
1430,97309,2025-09-16 09:48:00,Tennis,,2025-09-16 11:47:00,Entraînement terminé.
1431,97309,2025-09-23 18:38:00,Tennis,,2025-09-23 20:14:00,Très bonnes sensations.
1432,97309,2025-09-24 17:17:00,Tennis,,2025-09-24 18:20:00,Très bonnes sensations.
1433,97309,2025-09-27 07:07:00,Tennis,,2025-09-27 08:24:00,Très bonnes sensations.
1434,97309,2025-09-29 08:01:00,Tennis,,2025-09-29 08:58:00,
1435,97309,2025-10-03 19:04:00,Tennis,,2025-10-03 20:52:00,
1436,97309,2025-10-08 17:43:00,Tennis,,2025-10-08 19:09:00,Bonne séance.
1437,97309,2025-10-16 07:48:00,Tennis,,2025-10-16 08:42:00,Très bonnes sensations.
1438,97309,2025-10-18 19:29:00,Tennis,,2025-10-18 20:39:00,Entraînement terminé.
1439,97309,2025-10-22 09:34:00,Tennis,,2025-10-22 11:02:00,
1440,97309,2025-10-23 19:02:00,Tennis,,2025-10-23 20:42:00,
1441,97309,2025-10-25 12:28:00,Tennis,,2025-10-25 13:53:00,Très bonnes sensations.
1442,97309,2025-10-26 07:11:00,Tennis,,2025-10-26 09:07:00,Entraînement terminé.
1443,97309,2025-10-29 18:10:00,Tennis,,2025-10-29 19:57:00,Très bonnes sensations.
1444,97309,2025-11-04 18:24:00,Tennis,,2025-11-04 20:11:00,
1445,97309,2025-11-12 18:34:00,Tennis,,2025-11-12 20:32:00,Très bonnes sensations.
1446,97309,2025-11-13 12:35:00,Tennis,,2025-11-13 13:40:00,
1447,97309,2025-11-14 12:16:00,Tennis,,2025-11-14 14:04:00,Très bonnes sensations.
1448,97309,2025-11-18 09:03:00,Tennis,,2025-11-18 09:51:00,
1449,97309,2025-11-21 08:53:00,Tennis,,2025-11-21 10:24:00,Entraînement terminé.
1450,97309,2025-11-22 19:47:00,Tennis,,2025-11-22 21:46:00,
1451,97309,2025-11-23 12:22:00,Tennis,,2025-11-23 13:52:00,Très bonnes sensations.
1452,97309,2025-11-25 09:03:00,Tennis,,2025-11-25 10:19:00,Bonne séance.
1453,97309,2025-11-26 08:41:00,Tennis,,2025-11-26 10:05:00,
1454,97309,2025-11-30 09:10:00,Tennis,,2025-11-30 09:57:00,Entraînement terminé.
1455,97309,2025-12-02 07:29:00,Tennis,,2025-12-02 09:08:00,Très bonnes sensations.
1456,97309,2025-12-06 09:01:00,Tennis,,2025-12-06 10:46:00,
1457,97309,2025-12-10 12:20:00,Tennis,,2025-12-10 14:18:00,
1458,97309,2025-12-11 19:31:00,Tennis,,2025-12-11 20:28:00,Bonne séance.
1459,97309,2025-12-17 19:48:00,Tennis,,2025-12-17 21:16:00,Bonne séance.
1460,97309,2025-12-18 17:19:00,Tennis,,2025-12-18 18:50:00,Très bonnes sensations.
1461,97309,2025-12-24 18:54:00,Tennis,,2025-12-24 19:48:00,Bonne séance.
1462,97309,2025-12-28 09:36:00,Tennis,,2025-12-28 11:12:00,Bonne séance.
1463,97309,2025-12-30 17:47:00,Tennis,,2025-12-30 18:43:00,
1464,97309,2026-01-04 17:51:00,Tennis,,2026-01-04 19:43:00,Très bonnes sensations.
1465,97309,2026-01-06 12:13:00,Tennis,,2026-01-06 13:42:00,
1466,97309,2026-01-10 18:52:00,Tennis,,2026-01-10 20:15:00,Entraînement terminé.
1467,97309,2026-01-15 09:12:00,Tennis,,2026-01-15 10:50:00,Très bonnes sensations.
1468,97309,2026-01-16 09:39:00,Tennis,,2026-01-16 11:29:00,Très bonnes sensations.
1469,97309,2026-01-19 07:40:00,Tennis,,2026-01-19 09:31:00,Bonne séance.
1470,97309,2026-01-22 17:31:00,Tennis,,2026-01-22 18:43:00,Très bonnes sensations.
1471,97309,2026-01-24 09:59:00,Tennis,,2026-01-24 11:52:00,Très bonnes sensations.
1472,97309,2026-01-25 17:12:00,Tennis,,2026-01-25 18:43:00,Très bonnes sensations.
1473,97309,2026-01-30 08:15:00,Tennis,,2026-01-30 09:19:00,Entraînement terminé.
1474,97309,2026-01-31 19:27:00,Tennis,,2026-01-31 21:04:00,Entraînement terminé.
1475,97309,2026-02-06 08:54:00,Tennis,,2026-02-06 10:31:00,Entraînement terminé.
1476,97309,2026-02-09 09:43:00,Tennis,,2026-02-09 10:58:00,Très bonnes sensations.
1477,97309,2026-02-13 08:07:00,Tennis,,2026-02-13 09:11:00,Bonne séance.
1478,97309,2026-02-16 19:52:00,Tennis,,2026-02-16 21:16:00,Très bonnes sensations.
1479,97309,2026-02-25 12:41:00,Tennis,,2026-02-25 13:30:00,Bonne séance.
1480,97309,2026-02-26 08:17:00,Tennis,,2026-02-26 09:19:00,
1481,97309,2026-03-03 18:35:00,Tennis,,2026-03-03 19:42:00,
1482,97309,2026-03-07 18:31:00,Tennis,,2026-03-07 19:18:00,
1483,97309,2026-03-10 17:19:00,Tennis,,2026-03-10 18:12:00,Très bonnes sensations.
1484,97309,2026-03-20 07:25:00,Tennis,,2026-03-20 08:27:00,Bonne séance.
1485,97309,2026-03-21 07:36:00,Tennis,,2026-03-21 09:25:00,
1486,97309,2026-03-26 09:31:00,Tennis,,2026-03-26 10:27:00,Bonne séance.
1487,97309,2026-03-27 17:07:00,Tennis,,2026-03-27 18:32:00,Entraînement terminé.
1488,97309,2026-03-28 19:37:00,Tennis,,2026-03-28 21:11:00,Bonne séance.
1489,97309,2026-03-30 07:11:00,Tennis,,2026-03-30 08:23:00,Entraînement terminé.
1490,97309,2026-04-04 12:26:00,Tennis,,2026-04-04 13:43:00,
1491,97309,2026-04-07 18:07:00,Tennis,,2026-04-07 19:32:00,Très bonnes sensations.
1492,97309,2026-04-09 12:43:00,Tennis,,2026-04-09 13:59:00,Entraînement terminé.
1493,97309,2026-04-14 12:45:00,Tennis,,2026-04-14 14:17:00,Entraînement terminé.
1494,97309,2026-04-24 17:02:00,Tennis,,2026-04-24 17:53:00,Bonne séance.
1495,97309,2026-04-29 09:40:00,Tennis,,2026-04-29 11:11:00,
1496,97309,2026-04-30 17:55:00,Tennis,,2026-04-30 19:10:00,Très bonnes sensations.
1497,97309,2026-05-03 09:19:00,Tennis,,2026-05-03 10:15:00,Bonne séance.
1498,97309,2026-05-06 09:13:00,Tennis,,2026-05-06 10:18:00,Très bonnes sensations.
1499,97309,2026-05-12 19:02:00,Tennis,,2026-05-12 20:22:00,
1500,97309,2026-05-13 19:49:00,Tennis,,2026-05-13 21:36:00,Très bonnes sensations.
1501,97309,2026-05-15 18:26:00,Tennis,,2026-05-15 19:53:00,Très bonnes sensations.
1502,97309,2026-05-23 08:44:00,Tennis,,2026-05-23 10:02:00,
1503,97309,2026-05-27 18:52:00,Tennis,,2026-05-27 20:47:00,Entraînement terminé.
1504,97309,2026-05-28 12:44:00,Tennis,,2026-05-28 13:32:00,
1505,97309,2026-06-01 19:41:00,Tennis,,2026-06-01 20:43:00,
1506,97309,2026-06-03 12:12:00,Tennis,,2026-06-03 13:36:00,Entraînement terminé.
1507,97309,2026-06-05 17:05:00,Tennis,,2026-06-05 18:04:00,Bonne séance.
1508,97309,2026-06-11 18:49:00,Tennis,,2026-06-11 19:50:00,Très bonnes sensations.
1509,97309,2026-06-17 19:47:00,Tennis,,2026-06-17 20:49:00,Entraînement terminé.
1510,97309,2026-06-20 08:43:00,Tennis,,2026-06-20 10:43:00,Entraînement terminé.
1511,97309,2026-06-21 12:23:00,Tennis,,2026-06-21 13:31:00,Très bonnes sensations.
1512,97309,2026-06-22 12:53:00,Tennis,,2026-06-22 14:51:00,Bonne séance.
1513,97309,2026-06-28 17:41:00,Tennis,,2026-06-28 18:55:00,
1514,97309,2026-07-06 18:54:00,Tennis,,2026-07-06 20:00:00,
1515,97309,2026-07-07 12:39:00,Tennis,,2026-07-07 14:18:00,Entraînement terminé.
1516,97309,2026-07-12 09:10:00,Tennis,,2026-07-12 11:07:00,
1517,97309,2026-07-20 19:58:00,Tennis,,2026-07-20 21:41:00,Très bonnes sensations.
1518,39874,2025-08-05 18:31:00,Tennis,,2025-08-05 20:04:00,Bonne séance.
1519,39874,2025-08-16 08:38:00,Tennis,,2025-08-16 09:50:00,Entraînement terminé.
1520,39874,2025-08-25 12:50:00,Tennis,,2025-08-25 13:53:00,
1521,39874,2025-09-02 08:39:00,Tennis,,2025-09-02 10:21:00,Bonne séance.
1522,39874,2025-09-11 18:41:00,Tennis,,2025-09-11 20:24:00,
1523,39874,2025-09-22 19:20:00,Tennis,,2025-09-22 20:55:00,Bonne séance.
1524,39874,2025-10-03 12:47:00,Tennis,,2025-10-03 14:04:00,
1525,39874,2025-10-27 12:58:00,Tennis,,2025-10-27 14:28:00,
1526,39874,2025-11-13 17:24:00,Tennis,,2025-11-13 18:47:00,Très bonnes sensations.
1527,39874,2025-11-17 17:02:00,Tennis,,2025-11-17 19:01:00,Bonne séance.
1528,39874,2025-11-24 17:31:00,Tennis,,2025-11-24 18:59:00,Très bonnes sensations.
1529,39874,2025-12-19 17:27:00,Tennis,,2025-12-19 18:30:00,Entraînement terminé.
1530,39874,2025-12-28 08:31:00,Tennis,,2025-12-28 09:51:00,Entraînement terminé.
1531,39874,2026-01-06 09:39:00,Tennis,,2026-01-06 10:57:00,Entraînement terminé.
1532,39874,2026-01-12 09:47:00,Tennis,,2026-01-12 11:34:00,Bonne séance.
1533,39874,2026-01-18 08:09:00,Tennis,,2026-01-18 09:00:00,Bonne séance.
1534,39874,2026-02-10 08:45:00,Tennis,,2026-02-10 10:29:00,Très bonnes sensations.
1535,39874,2026-02-22 12:22:00,Tennis,,2026-02-22 14:18:00,Très bonnes sensations.
1536,39874,2026-03-04 07:54:00,Tennis,,2026-03-04 08:57:00,
1537,39874,2026-03-08 08:55:00,Tennis,,2026-03-08 10:16:00,Bonne séance.
1538,39874,2026-03-26 18:37:00,Tennis,,2026-03-26 19:49:00,
1539,39874,2026-04-05 08:49:00,Tennis,,2026-04-05 10:37:00,
1540,39874,2026-04-12 09:43:00,Tennis,,2026-04-12 10:43:00,Très bonnes sensations.
1541,39874,2026-04-23 07:53:00,Tennis,,2026-04-23 09:19:00,Bonne séance.
1542,39874,2026-05-16 18:42:00,Tennis,,2026-05-16 20:28:00,Très bonnes sensations.
1543,39874,2026-05-21 18:00:00,Tennis,,2026-05-21 19:27:00,
1544,39874,2026-05-26 18:46:00,Tennis,,2026-05-26 20:43:00,Bonne séance.
1545,39874,2026-06-16 19:03:00,Tennis,,2026-06-16 19:57:00,Très bonnes sensations.
1546,39874,2026-06-30 08:15:00,Tennis,,2026-06-30 09:51:00,
1547,49804,2025-07-22 19:41:00,Runing,5525.0,2025-07-22 20:23:55,Très bonnes sensations.
1548,49804,2025-07-25 19:27:00,Runing,15056.0,2025-07-25 20:43:19,Reprise du sport :)
1549,49804,2025-07-28 18:06:00,Runing,16632.0,2025-07-28 19:54:25,Bonne sortie !
1550,49804,2025-07-29 12:28:00,Runing,17506.0,2025-07-29 14:20:36,Reprise du sport :)
1551,49804,2025-07-31 17:38:00,Runing,9931.0,2025-07-31 18:57:01,Très bonnes sensations.
1552,49804,2025-08-04 12:40:00,Runing,9979.0,2025-08-04 13:59:13,Reprise du sport :)
1553,49804,2025-08-07 12:43:00,Runing,6673.0,2025-08-07 13:19:47,Bonne sortie !
1554,49804,2025-08-14 18:33:00,Runing,4375.0,2025-08-14 19:03:01,Très bonnes sensations.
1555,49804,2025-08-15 07:58:00,Runing,16132.0,2025-08-15 09:36:07,Bonne sortie !
1556,49804,2025-08-22 09:53:00,Runing,7073.0,2025-08-22 10:34:51,Reprise du sport :)
1557,49804,2025-08-24 07:32:00,Runing,4763.0,2025-08-24 08:00:24,Très bonnes sensations.
1558,49804,2025-08-28 07:29:00,Runing,13827.0,2025-08-28 08:42:17,Reprise du sport :)
1559,49804,2025-08-30 09:16:00,Runing,12593.0,2025-08-30 10:56:52,
1560,49804,2025-09-05 18:29:00,Runing,5941.0,2025-09-05 18:59:25,Très bonnes sensations.
1561,49804,2025-09-07 12:56:00,Runing,14540.0,2025-09-07 14:35:18,Très bonnes sensations.
1562,49804,2025-09-16 09:58:00,Runing,17276.0,2025-09-16 11:25:24,Bonne sortie !
1563,49804,2025-09-17 08:05:00,Runing,15239.0,2025-09-17 09:15:55,Reprise du sport :)
1564,49804,2025-09-18 19:43:00,Runing,4742.0,2025-09-18 20:12:38,
1565,49804,2025-09-24 07:00:00,Runing,5813.0,2025-09-24 07:31:54,Très bonnes sensations.
1566,49804,2025-10-01 18:31:00,Runing,7961.0,2025-10-01 19:15:36,Reprise du sport :)
1567,49804,2025-10-02 18:43:00,Runing,14309.0,2025-10-02 20:00:41,Reprise du sport :)
1568,49804,2025-10-03 07:08:00,Runing,5213.0,2025-10-03 07:52:09,
1569,49804,2025-10-10 08:54:00,Runing,3439.0,2025-10-10 09:19:00,Bonne sortie !
1570,49804,2025-10-13 08:05:00,Runing,7930.0,2025-10-13 08:45:57,Bonne sortie !
1571,49804,2025-10-15 12:27:00,Runing,3357.0,2025-10-15 12:53:10,Bonne sortie !
1572,49804,2025-10-16 18:44:00,Runing,10295.0,2025-10-16 19:32:19,Très bonnes sensations.
1573,49804,2025-10-25 12:37:00,Runing,6975.0,2025-10-25 13:27:59,Très bonnes sensations.
1574,49804,2025-10-28 07:06:00,Runing,13328.0,2025-10-28 08:12:10,Très bonnes sensations.
1575,49804,2025-11-05 18:37:00,Runing,12762.0,2025-11-05 19:44:15,Reprise du sport :)
1576,49804,2025-11-08 07:31:00,Runing,9548.0,2025-11-08 08:28:46,Très bonnes sensations.
1577,49804,2025-11-14 07:33:00,Runing,3311.0,2025-11-14 07:53:50,Reprise du sport :)
1578,49804,2025-11-16 12:07:00,Runing,11106.0,2025-11-16 13:09:04,Reprise du sport :)
1579,49804,2025-11-18 12:44:00,Runing,10147.0,2025-11-18 14:09:27,Reprise du sport :)
1580,49804,2025-11-19 18:12:00,Runing,10688.0,2025-11-19 19:22:45,Bonne sortie !
1581,49804,2025-11-24 17:54:00,Runing,16802.0,2025-11-24 19:23:17,Très bonnes sensations.
1582,49804,2025-11-25 08:56:00,Runing,7806.0,2025-11-25 09:37:19,Très bonnes sensations.
1583,49804,2025-11-27 12:53:00,Runing,14028.0,2025-11-27 14:10:07,Reprise du sport :)
1584,49804,2025-12-01 17:13:00,Runing,7627.0,2025-12-01 17:54:04,
1585,49804,2025-12-06 18:30:00,Runing,5115.0,2025-12-06 19:08:10,Bonne sortie !
1586,49804,2025-12-07 12:19:00,Runing,6845.0,2025-12-07 13:08:45,
1587,49804,2025-12-10 07:22:00,Runing,17432.0,2025-12-10 09:24:07,Bonne sortie !
1588,49804,2025-12-13 08:52:00,Runing,17081.0,2025-12-13 10:14:52,
1589,49804,2025-12-16 12:07:00,Runing,13118.0,2025-12-16 13:41:09,Bonne sortie !
1590,49804,2025-12-23 19:22:00,Runing,15605.0,2025-12-23 21:30:37,Reprise du sport :)
1591,49804,2025-12-27 08:54:00,Runing,14307.0,2025-12-27 10:04:07,
1592,49804,2025-12-28 19:48:00,Runing,4817.0,2025-12-28 20:10:30,
1593,49804,2025-12-31 19:35:00,Runing,3687.0,2025-12-31 19:57:02,Bonne sortie !
1594,49804,2026-01-02 18:07:00,Runing,17268.0,2026-01-02 20:12:51,Reprise du sport :)
1595,49804,2026-01-09 09:45:00,Runing,10233.0,2026-01-09 10:38:04,Très bonnes sensations.
1596,49804,2026-01-11 18:23:00,Runing,8482.0,2026-01-11 19:05:43,
1597,49804,2026-01-12 19:12:00,Runing,10194.0,2026-01-12 19:59:43,
1598,49804,2026-01-17 08:53:00,Runing,16257.0,2026-01-17 10:32:06,Reprise du sport :)
1599,49804,2026-01-18 09:45:00,Runing,15367.0,2026-01-18 11:22:09,Bonne sortie !
1600,49804,2026-01-19 08:48:00,Runing,15345.0,2026-01-19 10:18:28,Bonne sortie !
1601,49804,2026-01-20 08:51:00,Runing,10025.0,2026-01-20 09:54:27,Très bonnes sensations.
1602,49804,2026-01-29 19:43:00,Runing,8927.0,2026-01-29 20:25:18,Très bonnes sensations.
1603,49804,2026-01-31 08:49:00,Runing,3162.0,2026-01-31 09:05:47,
1604,49804,2026-02-03 09:25:00,Runing,15654.0,2026-02-03 11:22:37,
1605,49804,2026-02-08 18:59:00,Runing,13509.0,2026-02-08 20:41:32,
1606,49804,2026-02-14 18:45:00,Runing,16091.0,2026-02-14 20:13:04,Reprise du sport :)
1607,49804,2026-02-18 18:35:00,Runing,17312.0,2026-02-18 20:32:41,Reprise du sport :)
1608,49804,2026-02-20 09:00:00,Runing,16549.0,2026-02-20 10:54:25,Bonne sortie !
1609,49804,2026-02-23 17:39:00,Runing,15916.0,2026-02-23 19:08:10,Très bonnes sensations.
1610,49804,2026-02-25 18:22:00,Runing,17543.0,2026-02-25 19:50:40,Très bonnes sensations.
1611,49804,2026-02-28 19:12:00,Runing,17433.0,2026-02-28 21:10:44,
1612,49804,2026-03-02 17:34:00,Runing,7651.0,2026-03-02 18:29:26,Reprise du sport :)
1613,49804,2026-03-03 17:21:00,Runing,15403.0,2026-03-03 18:46:28,
1614,49804,2026-03-04 07:56:00,Runing,16051.0,2026-03-04 09:30:03,Reprise du sport :)
1615,49804,2026-03-14 19:19:00,Runing,14903.0,2026-03-14 20:52:46,
1616,49804,2026-03-15 18:32:00,Runing,8807.0,2026-03-15 19:40:15,
1617,49804,2026-03-17 12:19:00,Runing,12378.0,2026-03-17 13:24:02,Très bonnes sensations.
1618,49804,2026-03-20 09:15:00,Runing,16195.0,2026-03-20 10:39:41,Bonne sortie !
1619,49804,2026-03-24 18:50:00,Runing,16354.0,2026-03-24 20:16:55,Bonne sortie !
1620,49804,2026-03-28 18:24:00,Runing,11514.0,2026-03-28 19:24:28,
1621,49804,2026-04-02 08:52:00,Runing,15755.0,2026-04-02 10:35:07,
1622,49804,2026-04-04 08:45:00,Runing,9974.0,2026-04-04 09:35:00,
1623,49804,2026-04-05 12:56:00,Runing,5130.0,2026-04-05 13:27:13,Très bonnes sensations.
1624,49804,2026-04-14 18:33:00,Runing,9598.0,2026-04-14 19:27:42,Très bonnes sensations.
1625,49804,2026-04-22 18:27:00,Runing,10210.0,2026-04-22 19:22:01,Très bonnes sensations.
1626,49804,2026-04-23 18:26:00,Runing,16497.0,2026-04-23 20:30:05,Bonne sortie !
1627,49804,2026-04-29 08:45:00,Runing,11408.0,2026-04-29 09:41:12,
1628,49804,2026-05-01 18:13:00,Runing,10461.0,2026-05-01 19:16:47,Bonne sortie !
1629,49804,2026-05-03 19:26:00,Runing,4807.0,2026-05-03 20:03:20,Reprise du sport :)
1630,49804,2026-05-05 07:33:00,Runing,5511.0,2026-05-05 08:15:54,Reprise du sport :)
1631,49804,2026-05-07 09:19:00,Runing,7816.0,2026-05-07 10:06:18,Bonne sortie !
1632,49804,2026-05-16 17:26:00,Runing,3797.0,2026-05-16 17:44:03,Reprise du sport :)
1633,49804,2026-05-18 19:47:00,Runing,11008.0,2026-05-18 21:21:11,Reprise du sport :)
1634,49804,2026-05-23 07:55:00,Runing,3732.0,2026-05-23 08:18:33,Reprise du sport :)
1635,49804,2026-05-26 12:53:00,Runing,14797.0,2026-05-26 14:06:58,Bonne sortie !
1636,49804,2026-05-27 19:08:00,Runing,11270.0,2026-05-27 20:10:30,Très bonnes sensations.
1637,49804,2026-05-30 18:28:00,Runing,5440.0,2026-05-30 18:54:45,Reprise du sport :)
1638,49804,2026-06-06 17:42:00,Runing,13216.0,2026-06-06 19:05:51,Bonne sortie !
1639,49804,2026-06-09 07:42:00,Runing,17582.0,2026-06-09 09:31:13,Reprise du sport :)
1640,49804,2026-06-11 18:05:00,Runing,17187.0,2026-06-11 20:14:00,
1641,49804,2026-06-16 17:41:00,Runing,5028.0,2026-06-16 18:08:46,
1642,49804,2026-06-19 08:39:00,Runing,11877.0,2026-06-19 09:47:07,
1643,49804,2026-06-20 17:33:00,Runing,6103.0,2026-06-20 18:04:50,
1644,49804,2026-06-26 17:11:00,Runing,3310.0,2026-06-26 17:33:58,Bonne sortie !
1645,49804,2026-07-04 18:53:00,Runing,17543.0,2026-07-04 20:33:28,
1646,49804,2026-07-07 17:02:00,Runing,11052.0,2026-07-07 17:56:29,
1647,49804,2026-07-08 09:27:00,Runing,5957.0,2026-07-08 10:04:40,Reprise du sport :)
1648,49804,2026-07-09 12:16:00,Runing,4491.0,2026-07-09 12:51:03,
1649,49804,2026-07-13 08:16:00,Runing,15587.0,2026-07-13 10:20:04,Reprise du sport :)
1650,49804,2026-07-14 12:43:00,Runing,5772.0,2026-07-14 13:30:06,Reprise du sport :)
1651,49804,2026-07-18 08:01:00,Runing,14686.0,2026-07-18 10:00:52,Très bonnes sensations.
1652,49804,2026-07-20 08:26:00,Runing,17631.0,2026-07-20 10:24:16,Très bonnes sensations.
1653,37866,2025-07-20 19:38:00,Natation,2900.0,2025-07-20 20:45:09,Travail d'endurance.
1654,37866,2025-07-21 19:32:00,Natation,2077.0,2025-07-21 20:00:30,Bonne séance.
1655,37866,2025-07-25 07:20:00,Natation,2403.0,2025-07-25 08:02:37,
1656,37866,2025-07-27 09:35:00,Natation,2900.0,2025-07-27 10:22:11,
1657,37866,2025-07-28 19:35:00,Natation,3168.0,2025-07-28 20:22:58,Bonne séance.
1658,37866,2025-07-30 17:26:00,Natation,2326.0,2025-07-30 18:29:09,Travail d'endurance.
1659,37866,2025-08-02 17:13:00,Natation,3706.0,2025-08-02 18:03:19,Bonne séance.
1660,37866,2025-08-04 12:02:00,Natation,504.0,2025-08-04 12:09:30,Travail d'endurance.
1661,37866,2025-08-05 09:41:00,Natation,1185.0,2025-08-05 10:16:32,Bonne séance.
1662,37866,2025-08-06 09:38:00,Natation,1527.0,2025-08-06 10:00:21,Bonne séance.
1663,37866,2025-08-07 09:53:00,Natation,3089.0,2025-08-07 11:06:12,Travail d'endurance.
1664,37866,2025-08-09 09:02:00,Natation,1161.0,2025-08-09 09:20:06,Travail d'endurance.
1665,37866,2025-08-10 18:07:00,Natation,3901.0,2025-08-10 19:46:38,Travail d'endurance.
1666,37866,2025-08-12 09:56:00,Natation,2269.0,2025-08-12 10:49:52,Travail d'endurance.
1667,37866,2025-08-13 19:20:00,Natation,3293.0,2025-08-13 20:05:17,Travail d'endurance.
1668,37866,2025-08-19 08:42:00,Natation,1817.0,2025-08-19 09:20:12,Bonne séance.
1669,37866,2025-08-20 17:21:00,Natation,565.0,2025-08-20 17:28:55,
1670,37866,2025-08-22 18:59:00,Natation,508.0,2025-08-22 19:07:39,
1671,37866,2025-08-23 07:43:00,Natation,1210.0,2025-08-23 08:06:56,Travail d'endurance.
1672,37866,2025-08-24 18:04:00,Natation,2706.0,2025-08-24 19:22:09,Travail d'endurance.
1673,37866,2025-08-26 12:43:00,Natation,1005.0,2025-08-26 13:03:55,Bonne séance.
1674,37866,2025-08-27 19:38:00,Natation,1966.0,2025-08-27 20:17:46,Travail d'endurance.
1675,37866,2025-08-28 07:07:00,Natation,2395.0,2025-08-28 07:56:06,
1676,37866,2025-08-30 12:00:00,Natation,1407.0,2025-08-30 12:21:53,Bonne séance.
1677,37866,2025-08-31 18:19:00,Natation,3811.0,2025-08-31 19:19:16,
1678,37866,2025-09-01 12:23:00,Natation,650.0,2025-09-01 12:37:26,Travail d'endurance.
1679,37866,2025-09-02 18:38:00,Natation,1356.0,2025-09-02 19:18:19,Travail d'endurance.
1680,37866,2025-09-05 12:07:00,Natation,1636.0,2025-09-05 12:35:41,Bonne séance.
1681,37866,2025-09-06 08:35:00,Natation,1293.0,2025-09-06 08:56:15,Travail d'endurance.
1682,37866,2025-09-07 17:08:00,Natation,3555.0,2025-09-07 18:46:38,Bonne séance.
1683,37866,2025-09-08 17:54:00,Natation,1433.0,2025-09-08 18:14:28,Travail d'endurance.
1684,37866,2025-09-11 19:17:00,Natation,1285.0,2025-09-11 19:35:43,
1685,37866,2025-09-12 18:43:00,Natation,2682.0,2025-09-12 19:28:30,Travail d'endurance.
1686,37866,2025-09-13 17:56:00,Natation,2359.0,2025-09-13 19:06:36,Bonne séance.
1687,37866,2025-09-14 19:26:00,Natation,1622.0,2025-09-14 20:08:14,Travail d'endurance.
1688,37866,2025-09-15 12:31:00,Natation,1980.0,2025-09-15 13:07:04,
1689,37866,2025-09-16 18:14:00,Natation,692.0,2025-09-16 18:29:24,Bonne séance.
1690,37866,2025-09-19 17:28:00,Natation,1795.0,2025-09-19 18:21:30,
1691,37866,2025-09-20 09:05:00,Natation,2842.0,2025-09-20 09:47:26,Travail d'endurance.
1692,37866,2025-09-21 08:12:00,Natation,1173.0,2025-09-21 08:36:56,
1693,37866,2025-09-24 18:40:00,Natation,896.0,2025-09-24 19:05:59,Bonne séance.
1694,37866,2025-09-26 19:01:00,Natation,2927.0,2025-09-26 19:44:59,Bonne séance.
1695,37866,2025-09-28 09:53:00,Natation,722.0,2025-09-28 10:03:41,Travail d'endurance.
1696,37866,2025-09-29 19:15:00,Natation,798.0,2025-09-29 19:27:09,Travail d'endurance.
1697,37866,2025-10-01 12:48:00,Natation,891.0,2025-10-01 13:03:00,Travail d'endurance.
1698,37866,2025-10-04 07:05:00,Natation,748.0,2025-10-04 07:15:27,Bonne séance.
1699,37866,2025-10-05 07:58:00,Natation,3786.0,2025-10-05 09:11:10,Bonne séance.
1700,37866,2025-10-06 17:40:00,Natation,2268.0,2025-10-06 18:42:52,Travail d'endurance.
1701,37866,2025-10-10 07:35:00,Natation,713.0,2025-10-10 07:50:38,Bonne séance.
1702,37866,2025-10-11 12:06:00,Natation,3028.0,2025-10-11 12:52:50,
1703,37866,2025-10-12 12:29:00,Natation,3756.0,2025-10-12 13:42:24,Travail d'endurance.
1704,37866,2025-10-13 17:06:00,Natation,1891.0,2025-10-13 17:37:17,Travail d'endurance.
1705,37866,2025-10-16 19:01:00,Natation,2359.0,2025-10-16 19:43:59,Travail d'endurance.
1706,37866,2025-10-17 08:06:00,Natation,920.0,2025-10-17 08:33:11,Travail d'endurance.
1707,37866,2025-10-18 07:37:00,Natation,3733.0,2025-10-18 08:31:36,Travail d'endurance.
1708,37866,2025-10-21 09:26:00,Natation,2471.0,2025-10-21 10:04:54,Bonne séance.
1709,37866,2025-10-23 08:15:00,Natation,1063.0,2025-10-23 08:30:58,
1710,37866,2025-10-24 08:19:00,Natation,2894.0,2025-10-24 09:15:12,Travail d'endurance.
1711,37866,2025-10-27 08:30:00,Natation,1764.0,2025-10-27 09:00:10,Bonne séance.
1712,37866,2025-10-28 09:00:00,Natation,2620.0,2025-10-28 09:45:21,Travail d'endurance.
1713,37866,2025-10-30 08:03:00,Natation,1472.0,2025-10-30 08:30:02,Travail d'endurance.
1714,37866,2025-10-31 19:03:00,Natation,2228.0,2025-10-31 19:49:45,
1715,37866,2025-11-02 12:44:00,Natation,3333.0,2025-11-02 13:28:53,Travail d'endurance.
1716,37866,2025-11-03 18:21:00,Natation,3989.0,2025-11-03 19:30:27,Bonne séance.
1717,37866,2025-11-04 17:19:00,Natation,2214.0,2025-11-04 18:06:05,
1718,37866,2025-11-06 12:56:00,Natation,3732.0,2025-11-06 13:48:22,Bonne séance.
1719,37866,2025-11-08 08:58:00,Natation,515.0,2025-11-08 09:06:35,Travail d'endurance.
1720,37866,2025-11-10 08:30:00,Natation,3508.0,2025-11-10 09:23:41,Bonne séance.
1721,37866,2025-11-12 19:47:00,Natation,2039.0,2025-11-12 20:35:41,
1722,37866,2025-11-13 19:00:00,Natation,1986.0,2025-11-13 19:58:51,Bonne séance.
1723,37866,2025-11-16 09:28:00,Natation,1296.0,2025-11-16 09:49:44,Bonne séance.
1724,37866,2025-11-17 07:01:00,Natation,1315.0,2025-11-17 07:32:38,
1725,37866,2025-11-20 08:56:00,Natation,1573.0,2025-11-20 09:20:51,Bonne séance.
1726,37866,2025-11-23 19:16:00,Natation,914.0,2025-11-23 19:42:43,Travail d'endurance.
1727,37866,2025-11-24 08:24:00,Natation,3182.0,2025-11-24 09:12:07,
1728,37866,2025-11-26 09:59:00,Natation,1361.0,2025-11-26 10:28:33,
1729,37866,2025-11-28 09:51:00,Natation,2025.0,2025-11-28 10:24:16,Travail d'endurance.
1730,37866,2025-11-29 19:39:00,Natation,2276.0,2025-11-29 20:11:33,
1731,37866,2025-12-01 08:34:00,Natation,2049.0,2025-12-01 09:06:54,Bonne séance.
1732,37866,2025-12-05 17:27:00,Natation,3105.0,2025-12-05 18:38:21,
1733,37866,2025-12-06 19:39:00,Natation,2905.0,2025-12-06 20:49:29,Travail d'endurance.
1734,37866,2025-12-08 07:40:00,Natation,3758.0,2025-12-08 09:03:30,
1735,37866,2025-12-09 19:32:00,Natation,2892.0,2025-12-09 20:13:10,
1736,37866,2025-12-12 18:05:00,Natation,3713.0,2025-12-12 19:15:08,Travail d'endurance.
1737,37866,2025-12-13 17:04:00,Natation,1185.0,2025-12-13 17:25:44,Travail d'endurance.
1738,37866,2025-12-14 09:45:00,Natation,2031.0,2025-12-14 10:21:46,Bonne séance.
1739,37866,2025-12-16 18:31:00,Natation,2440.0,2025-12-16 19:25:49,Bonne séance.
1740,37866,2025-12-17 18:58:00,Natation,3738.0,2025-12-17 20:02:49,
1741,37866,2025-12-18 08:14:00,Natation,1331.0,2025-12-18 08:39:31,
1742,37866,2025-12-19 12:13:00,Natation,1753.0,2025-12-19 12:47:21,Bonne séance.
1743,37866,2025-12-21 19:05:00,Natation,1708.0,2025-12-21 19:37:56,Bonne séance.
1744,37866,2025-12-22 08:37:00,Natation,668.0,2025-12-22 08:49:40,Travail d'endurance.
1745,37866,2025-12-23 09:27:00,Natation,2347.0,2025-12-23 10:11:26,Bonne séance.
1746,37866,2025-12-24 09:51:00,Natation,2537.0,2025-12-24 10:45:31,Bonne séance.
1747,37866,2025-12-26 07:11:00,Natation,2309.0,2025-12-26 08:04:36,Travail d'endurance.
1748,37866,2025-12-28 19:32:00,Natation,2600.0,2025-12-28 20:18:20,
1749,37866,2025-12-30 19:17:00,Natation,1432.0,2025-12-30 19:55:15,
1750,37866,2026-01-03 09:02:00,Natation,2736.0,2026-01-03 10:07:39,
1751,37866,2026-01-04 18:38:00,Natation,1064.0,2026-01-04 18:52:12,Travail d'endurance.
1752,37866,2026-01-06 18:34:00,Natation,1569.0,2026-01-06 19:20:34,Bonne séance.
1753,37866,2026-01-08 09:52:00,Natation,1919.0,2026-01-08 10:21:06,Bonne séance.
1754,37866,2026-01-09 12:52:00,Natation,2875.0,2026-01-09 13:36:18,
1755,37866,2026-01-10 12:41:00,Natation,2599.0,2026-01-10 13:15:52,
1756,37866,2026-01-12 08:33:00,Natation,2904.0,2026-01-12 09:16:57,Bonne séance.
1757,37866,2026-01-14 18:52:00,Natation,2389.0,2026-01-14 19:42:16,
1758,37866,2026-01-16 09:54:00,Natation,1269.0,2026-01-16 10:18:47,Travail d'endurance.
1759,37866,2026-01-17 12:13:00,Natation,2296.0,2026-01-17 12:57:05,Travail d'endurance.
1760,37866,2026-01-19 19:08:00,Natation,1751.0,2026-01-19 19:32:06,
1761,37866,2026-01-20 12:51:00,Natation,3198.0,2026-01-20 13:37:58,Bonne séance.
1762,37866,2026-01-22 08:26:00,Natation,2243.0,2026-01-22 09:02:14,Bonne séance.
1763,37866,2026-01-25 19:02:00,Natation,1069.0,2026-01-25 19:28:54,Bonne séance.
1764,37866,2026-01-27 17:40:00,Natation,3773.0,2026-01-27 18:44:32,Travail d'endurance.
1765,37866,2026-01-29 17:55:00,Natation,2101.0,2026-01-29 18:23:20,
1766,37866,2026-01-30 12:04:00,Natation,2689.0,2026-01-30 12:58:24,Bonne séance.
1767,37866,2026-01-31 07:21:00,Natation,2832.0,2026-01-31 07:59:35,Travail d'endurance.
1768,37866,2026-02-01 07:52:00,Natation,3322.0,2026-02-01 08:48:49,
1769,37866,2026-02-02 08:12:00,Natation,784.0,2026-02-02 08:23:00,Bonne séance.
1770,37866,2026-02-06 09:13:00,Natation,1454.0,2026-02-06 09:44:59,Travail d'endurance.
1771,37866,2026-02-07 07:29:00,Natation,735.0,2026-02-07 07:44:06,
1772,37866,2026-02-10 08:07:00,Natation,1028.0,2026-02-10 08:25:28,Bonne séance.
1773,37866,2026-02-11 18:04:00,Natation,2093.0,2026-02-11 18:32:37,
1774,37866,2026-02-13 08:55:00,Natation,1342.0,2026-02-13 09:24:01,Travail d'endurance.
1775,37866,2026-02-16 08:32:00,Natation,3435.0,2026-02-16 09:27:31,Bonne séance.
1776,37866,2026-02-17 08:00:00,Natation,1084.0,2026-02-17 08:20:53,Bonne séance.
1777,37866,2026-02-18 17:51:00,Natation,1511.0,2026-02-18 18:18:21,Travail d'endurance.
1778,37866,2026-02-19 12:29:00,Natation,2395.0,2026-02-19 13:10:46,Travail d'endurance.
1779,37866,2026-02-21 07:18:00,Natation,3147.0,2026-02-21 08:02:56,Bonne séance.
1780,37866,2026-02-24 17:52:00,Natation,3817.0,2026-02-24 18:47:32,Bonne séance.
1781,37866,2026-02-25 08:11:00,Natation,3030.0,2026-02-25 08:58:26,Bonne séance.
1782,37866,2026-02-27 12:58:00,Natation,3199.0,2026-02-27 14:16:04,Travail d'endurance.
1783,37866,2026-02-28 07:25:00,Natation,3361.0,2026-02-28 08:11:12,
1784,37866,2026-03-03 09:42:00,Natation,773.0,2026-03-03 09:54:23,Travail d'endurance.
1785,37866,2026-03-05 08:58:00,Natation,2521.0,2026-03-05 09:47:57,Travail d'endurance.
1786,37866,2026-03-06 07:23:00,Natation,813.0,2026-03-06 07:35:33,Travail d'endurance.
1787,37866,2026-03-09 08:32:00,Natation,682.0,2026-03-09 08:44:58,
1788,37866,2026-03-10 18:44:00,Natation,3267.0,2026-03-10 19:34:36,Bonne séance.
1789,37866,2026-03-11 09:47:00,Natation,2135.0,2026-03-11 10:17:57,Bonne séance.
1790,37866,2026-03-14 07:00:00,Natation,1526.0,2026-03-14 07:40:02,
1791,37866,2026-03-18 12:04:00,Natation,838.0,2026-03-18 12:18:55,
1792,37866,2026-03-19 18:28:00,Natation,1074.0,2026-03-19 18:48:17,Bonne séance.
1793,37866,2026-03-20 19:10:00,Natation,1198.0,2026-03-20 19:27:33,Travail d'endurance.
1794,37866,2026-03-21 07:11:00,Natation,1704.0,2026-03-21 07:55:15,Travail d'endurance.
1795,37866,2026-03-22 08:28:00,Natation,1966.0,2026-03-22 09:16:15,Travail d'endurance.
1796,37866,2026-03-23 07:57:00,Natation,3264.0,2026-03-23 08:55:48,Bonne séance.
1797,37866,2026-03-24 18:03:00,Natation,3926.0,2026-03-24 19:08:40,Travail d'endurance.
1798,37866,2026-03-27 18:42:00,Natation,3434.0,2026-03-27 19:38:27,
1799,37866,2026-03-29 17:00:00,Natation,699.0,2026-03-29 17:10:40,
1800,37866,2026-03-31 08:23:00,Natation,1477.0,2026-03-31 08:58:27,
1801,37866,2026-04-01 12:01:00,Natation,559.0,2026-04-01 12:12:48,
1802,37866,2026-04-03 18:42:00,Natation,758.0,2026-04-03 18:59:50,
1803,37866,2026-04-05 17:06:00,Natation,3840.0,2026-04-05 18:27:46,Travail d'endurance.
1804,37866,2026-04-06 18:12:00,Natation,3058.0,2026-04-06 19:24:52,Travail d'endurance.
1805,37866,2026-04-09 12:27:00,Natation,994.0,2026-04-09 12:50:06,
1806,37866,2026-04-10 09:20:00,Natation,1211.0,2026-04-10 09:55:40,Travail d'endurance.
1807,37866,2026-04-11 09:00:00,Natation,2094.0,2026-04-11 09:49:37,
1808,37866,2026-04-14 09:02:00,Natation,775.0,2026-04-14 09:13:02,Bonne séance.
1809,37866,2026-04-16 09:49:00,Natation,2952.0,2026-04-16 10:43:31,
1810,37866,2026-04-17 18:34:00,Natation,3741.0,2026-04-17 19:24:09,Travail d'endurance.
1811,37866,2026-04-19 09:40:00,Natation,3352.0,2026-04-19 10:47:41,Travail d'endurance.
1812,37866,2026-04-21 08:21:00,Natation,1218.0,2026-04-21 08:41:22,Travail d'endurance.
1813,37866,2026-04-23 09:54:00,Natation,3229.0,2026-04-23 10:54:27,Bonne séance.
1814,37866,2026-04-29 12:32:00,Natation,3123.0,2026-04-29 13:20:37,Travail d'endurance.
1815,37866,2026-04-30 17:45:00,Natation,554.0,2026-04-30 17:57:53,Travail d'endurance.
1816,37866,2026-05-02 19:57:00,Natation,1008.0,2026-05-02 20:18:49,Travail d'endurance.
1817,37866,2026-05-03 07:08:00,Natation,2034.0,2026-05-03 07:45:35,
1818,37866,2026-05-04 08:24:00,Natation,1337.0,2026-05-04 08:46:15,
1819,37866,2026-05-07 18:38:00,Natation,2317.0,2026-05-07 19:14:08,Bonne séance.
1820,37866,2026-05-09 08:17:00,Natation,1800.0,2026-05-09 08:46:56,
1821,37866,2026-05-10 19:46:00,Natation,1856.0,2026-05-10 20:24:59,
1822,37866,2026-05-12 17:03:00,Natation,3223.0,2026-05-12 17:46:15,Travail d'endurance.
1823,37866,2026-05-13 18:46:00,Natation,1411.0,2026-05-13 19:10:03,Bonne séance.
1824,37866,2026-05-15 17:20:00,Natation,1251.0,2026-05-15 17:44:10,
1825,37866,2026-05-16 07:55:00,Natation,2513.0,2026-05-16 09:04:20,
1826,37866,2026-05-18 08:05:00,Natation,1211.0,2026-05-18 08:25:52,
1827,37866,2026-05-22 08:32:00,Natation,820.0,2026-05-22 08:48:03,Bonne séance.
1828,37866,2026-05-23 09:10:00,Natation,3455.0,2026-05-23 10:33:07,Bonne séance.
1829,37866,2026-05-25 09:36:00,Natation,2336.0,2026-05-25 10:07:43,
1830,37866,2026-05-26 09:55:00,Natation,3700.0,2026-05-26 11:04:19,Bonne séance.
1831,37866,2026-05-28 12:24:00,Natation,1187.0,2026-05-28 12:46:25,Bonne séance.
1832,37866,2026-06-01 07:48:00,Natation,2062.0,2026-06-01 08:28:19,
1833,37866,2026-06-03 19:58:00,Natation,1729.0,2026-06-03 20:27:45,
1834,37866,2026-06-04 17:46:00,Natation,1219.0,2026-06-04 18:13:40,Bonne séance.
1835,37866,2026-06-05 09:29:00,Natation,1660.0,2026-06-05 10:02:54,Travail d'endurance.
1836,37866,2026-06-06 12:04:00,Natation,1864.0,2026-06-06 12:51:46,Bonne séance.
1837,37866,2026-06-07 07:55:00,Natation,2550.0,2026-06-07 08:34:59,Bonne séance.
1838,37866,2026-06-08 12:25:00,Natation,2203.0,2026-06-08 12:55:23,Travail d'endurance.
1839,37866,2026-06-13 09:24:00,Natation,2505.0,2026-06-13 10:18:16,Travail d'endurance.
1840,37866,2026-06-14 12:59:00,Natation,2816.0,2026-06-14 14:09:14,Bonne séance.
1841,37866,2026-06-17 09:49:00,Natation,3578.0,2026-06-17 10:45:25,Travail d'endurance.
1842,37866,2026-06-19 18:31:00,Natation,3100.0,2026-06-19 19:20:59,Travail d'endurance.
1843,37866,2026-06-24 18:15:00,Natation,1492.0,2026-06-24 18:43:01,Bonne séance.
1844,37866,2026-06-26 18:45:00,Natation,3270.0,2026-06-26 20:19:45,Travail d'endurance.
1845,37866,2026-06-27 18:09:00,Natation,1570.0,2026-06-27 18:35:49,Travail d'endurance.
1846,37866,2026-06-29 17:42:00,Natation,3946.0,2026-06-29 19:20:30,
1847,37866,2026-06-30 19:05:00,Natation,3139.0,2026-06-30 19:54:50,Bonne séance.
1848,37866,2026-07-02 12:45:00,Natation,2900.0,2026-07-02 13:24:14,
1849,37866,2026-07-06 18:19:00,Natation,2550.0,2026-07-06 18:53:37,Travail d'endurance.
1850,37866,2026-07-08 12:37:00,Natation,1761.0,2026-07-08 13:04:33,Travail d'endurance.
1851,37866,2026-07-09 19:05:00,Natation,947.0,2026-07-09 19:20:50,Bonne séance.
1852,37866,2026-07-10 19:09:00,Natation,1601.0,2026-07-10 19:33:49,Travail d'endurance.
1853,37866,2026-07-11 12:44:00,Natation,1761.0,2026-07-11 13:36:25,
1854,37866,2026-07-12 17:26:00,Natation,3180.0,2026-07-12 18:36:08,Bonne séance.
1855,37866,2026-07-15 08:11:00,Natation,2034.0,2026-07-15 09:00:29,
1856,37866,2026-07-17 08:31:00,Natation,1245.0,2026-07-17 08:53:56,
1857,37866,2026-07-18 12:36:00,Natation,3835.0,2026-07-18 14:06:54,
1858,37866,2026-07-19 09:57:00,Natation,2174.0,2026-07-19 10:39:03,Travail d'endurance.
1859,37866,2026-07-20 07:55:00,Natation,3106.0,2026-07-20 09:12:09,Bonne séance.
1860,71190,2025-07-27 09:01:00,Badminton,,2025-07-27 10:08:00,Bonne séance.
1861,71190,2025-08-06 18:48:00,Badminton,,2025-08-06 19:24:00,
1862,71190,2025-08-23 07:42:00,Badminton,,2025-08-23 08:49:00,
1863,71190,2025-09-18 17:48:00,Badminton,,2025-09-18 18:35:00,Très bonnes sensations.
1864,71190,2025-09-27 09:38:00,Badminton,,2025-09-27 10:35:00,Entraînement terminé.
1865,71190,2025-10-03 09:20:00,Badminton,,2025-10-03 10:42:00,Bonne séance.
1866,71190,2025-10-10 12:24:00,Badminton,,2025-10-10 13:33:00,
1867,71190,2025-10-18 09:51:00,Badminton,,2025-10-18 10:27:00,
1868,71190,2025-10-25 18:25:00,Badminton,,2025-10-25 19:41:00,Bonne séance.
1869,71190,2025-11-14 19:52:00,Badminton,,2025-11-14 20:37:00,Entraînement terminé.
1870,71190,2025-11-20 18:42:00,Badminton,,2025-11-20 20:07:00,Très bonnes sensations.
1871,71190,2025-11-28 08:00:00,Badminton,,2025-11-28 09:10:00,Entraînement terminé.
1872,71190,2025-12-13 07:51:00,Badminton,,2025-12-13 09:08:00,Entraînement terminé.
1873,71190,2025-12-15 17:31:00,Badminton,,2025-12-15 18:26:00,
1874,71190,2025-12-24 12:42:00,Badminton,,2025-12-24 14:06:00,
1875,71190,2025-12-30 17:12:00,Badminton,,2025-12-30 18:27:00,Bonne séance.
1876,71190,2026-01-24 07:19:00,Badminton,,2026-01-24 08:42:00,Très bonnes sensations.
1877,71190,2026-02-01 12:42:00,Badminton,,2026-02-01 13:46:00,Bonne séance.
1878,71190,2026-03-20 07:10:00,Badminton,,2026-03-20 08:39:00,Entraînement terminé.
1879,71190,2026-03-28 09:14:00,Badminton,,2026-03-28 10:30:00,Entraînement terminé.
1880,71190,2026-04-03 07:42:00,Badminton,,2026-04-03 08:20:00,Très bonnes sensations.
1881,71190,2026-04-18 08:59:00,Badminton,,2026-04-18 10:05:00,
1882,71190,2026-04-22 18:47:00,Badminton,,2026-04-22 20:04:00,Très bonnes sensations.
1883,71190,2026-05-02 08:14:00,Badminton,,2026-05-02 09:00:00,
1884,71190,2026-05-03 07:05:00,Badminton,,2026-05-03 07:56:00,Bonne séance.
1885,71190,2026-05-18 19:20:00,Badminton,,2026-05-18 20:14:00,
1886,71190,2026-05-24 17:34:00,Badminton,,2026-05-24 18:16:00,Très bonnes sensations.
1887,71190,2026-06-02 19:23:00,Badminton,,2026-06-02 20:44:00,Bonne séance.
1888,71190,2026-06-21 17:54:00,Badminton,,2026-06-21 18:53:00,Entraînement terminé.
1889,71190,2026-07-11 08:31:00,Badminton,,2026-07-11 09:44:00,Très bonnes sensations.
1890,71190,2026-07-19 18:42:00,Badminton,,2026-07-19 20:06:00,
1891,36981,2025-07-24 07:17:00,Natation,3972.0,2025-07-24 08:20:17,Bonne séance.
1892,36981,2025-07-25 18:53:00,Natation,1383.0,2025-07-25 19:18:38,Travail d'endurance.
1893,36981,2025-07-27 08:52:00,Natation,3435.0,2025-07-27 10:13:34,Travail d'endurance.
1894,36981,2025-07-29 19:14:00,Natation,3368.0,2025-07-29 20:06:38,
1895,36981,2025-08-06 09:52:00,Natation,3200.0,2025-08-06 10:36:51,
1896,36981,2025-08-08 07:35:00,Natation,2106.0,2025-08-08 08:19:26,Travail d'endurance.
1897,36981,2025-08-12 12:04:00,Natation,2662.0,2025-08-12 12:45:51,Bonne séance.
1898,36981,2025-08-13 18:59:00,Natation,1299.0,2025-08-13 19:19:46,Travail d'endurance.
1899,36981,2025-08-17 09:48:00,Natation,3741.0,2025-08-17 10:53:03,
1900,36981,2025-08-18 19:59:00,Natation,3406.0,2025-08-18 21:13:02,Travail d'endurance.
1901,36981,2025-08-28 08:28:00,Natation,3350.0,2025-08-28 09:30:42,
1902,36981,2025-09-01 19:47:00,Natation,1301.0,2025-09-01 20:07:20,
1903,36981,2025-09-11 07:43:00,Natation,3717.0,2025-09-11 08:32:53,
1904,36981,2025-09-12 12:27:00,Natation,3283.0,2025-09-12 13:15:00,
1905,36981,2025-09-16 12:11:00,Natation,714.0,2025-09-16 12:29:41,Travail d'endurance.
1906,36981,2025-09-23 08:40:00,Natation,3459.0,2025-09-23 09:48:57,
1907,36981,2025-09-24 07:15:00,Natation,2124.0,2025-09-24 07:54:34,Travail d'endurance.
1908,36981,2025-09-25 17:11:00,Natation,3173.0,2025-09-25 18:00:17,Travail d'endurance.
1909,36981,2025-09-28 19:52:00,Natation,3163.0,2025-09-28 20:56:13,Travail d'endurance.
1910,36981,2025-10-01 18:28:00,Natation,2004.0,2025-10-01 19:27:16,
1911,36981,2025-10-03 07:07:00,Natation,2503.0,2025-10-03 07:48:41,Travail d'endurance.
1912,36981,2025-10-05 17:36:00,Natation,2845.0,2025-10-05 18:29:22,Travail d'endurance.
1913,36981,2025-10-12 12:30:00,Natation,3140.0,2025-10-12 13:20:09,Bonne séance.
1914,36981,2025-10-13 17:08:00,Natation,907.0,2025-10-13 17:27:21,Travail d'endurance.
1915,36981,2025-10-16 19:50:00,Natation,2701.0,2025-10-16 20:55:49,Travail d'endurance.
1916,36981,2025-10-22 17:52:00,Natation,2697.0,2025-10-22 18:32:53,Travail d'endurance.
1917,36981,2025-10-26 19:37:00,Natation,2707.0,2025-10-26 20:19:55,Travail d'endurance.
1918,36981,2025-10-30 07:48:00,Natation,3584.0,2025-10-30 09:13:23,Travail d'endurance.
1919,36981,2025-11-03 19:38:00,Natation,3347.0,2025-11-03 20:59:58,Travail d'endurance.
1920,36981,2025-11-11 07:02:00,Natation,1027.0,2025-11-11 07:19:55,Travail d'endurance.
1921,36981,2025-11-15 08:05:00,Natation,2803.0,2025-11-15 09:08:40,
1922,36981,2025-11-16 17:19:00,Natation,1989.0,2025-11-16 17:46:02,
1923,36981,2025-11-23 08:19:00,Natation,689.0,2025-11-23 08:28:28,Travail d'endurance.
1924,36981,2025-11-28 19:18:00,Natation,3199.0,2025-11-28 20:15:33,
1925,36981,2025-12-02 17:58:00,Natation,1942.0,2025-12-02 18:31:09,Travail d'endurance.
1926,36981,2025-12-03 08:44:00,Natation,905.0,2025-12-03 08:58:51,
1927,36981,2025-12-05 08:02:00,Natation,1270.0,2025-12-05 08:34:22,
1928,36981,2025-12-11 17:13:00,Natation,2923.0,2025-12-11 18:13:31,
1929,36981,2025-12-14 17:16:00,Natation,1567.0,2025-12-14 17:47:49,
1930,36981,2025-12-17 12:29:00,Natation,841.0,2025-12-17 12:40:34,Travail d'endurance.
1931,36981,2025-12-18 12:44:00,Natation,1086.0,2025-12-18 13:03:31,
1932,36981,2025-12-22 18:23:00,Natation,2808.0,2025-12-22 19:09:15,Travail d'endurance.
1933,36981,2025-12-23 17:10:00,Natation,2219.0,2025-12-23 17:42:51,Bonne séance.
1934,36981,2025-12-26 19:27:00,Natation,2052.0,2025-12-26 20:26:38,Travail d'endurance.
1935,36981,2025-12-28 09:07:00,Natation,2676.0,2025-12-28 10:17:35,Travail d'endurance.
1936,36981,2026-01-04 18:05:00,Natation,1986.0,2026-01-04 18:32:53,Bonne séance.
1937,36981,2026-01-06 08:55:00,Natation,3769.0,2026-01-06 10:23:11,
1938,36981,2026-01-14 08:24:00,Natation,930.0,2026-01-14 08:38:06,
1939,36981,2026-01-22 18:56:00,Natation,1755.0,2026-01-22 19:26:20,Bonne séance.
1940,36981,2026-01-29 09:44:00,Natation,2843.0,2026-01-29 10:24:58,Travail d'endurance.
1941,36981,2026-02-01 07:10:00,Natation,1802.0,2026-02-01 07:34:46,Bonne séance.
1942,36981,2026-02-05 08:22:00,Natation,3801.0,2026-02-05 09:21:11,Travail d'endurance.
1943,36981,2026-02-11 17:08:00,Natation,1561.0,2026-02-11 17:54:17,Travail d'endurance.
1944,36981,2026-02-12 18:09:00,Natation,3193.0,2026-02-12 19:31:43,Bonne séance.
1945,36981,2026-02-13 17:47:00,Natation,1595.0,2026-02-13 18:31:53,Travail d'endurance.
1946,36981,2026-02-16 18:38:00,Natation,2213.0,2026-02-16 19:13:15,
1947,36981,2026-02-17 12:22:00,Natation,3770.0,2026-02-17 13:33:19,Bonne séance.
1948,36981,2026-02-20 09:27:00,Natation,2632.0,2026-02-20 10:03:16,
1949,36981,2026-02-22 09:26:00,Natation,3656.0,2026-02-22 10:44:51,
1950,36981,2026-02-27 18:05:00,Natation,814.0,2026-02-27 18:17:46,
1951,36981,2026-03-05 07:05:00,Natation,3545.0,2026-03-05 08:23:21,Bonne séance.
1952,36981,2026-03-11 18:32:00,Natation,3493.0,2026-03-11 20:01:31,Bonne séance.
1953,36981,2026-03-19 18:07:00,Natation,2160.0,2026-03-19 19:10:42,
1954,36981,2026-03-20 19:47:00,Natation,529.0,2026-03-20 19:55:23,Travail d'endurance.
1955,36981,2026-03-21 17:47:00,Natation,1913.0,2026-03-21 18:30:58,Travail d'endurance.
1956,36981,2026-03-26 07:38:00,Natation,2337.0,2026-03-26 08:09:47,Travail d'endurance.
1957,36981,2026-03-27 19:33:00,Natation,1421.0,2026-03-27 20:07:59,Bonne séance.
1958,36981,2026-03-28 19:08:00,Natation,2604.0,2026-03-28 20:02:11,
1959,36981,2026-04-01 08:23:00,Natation,963.0,2026-04-01 08:43:19,Travail d'endurance.
1960,36981,2026-04-04 08:53:00,Natation,2708.0,2026-04-04 09:32:22,
1961,36981,2026-04-07 09:16:00,Natation,1372.0,2026-04-07 09:57:03,Travail d'endurance.
1962,36981,2026-04-08 17:25:00,Natation,1390.0,2026-04-08 17:44:22,Travail d'endurance.
1963,36981,2026-04-12 17:54:00,Natation,2499.0,2026-04-12 19:03:57,
1964,36981,2026-04-15 17:29:00,Natation,1845.0,2026-04-15 18:09:19,
1965,36981,2026-04-18 07:22:00,Natation,3459.0,2026-04-18 08:46:11,Bonne séance.
1966,36981,2026-04-19 12:31:00,Natation,1309.0,2026-04-19 13:06:31,Travail d'endurance.
1967,36981,2026-04-29 07:58:00,Natation,2496.0,2026-04-29 09:12:14,Travail d'endurance.
1968,36981,2026-05-04 12:23:00,Natation,1725.0,2026-05-04 12:58:33,
1969,36981,2026-05-06 17:51:00,Natation,1603.0,2026-05-06 18:33:20,Bonne séance.
1970,36981,2026-05-11 08:22:00,Natation,3560.0,2026-05-11 09:31:14,Bonne séance.
1971,36981,2026-05-13 19:45:00,Natation,1312.0,2026-05-13 20:19:35,Bonne séance.
1972,36981,2026-05-16 07:08:00,Natation,2116.0,2026-05-16 07:49:35,Bonne séance.
1973,36981,2026-05-18 18:12:00,Natation,2463.0,2026-05-18 18:45:36,Bonne séance.
1974,36981,2026-05-27 12:35:00,Natation,2529.0,2026-05-27 13:12:56,Travail d'endurance.
1975,36981,2026-06-02 19:48:00,Natation,3696.0,2026-06-02 20:40:45,Travail d'endurance.
1976,36981,2026-06-08 07:06:00,Natation,3746.0,2026-06-08 08:55:29,
1977,36981,2026-06-10 09:32:00,Natation,555.0,2026-06-10 09:40:30,
1978,36981,2026-06-12 07:43:00,Natation,3899.0,2026-06-12 09:04:56,Travail d'endurance.
1979,36981,2026-06-14 09:18:00,Natation,2490.0,2026-06-14 10:25:42,Bonne séance.
1980,36981,2026-06-17 08:39:00,Natation,1124.0,2026-06-17 08:56:38,
1981,36981,2026-06-19 08:17:00,Natation,3640.0,2026-06-19 09:52:28,Bonne séance.
1982,36981,2026-06-22 08:30:00,Natation,3393.0,2026-06-22 09:21:27,
1983,36981,2026-06-24 18:46:00,Natation,2557.0,2026-06-24 19:29:29,
1984,36981,2026-06-26 19:37:00,Natation,3076.0,2026-06-26 20:28:28,
1985,36981,2026-06-29 12:02:00,Natation,1621.0,2026-06-29 12:23:44,
1986,36981,2026-07-05 08:05:00,Natation,708.0,2026-07-05 08:19:24,Travail d'endurance.
1987,36981,2026-07-09 09:44:00,Natation,3094.0,2026-07-09 10:25:43,
1988,36981,2026-07-15 07:32:00,Natation,2249.0,2026-07-15 08:09:23,Bonne séance.
1989,36981,2026-07-18 07:17:00,Natation,1989.0,2026-07-18 08:01:11,Bonne séance.
1990,36981,2026-07-19 09:57:00,Natation,694.0,2026-07-19 10:13:58,
1991,36981,2026-07-20 07:42:00,Natation,3550.0,2026-07-20 08:57:58,Bonne séance.
1992,89328,2025-07-20 09:31:00,Tennis de table,,2025-07-20 10:24:00,Entraînement terminé.
1993,89328,2025-07-21 09:07:00,Tennis de table,,2025-07-21 09:43:00,
1994,89328,2025-07-23 18:35:00,Tennis de table,,2025-07-23 19:54:00,Bonne séance.
1995,89328,2025-07-29 19:23:00,Tennis de table,,2025-07-29 20:40:00,Entraînement terminé.
1996,89328,2025-08-01 08:41:00,Tennis de table,,2025-08-01 09:28:00,Bonne séance.
1997,89328,2025-08-03 08:40:00,Tennis de table,,2025-08-03 09:57:00,
1998,89328,2025-08-06 07:37:00,Tennis de table,,2025-08-06 09:05:00,Bonne séance.
1999,89328,2025-08-08 08:45:00,Tennis de table,,2025-08-08 09:43:00,
2000,89328,2025-08-14 17:21:00,Tennis de table,,2025-08-14 18:10:00,Très bonnes sensations.
2001,89328,2025-08-21 18:09:00,Tennis de table,,2025-08-21 18:41:00,Bonne séance.
2002,89328,2025-08-27 17:45:00,Tennis de table,,2025-08-27 18:31:00,Entraînement terminé.
2003,89328,2025-09-03 18:07:00,Tennis de table,,2025-09-03 19:35:00,Très bonnes sensations.
2004,89328,2025-09-05 07:30:00,Tennis de table,,2025-09-05 08:26:00,
2005,89328,2025-09-11 09:44:00,Tennis de table,,2025-09-11 10:22:00,Entraînement terminé.
2006,89328,2025-09-18 07:50:00,Tennis de table,,2025-09-18 09:04:00,Bonne séance.
2007,89328,2025-09-24 18:34:00,Tennis de table,,2025-09-24 19:59:00,
2008,89328,2025-09-26 08:28:00,Tennis de table,,2025-09-26 09:46:00,Très bonnes sensations.
2009,89328,2025-09-27 17:49:00,Tennis de table,,2025-09-27 18:43:00,Très bonnes sensations.
2010,89328,2025-09-29 07:10:00,Tennis de table,,2025-09-29 08:16:00,Bonne séance.
2011,89328,2025-09-30 17:44:00,Tennis de table,,2025-09-30 18:14:00,Très bonnes sensations.
2012,89328,2025-10-03 17:45:00,Tennis de table,,2025-10-03 19:01:00,Entraînement terminé.
2013,89328,2025-10-06 09:45:00,Tennis de table,,2025-10-06 10:32:00,
2014,89328,2025-10-11 08:14:00,Tennis de table,,2025-10-11 08:46:00,Bonne séance.
2015,89328,2025-10-12 08:56:00,Tennis de table,,2025-10-12 09:43:00,Bonne séance.
2016,89328,2025-10-17 09:55:00,Tennis de table,,2025-10-17 11:15:00,
2017,89328,2025-10-20 07:00:00,Tennis de table,,2025-10-20 08:11:00,Entraînement terminé.
2018,89328,2025-10-23 18:38:00,Tennis de table,,2025-10-23 19:31:00,Entraînement terminé.
2019,89328,2025-10-25 07:45:00,Tennis de table,,2025-10-25 09:11:00,Entraînement terminé.
2020,89328,2025-10-27 09:20:00,Tennis de table,,2025-10-27 09:53:00,
2021,89328,2025-10-29 19:22:00,Tennis de table,,2025-10-29 20:06:00,Entraînement terminé.
2022,89328,2025-10-30 08:16:00,Tennis de table,,2025-10-30 08:47:00,
2023,89328,2025-11-05 18:16:00,Tennis de table,,2025-11-05 19:41:00,Bonne séance.
2024,89328,2025-11-07 19:28:00,Tennis de table,,2025-11-07 20:12:00,Entraînement terminé.
2025,89328,2025-11-08 09:13:00,Tennis de table,,2025-11-08 10:20:00,Très bonnes sensations.
2026,89328,2025-11-12 08:46:00,Tennis de table,,2025-11-12 10:02:00,Très bonnes sensations.
2027,89328,2025-11-17 07:31:00,Tennis de table,,2025-11-17 08:12:00,Très bonnes sensations.
2028,89328,2025-11-19 08:52:00,Tennis de table,,2025-11-19 10:17:00,Bonne séance.
2029,89328,2025-11-27 12:46:00,Tennis de table,,2025-11-27 13:27:00,Entraînement terminé.
2030,89328,2025-12-02 08:56:00,Tennis de table,,2025-12-02 09:37:00,Très bonnes sensations.
2031,89328,2025-12-07 08:04:00,Tennis de table,,2025-12-07 09:01:00,Bonne séance.
2032,89328,2025-12-08 12:58:00,Tennis de table,,2025-12-08 14:09:00,Très bonnes sensations.
2033,89328,2025-12-11 07:46:00,Tennis de table,,2025-12-11 08:49:00,Bonne séance.
2034,89328,2025-12-14 07:24:00,Tennis de table,,2025-12-14 08:18:00,
2035,89328,2025-12-18 07:52:00,Tennis de table,,2025-12-18 08:22:00,
2036,89328,2025-12-20 08:15:00,Tennis de table,,2025-12-20 09:34:00,
2037,89328,2025-12-22 17:00:00,Tennis de table,,2025-12-22 18:20:00,
2038,89328,2025-12-26 19:06:00,Tennis de table,,2025-12-26 20:10:00,Entraînement terminé.
2039,89328,2025-12-28 12:48:00,Tennis de table,,2025-12-28 13:54:00,Très bonnes sensations.
2040,89328,2025-12-29 19:10:00,Tennis de table,,2025-12-29 19:59:00,Entraînement terminé.
2041,89328,2026-01-02 12:09:00,Tennis de table,,2026-01-02 12:54:00,
2042,89328,2026-01-06 07:01:00,Tennis de table,,2026-01-06 08:23:00,
2043,89328,2026-01-08 07:34:00,Tennis de table,,2026-01-08 08:22:00,
2044,89328,2026-01-09 17:56:00,Tennis de table,,2026-01-09 19:19:00,Très bonnes sensations.
2045,89328,2026-01-11 08:01:00,Tennis de table,,2026-01-11 08:45:00,Très bonnes sensations.
2046,89328,2026-01-19 18:18:00,Tennis de table,,2026-01-19 19:02:00,Très bonnes sensations.
2047,89328,2026-01-20 18:56:00,Tennis de table,,2026-01-20 20:11:00,
2048,89328,2026-01-25 08:06:00,Tennis de table,,2026-01-25 08:54:00,Entraînement terminé.
2049,89328,2026-01-26 07:39:00,Tennis de table,,2026-01-26 08:30:00,
2050,89328,2026-02-01 17:09:00,Tennis de table,,2026-02-01 17:50:00,Très bonnes sensations.
2051,89328,2026-02-07 17:21:00,Tennis de table,,2026-02-07 18:29:00,Bonne séance.
2052,89328,2026-02-09 17:52:00,Tennis de table,,2026-02-09 18:40:00,Entraînement terminé.
2053,89328,2026-02-10 07:17:00,Tennis de table,,2026-02-10 08:45:00,Très bonnes sensations.
2054,89328,2026-02-11 18:23:00,Tennis de table,,2026-02-11 19:52:00,Entraînement terminé.
2055,89328,2026-02-15 19:59:00,Tennis de table,,2026-02-15 20:38:00,Bonne séance.
2056,89328,2026-02-20 09:09:00,Tennis de table,,2026-02-20 10:03:00,Très bonnes sensations.
2057,89328,2026-02-21 18:50:00,Tennis de table,,2026-02-21 20:10:00,Très bonnes sensations.
2058,89328,2026-02-22 17:27:00,Tennis de table,,2026-02-22 18:43:00,Entraînement terminé.
2059,89328,2026-03-01 09:08:00,Tennis de table,,2026-03-01 09:49:00,Très bonnes sensations.
2060,89328,2026-03-10 12:30:00,Tennis de table,,2026-03-10 13:44:00,Très bonnes sensations.
2061,89328,2026-03-11 17:50:00,Tennis de table,,2026-03-11 19:00:00,Entraînement terminé.
2062,89328,2026-03-21 18:58:00,Tennis de table,,2026-03-21 19:43:00,Très bonnes sensations.
2063,89328,2026-03-25 17:34:00,Tennis de table,,2026-03-25 18:35:00,Bonne séance.
2064,89328,2026-03-26 12:05:00,Tennis de table,,2026-03-26 13:12:00,Très bonnes sensations.
2065,89328,2026-03-30 18:05:00,Tennis de table,,2026-03-30 18:50:00,Entraînement terminé.
2066,89328,2026-04-02 07:13:00,Tennis de table,,2026-04-02 08:37:00,
2067,89328,2026-04-03 09:35:00,Tennis de table,,2026-04-03 10:35:00,Bonne séance.
2068,89328,2026-04-05 09:23:00,Tennis de table,,2026-04-05 10:47:00,Bonne séance.
2069,89328,2026-04-13 19:54:00,Tennis de table,,2026-04-13 20:59:00,Très bonnes sensations.
2070,89328,2026-04-15 08:13:00,Tennis de table,,2026-04-15 09:35:00,Bonne séance.
2071,89328,2026-04-24 08:07:00,Tennis de table,,2026-04-24 09:21:00,Bonne séance.
2072,89328,2026-04-26 18:27:00,Tennis de table,,2026-04-26 19:20:00,
2073,89328,2026-05-01 18:06:00,Tennis de table,,2026-05-01 19:18:00,
2074,89328,2026-05-07 19:10:00,Tennis de table,,2026-05-07 19:41:00,Bonne séance.
2075,89328,2026-05-09 09:09:00,Tennis de table,,2026-05-09 09:44:00,Bonne séance.
2076,89328,2026-05-10 17:53:00,Tennis de table,,2026-05-10 19:15:00,Très bonnes sensations.
2077,89328,2026-05-23 08:30:00,Tennis de table,,2026-05-23 09:47:00,Bonne séance.
2078,89328,2026-05-26 12:26:00,Tennis de table,,2026-05-26 13:42:00,Entraînement terminé.
2079,89328,2026-05-28 12:50:00,Tennis de table,,2026-05-28 14:01:00,
2080,89328,2026-05-29 09:07:00,Tennis de table,,2026-05-29 09:46:00,
2081,89328,2026-05-31 17:10:00,Tennis de table,,2026-05-31 17:40:00,Très bonnes sensations.
2082,89328,2026-06-01 19:27:00,Tennis de table,,2026-06-01 20:40:00,Très bonnes sensations.
2083,89328,2026-06-04 17:45:00,Tennis de table,,2026-06-04 19:08:00,Entraînement terminé.
2084,89328,2026-06-08 12:59:00,Tennis de table,,2026-06-08 13:39:00,Entraînement terminé.
2085,89328,2026-06-09 07:33:00,Tennis de table,,2026-06-09 08:27:00,Bonne séance.
2086,89328,2026-06-11 18:13:00,Tennis de table,,2026-06-11 19:08:00,
2087,89328,2026-06-17 08:52:00,Tennis de table,,2026-06-17 10:09:00,
2088,89328,2026-06-23 18:41:00,Tennis de table,,2026-06-23 19:36:00,Très bonnes sensations.
2089,89328,2026-06-24 08:03:00,Tennis de table,,2026-06-24 09:24:00,Entraînement terminé.
2090,89328,2026-06-27 18:27:00,Tennis de table,,2026-06-27 19:09:00,Entraînement terminé.
2091,89328,2026-06-28 07:23:00,Tennis de table,,2026-06-28 08:31:00,Entraînement terminé.
2092,89328,2026-07-06 09:10:00,Tennis de table,,2026-07-06 10:14:00,
2093,89328,2026-07-13 17:00:00,Tennis de table,,2026-07-13 18:18:00,Entraînement terminé.
2094,89328,2026-07-19 18:59:00,Tennis de table,,2026-07-19 19:31:00,Bonne séance.
2095,50309,2025-07-27 07:20:00,Runing,4527.0,2025-07-27 07:41:27,
2096,50309,2025-08-09 09:25:00,Runing,11195.0,2025-08-09 10:47:13,Très bonnes sensations.
2097,50309,2025-08-11 18:43:00,Runing,4595.0,2025-08-11 19:13:40,
2098,50309,2025-09-03 17:55:00,Runing,16959.0,2025-09-03 20:15:51,Bonne sortie !
2099,50309,2025-09-14 18:05:00,Runing,14771.0,2025-09-14 19:50:38,Bonne sortie !
2100,50309,2025-10-08 19:08:00,Runing,8554.0,2025-10-08 20:06:41,Très bonnes sensations.
2101,50309,2025-10-20 08:39:00,Runing,12943.0,2025-10-20 10:23:14,Bonne sortie !
2102,50309,2025-10-26 19:00:00,Runing,5336.0,2025-10-26 19:27:36,Reprise du sport :)
2103,50309,2025-11-09 12:20:00,Runing,5780.0,2025-11-09 12:47:31,Bonne sortie !
2104,50309,2025-11-27 09:22:00,Runing,4461.0,2025-11-27 09:58:02,Très bonnes sensations.
2105,50309,2025-12-03 09:48:00,Runing,17363.0,2025-12-03 11:35:56,Bonne sortie !
2106,50309,2025-12-14 09:54:00,Runing,7696.0,2025-12-14 10:43:06,Bonne sortie !
2107,50309,2025-12-23 17:54:00,Runing,13233.0,2025-12-23 18:56:27,Reprise du sport :)
2108,50309,2026-01-08 12:16:00,Runing,17375.0,2026-01-08 13:41:05,
2109,50309,2026-02-18 08:36:00,Runing,9541.0,2026-02-18 09:23:13,Bonne sortie !
2110,50309,2026-02-28 12:42:00,Runing,4531.0,2026-02-28 13:11:54,Très bonnes sensations.
2111,50309,2026-03-01 07:11:00,Runing,14989.0,2026-03-01 09:08:34,Très bonnes sensations.
2112,50309,2026-03-09 12:21:00,Runing,4056.0,2026-03-09 12:48:20,Très bonnes sensations.
2113,50309,2026-03-22 09:29:00,Runing,3627.0,2026-03-22 09:50:11,Très bonnes sensations.
2114,50309,2026-04-16 07:38:00,Runing,15684.0,2026-04-16 09:19:23,Reprise du sport :)
2115,50309,2026-04-22 08:03:00,Runing,6465.0,2026-04-22 08:34:46,Très bonnes sensations.
2116,50309,2026-04-28 18:11:00,Runing,4369.0,2026-04-28 18:44:24,Reprise du sport :)
2117,50309,2026-05-03 09:55:00,Runing,14668.0,2026-05-03 11:25:39,Très bonnes sensations.
2118,50309,2026-05-18 19:03:00,Runing,4514.0,2026-05-18 19:24:54,Très bonnes sensations.
2119,50309,2026-05-30 09:10:00,Runing,6253.0,2026-05-30 09:51:15,Très bonnes sensations.
2120,50309,2026-06-03 17:44:00,Runing,15842.0,2026-06-03 19:43:21,Très bonnes sensations.
2121,50309,2026-06-12 17:24:00,Runing,16484.0,2026-06-12 19:44:06,Bonne sortie !
2122,50309,2026-07-03 19:46:00,Runing,15170.0,2026-07-03 21:02:10,Reprise du sport :)
2123,50309,2026-07-19 12:55:00,Runing,8184.0,2026-07-19 13:58:55,Très bonnes sensations.
2124,32690,2025-08-02 19:08:00,Badminton,,2025-08-02 20:18:00,Très bonnes sensations.
2125,32690,2025-09-05 17:49:00,Badminton,,2025-09-05 18:29:00,Très bonnes sensations.
2126,32690,2025-09-15 08:43:00,Badminton,,2025-09-15 09:49:00,
2127,32690,2025-09-27 09:01:00,Badminton,,2025-09-27 09:50:00,Entraînement terminé.
2128,32690,2025-10-10 12:26:00,Badminton,,2025-10-10 13:22:00,Entraînement terminé.
2129,32690,2025-10-18 17:27:00,Badminton,,2025-10-18 18:30:00,Entraînement terminé.
2130,32690,2025-11-05 09:11:00,Badminton,,2025-11-05 10:16:00,Bonne séance.
2131,32690,2025-11-12 09:54:00,Badminton,,2025-11-12 11:06:00,Très bonnes sensations.
2132,32690,2025-11-21 17:59:00,Badminton,,2025-11-21 19:26:00,
2133,32690,2025-12-21 12:47:00,Badminton,,2025-12-21 14:05:00,
2134,32690,2026-01-01 17:51:00,Badminton,,2026-01-01 18:23:00,Entraînement terminé.
2135,32690,2026-01-05 08:49:00,Badminton,,2026-01-05 09:48:00,Très bonnes sensations.
2136,32690,2026-01-25 09:50:00,Badminton,,2026-01-25 11:18:00,Très bonnes sensations.
2137,32690,2026-02-07 18:45:00,Badminton,,2026-02-07 20:05:00,Très bonnes sensations.
2138,32690,2026-02-21 08:32:00,Badminton,,2026-02-21 09:20:00,Entraînement terminé.
2139,32690,2026-02-24 19:57:00,Badminton,,2026-02-24 21:17:00,Très bonnes sensations.
2140,32690,2026-03-15 07:01:00,Badminton,,2026-03-15 07:40:00,Entraînement terminé.
2141,32690,2026-03-24 08:36:00,Badminton,,2026-03-24 09:33:00,Bonne séance.
2142,32690,2026-03-30 17:41:00,Badminton,,2026-03-30 18:36:00,
2143,32690,2026-04-06 18:24:00,Badminton,,2026-04-06 19:40:00,Bonne séance.
2144,32690,2026-04-14 17:10:00,Badminton,,2026-04-14 18:07:00,Bonne séance.
2145,32690,2026-05-16 19:40:00,Badminton,,2026-05-16 21:08:00,Entraînement terminé.
2146,32690,2026-05-25 07:05:00,Badminton,,2026-05-25 07:36:00,Très bonnes sensations.
2147,32690,2026-06-28 18:46:00,Badminton,,2026-06-28 19:24:00,Très bonnes sensations.
2148,32690,2026-07-06 08:41:00,Badminton,,2026-07-06 10:08:00,Bonne séance.
2149,32690,2026-07-13 17:53:00,Badminton,,2026-07-13 18:38:00,Très bonnes sensations.
2150,32690,2026-07-19 09:05:00,Badminton,,2026-07-19 10:34:00,Bonne séance.
2151,17027,2025-07-20 12:59:00,Tennis,,2025-07-20 13:59:00,
2152,17027,2025-07-24 08:18:00,Tennis,,2025-07-24 09:36:00,Bonne séance.
2153,17027,2025-07-25 07:04:00,Tennis,,2025-07-25 08:52:00,Entraînement terminé.
2154,17027,2025-07-30 07:31:00,Tennis,,2025-07-30 08:18:00,Très bonnes sensations.
2155,17027,2025-08-06 18:04:00,Tennis,,2025-08-06 19:15:00,Très bonnes sensations.
2156,17027,2025-08-12 12:51:00,Tennis,,2025-08-12 13:56:00,Bonne séance.
2157,17027,2025-08-15 09:00:00,Tennis,,2025-08-15 10:07:00,
2158,17027,2025-08-19 09:30:00,Tennis,,2025-08-19 11:24:00,
2159,17027,2025-08-28 18:16:00,Tennis,,2025-08-28 19:16:00,Bonne séance.
2160,17027,2025-08-31 17:32:00,Tennis,,2025-08-31 18:36:00,Bonne séance.
2161,17027,2025-09-04 19:23:00,Tennis,,2025-09-04 20:22:00,Bonne séance.
2162,17027,2025-09-06 07:20:00,Tennis,,2025-09-06 08:22:00,Bonne séance.
2163,17027,2025-09-12 18:08:00,Tennis,,2025-09-12 19:27:00,Entraînement terminé.
2164,17027,2025-09-14 09:45:00,Tennis,,2025-09-14 11:40:00,Entraînement terminé.
2165,17027,2025-09-15 12:47:00,Tennis,,2025-09-15 14:35:00,Très bonnes sensations.
2166,17027,2025-09-22 08:12:00,Tennis,,2025-09-22 09:32:00,Très bonnes sensations.
2167,17027,2025-09-23 07:37:00,Tennis,,2025-09-23 09:37:00,Entraînement terminé.
2168,17027,2025-09-24 08:50:00,Tennis,,2025-09-24 10:01:00,Très bonnes sensations.
2169,17027,2025-10-01 17:47:00,Tennis,,2025-10-01 19:06:00,Entraînement terminé.
2170,17027,2025-10-04 17:06:00,Tennis,,2025-10-04 18:40:00,Très bonnes sensations.
2171,17027,2025-10-09 09:23:00,Tennis,,2025-10-09 10:16:00,Très bonnes sensations.
2172,17027,2025-10-12 17:16:00,Tennis,,2025-10-12 19:16:00,Très bonnes sensations.
2173,17027,2025-10-23 17:22:00,Tennis,,2025-10-23 18:57:00,
2174,17027,2025-10-24 07:11:00,Tennis,,2025-10-24 08:37:00,Très bonnes sensations.
2175,17027,2025-10-28 08:04:00,Tennis,,2025-10-28 09:16:00,Entraînement terminé.
2176,17027,2025-11-03 07:00:00,Tennis,,2025-11-03 08:25:00,
2177,17027,2025-11-04 18:21:00,Tennis,,2025-11-04 19:33:00,Très bonnes sensations.
2178,17027,2025-11-10 17:04:00,Tennis,,2025-11-10 18:38:00,Entraînement terminé.
2179,17027,2025-11-11 17:13:00,Tennis,,2025-11-11 19:05:00,Bonne séance.
2180,17027,2025-11-15 07:35:00,Tennis,,2025-11-15 08:55:00,
2181,17027,2025-11-19 09:52:00,Tennis,,2025-11-19 11:17:00,Bonne séance.
2182,17027,2025-11-21 08:03:00,Tennis,,2025-11-21 09:51:00,Très bonnes sensations.
2183,17027,2025-11-22 07:17:00,Tennis,,2025-11-22 08:55:00,
2184,17027,2025-11-26 08:38:00,Tennis,,2025-11-26 10:04:00,Très bonnes sensations.
2185,17027,2025-12-04 07:18:00,Tennis,,2025-12-04 08:05:00,
2186,17027,2025-12-08 19:25:00,Tennis,,2025-12-08 20:14:00,
2187,17027,2025-12-09 09:41:00,Tennis,,2025-12-09 10:28:00,
2188,17027,2025-12-14 18:19:00,Tennis,,2025-12-14 19:39:00,Entraînement terminé.
2189,17027,2025-12-17 19:22:00,Tennis,,2025-12-17 20:58:00,
2190,17027,2025-12-23 17:03:00,Tennis,,2025-12-23 18:38:00,Entraînement terminé.
2191,17027,2025-12-24 18:29:00,Tennis,,2025-12-24 20:17:00,
2192,17027,2025-12-27 19:23:00,Tennis,,2025-12-27 20:21:00,
2193,17027,2025-12-28 19:00:00,Tennis,,2025-12-28 20:02:00,
2194,17027,2026-01-09 18:27:00,Tennis,,2026-01-09 19:40:00,Bonne séance.
2195,17027,2026-01-10 07:12:00,Tennis,,2026-01-10 08:44:00,
2196,17027,2026-01-11 19:02:00,Tennis,,2026-01-11 20:01:00,
2197,17027,2026-01-13 09:04:00,Tennis,,2026-01-13 10:22:00,Entraînement terminé.
2198,17027,2026-01-17 18:39:00,Tennis,,2026-01-17 20:12:00,Entraînement terminé.
2199,17027,2026-01-19 12:07:00,Tennis,,2026-01-19 13:08:00,Entraînement terminé.
2200,17027,2026-01-22 19:09:00,Tennis,,2026-01-22 21:08:00,Très bonnes sensations.
2201,17027,2026-01-24 18:28:00,Tennis,,2026-01-24 19:28:00,Bonne séance.
2202,17027,2026-01-28 09:20:00,Tennis,,2026-01-28 11:06:00,Bonne séance.
2203,17027,2026-01-30 07:16:00,Tennis,,2026-01-30 08:38:00,
2204,17027,2026-01-31 09:35:00,Tennis,,2026-01-31 10:51:00,Bonne séance.
2205,17027,2026-02-01 07:13:00,Tennis,,2026-02-01 07:59:00,Bonne séance.
2206,17027,2026-02-04 12:52:00,Tennis,,2026-02-04 14:26:00,Bonne séance.
2207,17027,2026-02-07 12:06:00,Tennis,,2026-02-07 13:34:00,Bonne séance.
2208,17027,2026-02-12 19:20:00,Tennis,,2026-02-12 20:44:00,Très bonnes sensations.
2209,17027,2026-02-13 18:09:00,Tennis,,2026-02-13 19:58:00,
2210,17027,2026-02-14 08:14:00,Tennis,,2026-02-14 09:45:00,Très bonnes sensations.
2211,17027,2026-02-19 17:12:00,Tennis,,2026-02-19 18:48:00,Bonne séance.
2212,17027,2026-02-21 07:17:00,Tennis,,2026-02-21 08:56:00,Bonne séance.
2213,17027,2026-02-22 08:29:00,Tennis,,2026-02-22 09:27:00,
2214,17027,2026-02-24 08:01:00,Tennis,,2026-02-24 09:44:00,Bonne séance.
2215,17027,2026-02-26 09:01:00,Tennis,,2026-02-26 10:46:00,Très bonnes sensations.
2216,17027,2026-03-01 17:05:00,Tennis,,2026-03-01 18:35:00,Très bonnes sensations.
2217,17027,2026-03-03 08:09:00,Tennis,,2026-03-03 09:44:00,Très bonnes sensations.
2218,17027,2026-03-08 09:23:00,Tennis,,2026-03-08 10:20:00,
2219,17027,2026-03-10 18:24:00,Tennis,,2026-03-10 20:03:00,Bonne séance.
2220,17027,2026-03-11 09:12:00,Tennis,,2026-03-11 10:48:00,Bonne séance.
2221,17027,2026-03-17 12:33:00,Tennis,,2026-03-17 14:13:00,
2222,17027,2026-03-19 18:03:00,Tennis,,2026-03-19 19:19:00,
2223,17027,2026-03-20 08:07:00,Tennis,,2026-03-20 08:58:00,
2224,17027,2026-03-22 17:06:00,Tennis,,2026-03-22 18:26:00,Bonne séance.
2225,17027,2026-03-23 17:44:00,Tennis,,2026-03-23 19:20:00,Très bonnes sensations.
2226,17027,2026-03-24 12:06:00,Tennis,,2026-03-24 13:19:00,Entraînement terminé.
2227,17027,2026-03-30 19:13:00,Tennis,,2026-03-30 20:42:00,Entraînement terminé.
2228,17027,2026-04-04 18:38:00,Tennis,,2026-04-04 19:59:00,
2229,17027,2026-04-06 17:58:00,Tennis,,2026-04-06 19:44:00,Entraînement terminé.
2230,17027,2026-04-13 18:04:00,Tennis,,2026-04-13 19:10:00,Bonne séance.
2231,17027,2026-04-14 09:57:00,Tennis,,2026-04-14 11:40:00,Bonne séance.
2232,17027,2026-04-18 07:42:00,Tennis,,2026-04-18 09:27:00,Très bonnes sensations.
2233,17027,2026-04-19 09:56:00,Tennis,,2026-04-19 10:50:00,Bonne séance.
2234,17027,2026-04-20 18:48:00,Tennis,,2026-04-20 19:34:00,Entraînement terminé.
2235,17027,2026-04-26 12:55:00,Tennis,,2026-04-26 14:11:00,Très bonnes sensations.
2236,17027,2026-04-30 07:02:00,Tennis,,2026-04-30 07:49:00,Entraînement terminé.
2237,17027,2026-05-07 17:10:00,Tennis,,2026-05-07 18:13:00,
2238,17027,2026-05-12 19:47:00,Tennis,,2026-05-12 21:14:00,Très bonnes sensations.
2239,17027,2026-05-19 17:16:00,Tennis,,2026-05-19 19:03:00,Entraînement terminé.
2240,17027,2026-05-22 09:29:00,Tennis,,2026-05-22 10:15:00,Entraînement terminé.
2241,17027,2026-05-26 17:49:00,Tennis,,2026-05-26 19:35:00,
2242,17027,2026-05-29 09:43:00,Tennis,,2026-05-29 11:34:00,
2243,17027,2026-06-03 19:14:00,Tennis,,2026-06-03 20:17:00,Entraînement terminé.
2244,17027,2026-06-07 17:47:00,Tennis,,2026-06-07 19:27:00,Entraînement terminé.
2245,17027,2026-06-08 08:47:00,Tennis,,2026-06-08 09:43:00,Bonne séance.
2246,17027,2026-06-14 09:56:00,Tennis,,2026-06-14 11:50:00,Très bonnes sensations.
2247,17027,2026-06-19 17:11:00,Tennis,,2026-06-19 18:29:00,Entraînement terminé.
2248,17027,2026-06-24 12:17:00,Tennis,,2026-06-24 13:41:00,Bonne séance.
2249,17027,2026-06-25 07:37:00,Tennis,,2026-06-25 09:28:00,Entraînement terminé.
2250,17027,2026-06-28 17:50:00,Tennis,,2026-06-28 19:19:00,Entraînement terminé.
2251,17027,2026-07-01 07:00:00,Tennis,,2026-07-01 08:48:00,Bonne séance.
2252,17027,2026-07-03 12:43:00,Tennis,,2026-07-03 13:47:00,Entraînement terminé.
2253,17027,2026-07-06 09:31:00,Tennis,,2026-07-06 10:52:00,
2254,17027,2026-07-09 19:18:00,Tennis,,2026-07-09 20:04:00,Très bonnes sensations.
2255,17027,2026-07-10 07:13:00,Tennis,,2026-07-10 08:34:00,
2256,17027,2026-07-15 09:00:00,Tennis,,2026-07-15 10:40:00,Entraînement terminé.
2257,17027,2026-07-19 09:08:00,Tennis,,2026-07-19 10:37:00,Entraînement terminé.
2258,17027,2026-07-20 19:54:00,Tennis,,2026-07-20 21:43:00,Bonne séance.
2259,99401,2025-07-21 07:18:00,Runing,6585.0,2025-07-21 08:12:56,Reprise du sport :)
2260,99401,2025-07-22 08:51:00,Runing,14116.0,2025-07-22 10:09:16,Très bonnes sensations.
2261,99401,2025-07-23 12:57:00,Runing,4607.0,2025-07-23 13:19:22,Reprise du sport :)
2262,99401,2025-07-25 17:19:00,Runing,5839.0,2025-07-25 17:52:44,Reprise du sport :)
2263,99401,2025-07-26 19:37:00,Runing,5280.0,2025-07-26 20:05:32,Bonne sortie !
2264,99401,2025-07-28 09:19:00,Runing,4402.0,2025-07-28 09:49:04,Très bonnes sensations.
2265,99401,2025-07-30 17:11:00,Runing,9159.0,2025-07-30 17:57:59,Très bonnes sensations.
2266,99401,2025-07-31 07:08:00,Runing,11627.0,2025-07-31 08:20:17,Reprise du sport :)
2267,99401,2025-08-02 17:59:00,Runing,14225.0,2025-08-02 19:14:42,Très bonnes sensations.
2268,99401,2025-08-06 12:01:00,Runing,17951.0,2025-08-06 13:45:02,Très bonnes sensations.
2269,99401,2025-08-07 07:48:00,Runing,5303.0,2025-08-07 08:17:46,Reprise du sport :)
2270,99401,2025-08-08 19:15:00,Runing,12508.0,2025-08-08 20:29:30,Bonne sortie !
2271,99401,2025-08-09 17:34:00,Runing,17744.0,2025-08-09 19:16:26,Reprise du sport :)
2272,99401,2025-08-11 12:42:00,Runing,3097.0,2025-08-11 13:01:00,Très bonnes sensations.
2273,99401,2025-08-13 19:03:00,Runing,4387.0,2025-08-13 19:38:55,
2274,99401,2025-08-16 09:38:00,Runing,4595.0,2025-08-16 10:01:06,Très bonnes sensations.
2275,99401,2025-08-17 08:33:00,Runing,5361.0,2025-08-17 09:04:01,Très bonnes sensations.
2276,99401,2025-08-19 08:14:00,Runing,17664.0,2025-08-19 09:49:53,Bonne sortie !
2277,99401,2025-08-21 09:40:00,Runing,8093.0,2025-08-21 10:22:55,
2278,99401,2025-08-22 19:31:00,Runing,13218.0,2025-08-22 20:42:17,
2279,99401,2025-08-23 07:00:00,Runing,5507.0,2025-08-23 07:31:06,
2280,99401,2025-08-24 07:53:00,Runing,11287.0,2025-08-24 09:03:05,
2281,99401,2025-08-25 07:19:00,Runing,9628.0,2025-08-25 08:17:20,Bonne sortie !
2282,99401,2025-08-28 19:15:00,Runing,16790.0,2025-08-28 20:38:21,Reprise du sport :)
2283,99401,2025-08-29 19:39:00,Runing,14162.0,2025-08-29 21:07:12,
2284,99401,2025-08-30 12:09:00,Runing,13423.0,2025-08-30 14:01:57,Bonne sortie !
2285,99401,2025-09-01 12:18:00,Runing,7742.0,2025-09-01 13:00:13,Très bonnes sensations.
2286,99401,2025-09-03 09:42:00,Runing,7508.0,2025-09-03 10:30:12,
2287,99401,2025-09-04 12:26:00,Runing,16328.0,2025-09-04 14:08:36,
2288,99401,2025-09-05 09:29:00,Runing,4968.0,2025-09-05 09:57:42,
2289,99401,2025-09-06 17:19:00,Runing,3558.0,2025-09-06 17:38:38,Très bonnes sensations.
2290,99401,2025-09-08 18:29:00,Runing,7536.0,2025-09-08 19:33:06,Bonne sortie !
2291,99401,2025-09-09 09:32:00,Runing,17022.0,2025-09-09 10:55:57,Bonne sortie !
2292,99401,2025-09-10 09:57:00,Runing,14570.0,2025-09-10 11:23:08,
2293,99401,2025-09-15 18:46:00,Runing,12226.0,2025-09-15 20:07:11,Bonne sortie !
2294,99401,2025-09-16 09:50:00,Runing,15494.0,2025-09-16 11:14:54,Très bonnes sensations.
2295,99401,2025-09-19 07:58:00,Runing,16751.0,2025-09-19 09:30:27,Très bonnes sensations.
2296,99401,2025-09-22 08:44:00,Runing,8309.0,2025-09-22 09:31:20,Reprise du sport :)
2297,99401,2025-09-23 17:39:00,Runing,16596.0,2025-09-23 19:24:41,
2298,99401,2025-09-25 07:54:00,Runing,15007.0,2025-09-25 09:47:11,
2299,99401,2025-09-26 18:06:00,Runing,11182.0,2025-09-26 18:59:13,Très bonnes sensations.
2300,99401,2025-09-28 08:46:00,Runing,17622.0,2025-09-28 10:39:38,Très bonnes sensations.
2301,99401,2025-09-29 07:03:00,Runing,13025.0,2025-09-29 08:34:55,
2302,99401,2025-10-03 19:47:00,Runing,4194.0,2025-10-03 20:13:05,Reprise du sport :)
2303,99401,2025-10-04 17:40:00,Runing,16773.0,2025-10-04 20:00:14,Bonne sortie !
2304,99401,2025-10-05 08:40:00,Runing,12400.0,2025-10-05 09:51:58,Bonne sortie !
2305,99401,2025-10-08 09:31:00,Runing,10168.0,2025-10-08 10:26:06,Bonne sortie !
2306,99401,2025-10-09 08:47:00,Runing,5655.0,2025-10-09 09:22:20,Bonne sortie !
2307,99401,2025-10-10 07:37:00,Runing,3397.0,2025-10-10 07:55:55,
2308,99401,2025-10-12 09:49:00,Runing,9685.0,2025-10-12 10:44:49,
2309,99401,2025-10-13 09:11:00,Runing,14179.0,2025-10-13 10:25:46,Très bonnes sensations.
2310,99401,2025-10-18 08:53:00,Runing,6399.0,2025-10-18 09:29:50,Très bonnes sensations.
2311,99401,2025-10-19 12:27:00,Runing,13247.0,2025-10-19 13:52:52,
2312,99401,2025-10-20 17:05:00,Runing,5083.0,2025-10-20 17:31:05,Reprise du sport :)
2313,99401,2025-10-21 07:07:00,Runing,11170.0,2025-10-21 08:26:57,Reprise du sport :)
2314,99401,2025-10-23 07:14:00,Runing,16456.0,2025-10-23 08:32:05,Reprise du sport :)
2315,99401,2025-10-25 12:45:00,Runing,8863.0,2025-10-25 13:56:47,Bonne sortie !
2316,99401,2025-10-26 19:33:00,Runing,13014.0,2025-10-26 20:51:05,Très bonnes sensations.
2317,99401,2025-10-27 17:03:00,Runing,11944.0,2025-10-27 18:07:04,
2318,99401,2025-10-30 17:30:00,Runing,7309.0,2025-10-30 18:10:10,
2319,99401,2025-10-31 09:26:00,Runing,7274.0,2025-10-31 10:19:12,
2320,99401,2025-11-03 19:42:00,Runing,17947.0,2025-11-03 21:09:46,Bonne sortie !
2321,99401,2025-11-04 12:04:00,Runing,16199.0,2025-11-04 13:20:36,
2322,99401,2025-11-06 09:04:00,Runing,9819.0,2025-11-06 09:59:38,
2323,99401,2025-11-09 07:31:00,Runing,11316.0,2025-11-09 08:52:18,Reprise du sport :)
2324,99401,2025-11-10 12:30:00,Runing,7971.0,2025-11-10 13:10:55,Bonne sortie !
2325,99401,2025-11-11 07:59:00,Runing,3906.0,2025-11-11 08:31:44,Bonne sortie !
2326,99401,2025-11-12 17:38:00,Runing,17095.0,2025-11-12 19:28:34,
2327,99401,2025-11-15 17:30:00,Runing,3854.0,2025-11-15 17:54:48,Très bonnes sensations.
2328,99401,2025-11-16 12:07:00,Runing,17698.0,2025-11-16 13:46:18,Reprise du sport :)
2329,99401,2025-11-17 09:12:00,Runing,8621.0,2025-11-17 10:05:46,
2330,99401,2025-11-19 08:14:00,Runing,4507.0,2025-11-19 08:39:41,Bonne sortie !
2331,99401,2025-11-21 12:47:00,Runing,15330.0,2025-11-21 14:01:36,
2332,99401,2025-11-22 19:00:00,Runing,17307.0,2025-11-22 20:31:44,
2333,99401,2025-11-23 08:18:00,Runing,3716.0,2025-11-23 08:43:06,Bonne sortie !
2334,99401,2025-11-24 09:08:00,Runing,12930.0,2025-11-24 10:30:39,
2335,99401,2025-11-26 18:04:00,Runing,4251.0,2025-11-26 18:34:00,Bonne sortie !
2336,99401,2025-12-01 12:45:00,Runing,7959.0,2025-12-01 13:22:45,Reprise du sport :)
2337,99401,2025-12-02 19:41:00,Runing,7001.0,2025-12-02 20:22:20,Reprise du sport :)
2338,99401,2025-12-05 09:44:00,Runing,11870.0,2025-12-05 10:55:04,
2339,99401,2025-12-06 09:57:00,Runing,9731.0,2025-12-06 10:48:59,Très bonnes sensations.
2340,99401,2025-12-07 09:47:00,Runing,12059.0,2025-12-07 11:14:33,Reprise du sport :)
2341,99401,2025-12-08 18:52:00,Runing,15909.0,2025-12-08 20:53:34,Bonne sortie !
2342,99401,2025-12-11 18:28:00,Runing,13648.0,2025-12-11 19:38:41,
2343,99401,2025-12-12 07:31:00,Runing,16702.0,2025-12-12 09:50:08,Reprise du sport :)
2344,99401,2025-12-14 19:39:00,Runing,9290.0,2025-12-14 20:34:54,Très bonnes sensations.
2345,99401,2025-12-15 12:28:00,Runing,3727.0,2025-12-15 12:54:47,Très bonnes sensations.
2346,99401,2025-12-16 08:42:00,Runing,10062.0,2025-12-16 09:41:13,Reprise du sport :)
2347,99401,2025-12-17 07:34:00,Runing,15500.0,2025-12-17 09:16:21,
2348,99401,2025-12-18 17:48:00,Runing,17633.0,2025-12-18 19:45:20,Reprise du sport :)
2349,99401,2025-12-21 19:46:00,Runing,15049.0,2025-12-21 21:04:25,
2350,99401,2025-12-22 17:24:00,Runing,14817.0,2025-12-22 18:34:35,Reprise du sport :)
2351,99401,2025-12-23 19:34:00,Runing,10594.0,2025-12-23 20:40:36,Reprise du sport :)
2352,99401,2025-12-24 08:24:00,Runing,10656.0,2025-12-24 09:19:43,Bonne sortie !
2353,99401,2025-12-27 08:58:00,Runing,3248.0,2025-12-27 09:20:26,Reprise du sport :)
2354,99401,2025-12-29 09:36:00,Runing,9465.0,2025-12-29 10:54:32,Reprise du sport :)
2355,99401,2025-12-30 09:17:00,Runing,13800.0,2025-12-30 10:54:23,
2356,99401,2026-01-01 07:19:00,Runing,12313.0,2026-01-01 08:26:23,Reprise du sport :)
2357,99401,2026-01-04 12:00:00,Runing,10642.0,2026-01-04 13:28:25,Reprise du sport :)
2358,99401,2026-01-07 12:40:00,Runing,16833.0,2026-01-07 14:17:41,Très bonnes sensations.
2359,99401,2026-01-10 07:37:00,Runing,4303.0,2026-01-10 08:06:49,Reprise du sport :)
2360,99401,2026-01-12 19:50:00,Runing,7524.0,2026-01-12 20:42:45,Très bonnes sensations.
2361,99401,2026-01-13 08:14:00,Runing,13327.0,2026-01-13 09:53:22,
2362,99401,2026-01-14 08:07:00,Runing,13724.0,2026-01-14 10:00:53,Très bonnes sensations.
2363,99401,2026-01-18 18:16:00,Runing,7217.0,2026-01-18 19:17:01,Reprise du sport :)
2364,99401,2026-01-19 17:45:00,Runing,3732.0,2026-01-19 18:06:07,Reprise du sport :)
2365,99401,2026-01-20 07:04:00,Runing,11305.0,2026-01-20 08:14:12,
2366,99401,2026-01-22 08:13:00,Runing,8337.0,2026-01-22 09:01:00,Très bonnes sensations.
2367,99401,2026-01-23 07:41:00,Runing,9987.0,2026-01-23 08:29:54,Bonne sortie !
2368,99401,2026-01-27 09:26:00,Runing,17702.0,2026-01-27 11:03:20,Très bonnes sensations.
2369,99401,2026-01-29 09:39:00,Runing,3510.0,2026-01-29 10:05:27,
2370,99401,2026-01-31 09:59:00,Runing,5458.0,2026-01-31 10:25:16,
2371,99401,2026-02-02 17:45:00,Runing,15793.0,2026-02-02 19:07:45,Reprise du sport :)
2372,99401,2026-02-03 08:24:00,Runing,16610.0,2026-02-03 09:58:57,Bonne sortie !
2373,99401,2026-02-05 12:48:00,Runing,13636.0,2026-02-05 14:37:31,
2374,99401,2026-02-12 18:35:00,Runing,15025.0,2026-02-12 20:09:49,
2375,99401,2026-02-13 19:56:00,Runing,11646.0,2026-02-13 20:55:16,Très bonnes sensations.
2376,99401,2026-02-14 18:33:00,Runing,11525.0,2026-02-14 19:44:41,Reprise du sport :)
2377,99401,2026-02-17 08:21:00,Runing,6982.0,2026-02-17 08:56:31,Reprise du sport :)
2378,99401,2026-02-19 08:29:00,Runing,8157.0,2026-02-19 09:11:36,
2379,99401,2026-02-21 18:15:00,Runing,10291.0,2026-02-21 19:09:11,Très bonnes sensations.
2380,99401,2026-02-22 09:41:00,Runing,10932.0,2026-02-22 10:42:42,Très bonnes sensations.
2381,99401,2026-02-24 19:26:00,Runing,6764.0,2026-02-24 20:04:58,Bonne sortie !
2382,99401,2026-02-26 17:15:00,Runing,15721.0,2026-02-26 18:30:44,Bonne sortie !
2383,99401,2026-02-28 17:16:00,Runing,16039.0,2026-02-28 19:06:21,Reprise du sport :)
2384,99401,2026-03-01 17:09:00,Runing,12437.0,2026-03-01 18:23:53,Bonne sortie !
2385,99401,2026-03-04 08:56:00,Runing,10439.0,2026-03-04 10:24:18,
2386,99401,2026-03-06 12:16:00,Runing,15542.0,2026-03-06 13:46:18,Très bonnes sensations.
2387,99401,2026-03-08 18:10:00,Runing,4196.0,2026-03-08 18:42:18,Très bonnes sensations.
2388,99401,2026-03-09 12:22:00,Runing,5088.0,2026-03-09 12:54:26,Bonne sortie !
2389,99401,2026-03-11 18:18:00,Runing,4950.0,2026-03-11 18:50:55,Reprise du sport :)
2390,99401,2026-03-12 17:38:00,Runing,13102.0,2026-03-12 19:20:48,
2391,99401,2026-03-14 07:47:00,Runing,8815.0,2026-03-14 08:28:39,Très bonnes sensations.
2392,99401,2026-03-16 18:08:00,Runing,15016.0,2026-03-16 19:59:13,
2393,99401,2026-03-17 08:57:00,Runing,3127.0,2026-03-17 09:14:46,Reprise du sport :)
2394,99401,2026-03-18 18:41:00,Runing,10430.0,2026-03-18 19:48:28,Très bonnes sensations.
2395,99401,2026-03-20 08:32:00,Runing,14837.0,2026-03-20 09:56:33,
2396,99401,2026-03-21 08:19:00,Runing,11082.0,2026-03-21 09:32:30,Très bonnes sensations.
2397,99401,2026-03-23 08:02:00,Runing,16336.0,2026-03-23 09:19:22,Bonne sortie !
2398,99401,2026-03-24 12:33:00,Runing,7558.0,2026-03-24 13:16:24,Reprise du sport :)
2399,99401,2026-03-25 07:22:00,Runing,7666.0,2026-03-25 08:19:32,Reprise du sport :)
2400,99401,2026-03-28 09:31:00,Runing,10191.0,2026-03-28 10:44:18,Bonne sortie !
2401,99401,2026-03-29 18:17:00,Runing,5310.0,2026-03-29 18:59:03,Bonne sortie !
2402,99401,2026-03-30 07:38:00,Runing,17787.0,2026-03-30 10:05:26,Bonne sortie !
2403,99401,2026-03-31 07:31:00,Runing,16639.0,2026-03-31 08:54:39,Reprise du sport :)
2404,99401,2026-04-02 08:18:00,Runing,12357.0,2026-04-02 09:35:34,Très bonnes sensations.
2405,99401,2026-04-05 18:58:00,Runing,16840.0,2026-04-05 21:08:53,Très bonnes sensations.
2406,99401,2026-04-06 12:16:00,Runing,4423.0,2026-04-06 12:37:47,Reprise du sport :)
2407,99401,2026-04-07 18:42:00,Runing,4908.0,2026-04-07 19:04:59,
2408,99401,2026-04-08 18:50:00,Runing,6644.0,2026-04-08 19:25:05,Reprise du sport :)
2409,99401,2026-04-09 08:32:00,Runing,8494.0,2026-04-09 09:30:52,
2410,99401,2026-04-12 18:50:00,Runing,11540.0,2026-04-12 20:07:45,
2411,99401,2026-04-14 18:40:00,Runing,3130.0,2026-04-14 19:02:09,Très bonnes sensations.
2412,99401,2026-04-15 19:14:00,Runing,14032.0,2026-04-15 20:57:00,Très bonnes sensations.
2413,99401,2026-04-16 08:31:00,Runing,16334.0,2026-04-16 10:31:39,Très bonnes sensations.
2414,99401,2026-04-17 09:08:00,Runing,6253.0,2026-04-17 09:42:43,
2415,99401,2026-04-19 07:31:00,Runing,12137.0,2026-04-19 08:39:16,Bonne sortie !
2416,99401,2026-04-20 07:26:00,Runing,14271.0,2026-04-20 09:05:49,Très bonnes sensations.
2417,99401,2026-04-23 18:37:00,Runing,6845.0,2026-04-23 19:14:56,Très bonnes sensations.
2418,99401,2026-04-24 17:42:00,Runing,5950.0,2026-04-24 18:11:06,Bonne sortie !
2419,99401,2026-04-25 09:42:00,Runing,10947.0,2026-04-25 10:48:04,Très bonnes sensations.
2420,99401,2026-04-26 08:07:00,Runing,17432.0,2026-04-26 09:31:29,Reprise du sport :)
2421,99401,2026-04-28 12:28:00,Runing,8331.0,2026-04-28 13:26:55,Très bonnes sensations.
2422,99401,2026-04-29 07:11:00,Runing,10614.0,2026-04-29 08:01:00,
2423,99401,2026-04-30 09:44:00,Runing,9522.0,2026-04-30 10:34:53,Très bonnes sensations.
2424,99401,2026-05-02 19:51:00,Runing,17155.0,2026-05-02 21:34:36,Très bonnes sensations.
2425,99401,2026-05-03 08:56:00,Runing,16942.0,2026-05-03 10:22:54,
2426,99401,2026-05-04 17:49:00,Runing,8295.0,2026-05-04 18:47:05,Reprise du sport :)
2427,99401,2026-05-05 12:25:00,Runing,16255.0,2026-05-05 14:06:03,Très bonnes sensations.
2428,99401,2026-05-06 09:58:00,Runing,3895.0,2026-05-06 10:25:09,Bonne sortie !
2429,99401,2026-05-07 09:40:00,Runing,16410.0,2026-05-07 11:55:22,Très bonnes sensations.
2430,99401,2026-05-11 19:40:00,Runing,4807.0,2026-05-11 20:02:44,Reprise du sport :)
2431,99401,2026-05-14 08:38:00,Runing,11843.0,2026-05-14 10:17:48,
2432,99401,2026-05-15 19:24:00,Runing,4478.0,2026-05-15 19:47:00,Reprise du sport :)
2433,99401,2026-05-16 09:49:00,Runing,15550.0,2026-05-16 11:19:26,
2434,99401,2026-05-17 19:34:00,Runing,9480.0,2026-05-17 20:20:47,Bonne sortie !
2435,99401,2026-05-18 09:51:00,Runing,5644.0,2026-05-18 10:18:10,Reprise du sport :)
2436,99401,2026-05-19 12:13:00,Runing,12059.0,2026-05-19 13:16:28,
2437,99401,2026-05-21 07:54:00,Runing,3328.0,2026-05-21 08:11:19,
2438,99401,2026-05-23 17:25:00,Runing,15965.0,2026-05-23 19:01:40,Bonne sortie !
2439,99401,2026-05-24 07:17:00,Runing,15286.0,2026-05-24 09:15:28,Très bonnes sensations.
2440,99401,2026-05-25 18:25:00,Runing,5149.0,2026-05-25 18:50:56,Reprise du sport :)
2441,99401,2026-05-26 19:05:00,Runing,4253.0,2026-05-26 19:39:17,Très bonnes sensations.
2442,99401,2026-05-28 07:00:00,Runing,15167.0,2026-05-28 08:15:57,Bonne sortie !
2443,99401,2026-06-03 08:53:00,Runing,12923.0,2026-06-03 09:56:47,Reprise du sport :)
2444,99401,2026-06-04 12:32:00,Runing,15181.0,2026-06-04 14:39:34,Reprise du sport :)
2445,99401,2026-06-05 12:12:00,Runing,4633.0,2026-06-05 12:44:23,Très bonnes sensations.
2446,99401,2026-06-07 12:35:00,Runing,7563.0,2026-06-07 13:20:50,Bonne sortie !
2447,99401,2026-06-08 12:01:00,Runing,11143.0,2026-06-08 12:59:50,Reprise du sport :)
2448,99401,2026-06-09 19:34:00,Runing,14707.0,2026-06-09 21:29:21,Bonne sortie !
2449,99401,2026-06-10 17:01:00,Runing,9510.0,2026-06-10 17:50:04,Très bonnes sensations.
2450,99401,2026-06-14 09:09:00,Runing,16265.0,2026-06-14 10:39:32,
2451,99401,2026-06-16 07:35:00,Runing,5773.0,2026-06-16 08:17:00,Très bonnes sensations.
2452,99401,2026-06-17 17:15:00,Runing,4374.0,2026-06-17 17:48:26,Très bonnes sensations.
2453,99401,2026-06-18 17:46:00,Runing,16756.0,2026-06-18 19:22:40,Bonne sortie !
2454,99401,2026-06-23 12:19:00,Runing,15132.0,2026-06-23 13:59:35,Bonne sortie !
2455,99401,2026-06-24 07:20:00,Runing,14288.0,2026-06-24 08:42:30,Très bonnes sensations.
2456,99401,2026-06-27 19:00:00,Runing,7393.0,2026-06-27 19:39:49,Très bonnes sensations.
2457,99401,2026-06-29 18:30:00,Runing,11428.0,2026-06-29 19:36:23,
2458,99401,2026-06-30 07:27:00,Runing,14456.0,2026-06-30 09:23:11,Bonne sortie !
2459,99401,2026-07-01 19:00:00,Runing,5655.0,2026-07-01 19:33:32,
2460,99401,2026-07-02 08:12:00,Runing,10169.0,2026-07-02 09:01:56,
2461,99401,2026-07-03 07:56:00,Runing,9949.0,2026-07-03 08:55:52,Très bonnes sensations.
2462,99401,2026-07-08 12:00:00,Runing,7861.0,2026-07-08 13:01:13,Reprise du sport :)
2463,99401,2026-07-09 18:59:00,Runing,17421.0,2026-07-09 20:33:30,Reprise du sport :)
2464,99401,2026-07-10 17:56:00,Runing,9088.0,2026-07-10 18:48:31,Bonne sortie !
2465,99401,2026-07-13 19:39:00,Runing,14705.0,2026-07-13 21:14:37,Reprise du sport :)
2466,99401,2026-07-14 12:29:00,Runing,6450.0,2026-07-14 12:59:40,Bonne sortie !
2467,99401,2026-07-16 08:33:00,Runing,14715.0,2026-07-16 09:46:43,
2468,99401,2026-07-19 08:30:00,Runing,4098.0,2026-07-19 08:48:58,
2469,99401,2026-07-20 09:44:00,Runing,6074.0,2026-07-20 10:28:28,
2470,86847,2025-07-20 17:29:00,Football,,2025-07-20 19:07:00,Bonne séance.
2471,86847,2025-07-26 07:22:00,Football,,2025-07-26 09:02:00,Bonne séance.
2472,86847,2025-07-27 08:17:00,Football,,2025-07-27 09:35:00,Très bonnes sensations.
2473,86847,2025-08-01 17:46:00,Football,,2025-08-01 19:05:00,Entraînement terminé.
2474,86847,2025-08-05 17:34:00,Football,,2025-08-05 19:15:00,Bonne séance.
2475,86847,2025-08-06 07:37:00,Football,,2025-08-06 08:46:00,
2476,86847,2025-08-09 18:13:00,Football,,2025-08-09 19:30:00,Bonne séance.
2477,86847,2025-08-10 08:51:00,Football,,2025-08-10 10:24:00,Très bonnes sensations.
2478,86847,2025-08-14 09:36:00,Football,,2025-08-14 11:25:00,Entraînement terminé.
2479,86847,2025-08-20 08:10:00,Football,,2025-08-20 09:10:00,Bonne séance.
2480,86847,2025-08-21 08:05:00,Football,,2025-08-21 09:44:00,Bonne séance.
2481,86847,2025-08-23 08:10:00,Football,,2025-08-23 09:40:00,
2482,86847,2025-08-24 08:32:00,Football,,2025-08-24 10:00:00,Très bonnes sensations.
2483,86847,2025-08-30 18:30:00,Football,,2025-08-30 19:50:00,Entraînement terminé.
2484,86847,2025-08-31 17:25:00,Football,,2025-08-31 18:49:00,Très bonnes sensations.
2485,86847,2025-09-01 18:30:00,Football,,2025-09-01 19:52:00,Entraînement terminé.
2486,86847,2025-09-06 19:33:00,Football,,2025-09-06 20:53:00,
2487,86847,2025-09-08 18:53:00,Football,,2025-09-08 20:10:00,Bonne séance.
2488,86847,2025-09-12 19:27:00,Football,,2025-09-12 21:02:00,Très bonnes sensations.
2489,86847,2025-09-13 12:44:00,Football,,2025-09-13 14:34:00,Entraînement terminé.
2490,86847,2025-09-14 18:22:00,Football,,2025-09-14 19:33:00,
2491,86847,2025-09-17 19:23:00,Football,,2025-09-17 20:52:00,Entraînement terminé.
2492,86847,2025-09-18 18:27:00,Football,,2025-09-18 19:40:00,Bonne séance.
2493,86847,2025-09-22 18:00:00,Football,,2025-09-22 19:12:00,Très bonnes sensations.
2494,86847,2025-09-23 09:33:00,Football,,2025-09-23 10:45:00,
2495,86847,2025-09-28 09:58:00,Football,,2025-09-28 11:14:00,
2496,86847,2025-09-30 17:17:00,Football,,2025-09-30 18:19:00,Entraînement terminé.
2497,86847,2025-10-04 18:30:00,Football,,2025-10-04 19:55:00,
2498,86847,2025-10-07 18:03:00,Football,,2025-10-07 19:39:00,
2499,86847,2025-10-10 19:45:00,Football,,2025-10-10 21:15:00,Très bonnes sensations.
2500,86847,2025-10-11 12:11:00,Football,,2025-10-11 13:41:00,
2501,86847,2025-10-14 07:39:00,Football,,2025-10-14 09:24:00,Bonne séance.
2502,86847,2025-10-20 07:26:00,Football,,2025-10-20 08:33:00,
2503,86847,2025-10-24 12:40:00,Football,,2025-10-24 14:25:00,
2504,86847,2025-10-25 09:06:00,Football,,2025-10-25 10:40:00,Entraînement terminé.
2505,86847,2025-10-31 17:47:00,Football,,2025-10-31 18:48:00,Entraînement terminé.
2506,86847,2025-11-03 17:46:00,Football,,2025-11-03 19:09:00,
2507,86847,2025-11-04 18:25:00,Football,,2025-11-04 19:51:00,
2508,86847,2025-11-08 07:12:00,Football,,2025-11-08 09:00:00,Bonne séance.
2509,86847,2025-11-09 12:02:00,Football,,2025-11-09 13:19:00,Bonne séance.
2510,86847,2025-11-10 18:32:00,Football,,2025-11-10 19:58:00,Bonne séance.
2511,86847,2025-11-11 18:47:00,Football,,2025-11-11 19:47:00,Entraînement terminé.
2512,86847,2025-11-18 07:21:00,Football,,2025-11-18 08:50:00,
2513,86847,2025-11-20 17:59:00,Football,,2025-11-20 19:28:00,
2514,86847,2025-11-23 08:46:00,Football,,2025-11-23 09:51:00,Bonne séance.
2515,86847,2025-12-04 07:49:00,Football,,2025-12-04 08:59:00,
2516,86847,2025-12-05 08:40:00,Football,,2025-12-05 10:03:00,Très bonnes sensations.
2517,86847,2025-12-12 08:19:00,Football,,2025-12-12 10:02:00,Bonne séance.
2518,86847,2025-12-15 09:03:00,Football,,2025-12-15 10:27:00,Entraînement terminé.
2519,86847,2025-12-19 08:17:00,Football,,2025-12-19 09:25:00,Entraînement terminé.
2520,86847,2025-12-20 12:14:00,Football,,2025-12-20 13:26:00,Entraînement terminé.
2521,86847,2025-12-22 09:16:00,Football,,2025-12-22 11:00:00,Très bonnes sensations.
2522,86847,2025-12-28 09:37:00,Football,,2025-12-28 11:00:00,Entraînement terminé.
2523,86847,2025-12-31 19:41:00,Football,,2025-12-31 21:14:00,Très bonnes sensations.
2524,86847,2026-01-04 19:37:00,Football,,2026-01-04 21:01:00,Bonne séance.
2525,86847,2026-01-05 17:36:00,Football,,2026-01-05 18:49:00,Très bonnes sensations.
2526,86847,2026-01-09 09:41:00,Football,,2026-01-09 11:24:00,Entraînement terminé.
2527,86847,2026-01-13 18:32:00,Football,,2026-01-13 20:07:00,Entraînement terminé.
2528,86847,2026-01-22 19:13:00,Football,,2026-01-22 20:29:00,Bonne séance.
2529,86847,2026-01-25 07:33:00,Football,,2026-01-25 09:15:00,Bonne séance.
2530,86847,2026-01-27 12:08:00,Football,,2026-01-27 13:37:00,Entraînement terminé.
2531,86847,2026-02-04 18:37:00,Football,,2026-02-04 19:39:00,Entraînement terminé.
2532,86847,2026-02-05 18:06:00,Football,,2026-02-05 19:46:00,Entraînement terminé.
2533,86847,2026-02-09 12:30:00,Football,,2026-02-09 13:51:00,Entraînement terminé.
2534,86847,2026-02-15 09:10:00,Football,,2026-02-15 10:39:00,Bonne séance.
2535,86847,2026-02-16 19:01:00,Football,,2026-02-16 20:29:00,Très bonnes sensations.
2536,86847,2026-02-17 17:36:00,Football,,2026-02-17 19:20:00,Très bonnes sensations.
2537,86847,2026-02-23 09:46:00,Football,,2026-02-23 11:09:00,Entraînement terminé.
2538,86847,2026-02-25 12:43:00,Football,,2026-02-25 14:08:00,Entraînement terminé.
2539,86847,2026-02-28 07:59:00,Football,,2026-02-28 09:13:00,
2540,86847,2026-03-03 17:25:00,Football,,2026-03-03 19:02:00,
2541,86847,2026-03-04 08:32:00,Football,,2026-03-04 09:42:00,Entraînement terminé.
2542,86847,2026-03-09 17:48:00,Football,,2026-03-09 18:56:00,Bonne séance.
2543,86847,2026-03-12 18:21:00,Football,,2026-03-12 20:11:00,
2544,86847,2026-03-13 07:19:00,Football,,2026-03-13 09:09:00,Bonne séance.
2545,86847,2026-03-18 08:29:00,Football,,2026-03-18 09:29:00,Bonne séance.
2546,86847,2026-03-21 08:56:00,Football,,2026-03-21 10:07:00,Entraînement terminé.
2547,86847,2026-03-22 08:54:00,Football,,2026-03-22 10:07:00,Très bonnes sensations.
2548,86847,2026-03-23 07:46:00,Football,,2026-03-23 09:01:00,Bonne séance.
2549,86847,2026-03-29 12:10:00,Football,,2026-03-29 13:32:00,
2550,86847,2026-03-31 12:35:00,Football,,2026-03-31 14:18:00,Très bonnes sensations.
2551,86847,2026-04-02 18:13:00,Football,,2026-04-02 19:43:00,Très bonnes sensations.
2552,86847,2026-04-06 19:58:00,Football,,2026-04-06 21:04:00,Très bonnes sensations.
2553,86847,2026-04-10 08:20:00,Football,,2026-04-10 10:08:00,Bonne séance.
2554,86847,2026-04-14 09:52:00,Football,,2026-04-14 11:35:00,Très bonnes sensations.
2555,86847,2026-04-18 17:25:00,Football,,2026-04-18 18:59:00,
2556,86847,2026-04-22 18:37:00,Football,,2026-04-22 19:38:00,Bonne séance.
2557,86847,2026-04-24 17:11:00,Football,,2026-04-24 19:00:00,Bonne séance.
2558,86847,2026-04-28 17:52:00,Football,,2026-04-28 18:52:00,Très bonnes sensations.
2559,86847,2026-05-02 07:41:00,Football,,2026-05-02 08:55:00,Bonne séance.
2560,86847,2026-05-03 08:19:00,Football,,2026-05-03 09:46:00,
2561,86847,2026-05-04 09:24:00,Football,,2026-05-04 11:05:00,Bonne séance.
2562,86847,2026-05-11 09:24:00,Football,,2026-05-11 11:07:00,Très bonnes sensations.
2563,86847,2026-05-12 07:16:00,Football,,2026-05-12 08:42:00,Bonne séance.
2564,86847,2026-05-20 18:33:00,Football,,2026-05-20 19:39:00,Très bonnes sensations.
2565,86847,2026-05-26 18:46:00,Football,,2026-05-26 19:52:00,Très bonnes sensations.
2566,86847,2026-06-01 09:08:00,Football,,2026-06-01 10:44:00,Très bonnes sensations.
2567,86847,2026-06-07 18:42:00,Football,,2026-06-07 20:07:00,Très bonnes sensations.
2568,86847,2026-06-10 19:03:00,Football,,2026-06-10 20:22:00,Très bonnes sensations.
2569,86847,2026-06-13 09:47:00,Football,,2026-06-13 11:27:00,
2570,86847,2026-06-17 09:49:00,Football,,2026-06-17 11:19:00,Entraînement terminé.
2571,86847,2026-06-18 19:34:00,Football,,2026-06-18 20:57:00,
2572,86847,2026-06-20 19:11:00,Football,,2026-06-20 20:38:00,Très bonnes sensations.
2573,86847,2026-06-21 09:59:00,Football,,2026-06-21 11:44:00,Entraînement terminé.
2574,86847,2026-06-22 08:32:00,Football,,2026-06-22 10:11:00,Très bonnes sensations.
2575,86847,2026-06-27 12:03:00,Football,,2026-06-27 13:32:00,Entraînement terminé.
2576,86847,2026-06-28 19:31:00,Football,,2026-06-28 21:00:00,Entraînement terminé.
2577,86847,2026-07-09 18:23:00,Football,,2026-07-09 19:39:00,Très bonnes sensations.
2578,86847,2026-07-14 19:52:00,Football,,2026-07-14 20:53:00,Entraînement terminé.
2579,86847,2026-07-17 08:18:00,Football,,2026-07-17 09:40:00,Très bonnes sensations.
2580,86847,2026-07-20 09:19:00,Football,,2026-07-20 10:59:00,
2581,53673,2025-07-20 17:47:00,Voile,,2025-07-20 20:28:00,Bonne séance.
2582,53673,2025-07-25 08:05:00,Voile,,2025-07-25 11:21:00,
2583,53673,2025-08-01 08:40:00,Voile,,2025-08-01 11:46:00,Très bonnes sensations.
2584,53673,2025-08-05 18:39:00,Voile,,2025-08-05 20:41:00,Très bonnes sensations.
2585,53673,2025-08-06 07:04:00,Voile,,2025-08-06 09:27:00,Entraînement terminé.
2586,53673,2025-08-11 17:46:00,Voile,,2025-08-11 21:29:00,
2587,53673,2025-08-21 07:21:00,Voile,,2025-08-21 11:04:00,Entraînement terminé.
2588,53673,2025-08-22 12:25:00,Voile,,2025-08-22 13:30:00,Bonne séance.
2589,53673,2025-08-24 19:58:00,Voile,,2025-08-24 22:48:00,
2590,53673,2025-08-26 19:12:00,Voile,,2025-08-26 22:38:00,Entraînement terminé.
2591,53673,2025-08-29 09:39:00,Voile,,2025-08-29 12:50:00,Bonne séance.
2592,53673,2025-08-31 17:30:00,Voile,,2025-08-31 19:25:00,Très bonnes sensations.
2593,53673,2025-09-02 09:47:00,Voile,,2025-09-02 13:43:00,Bonne séance.
2594,53673,2025-09-06 09:32:00,Voile,,2025-09-06 13:23:00,
2595,53673,2025-09-08 09:00:00,Voile,,2025-09-08 11:44:00,Bonne séance.
2596,53673,2025-09-09 07:50:00,Voile,,2025-09-09 10:36:00,Bonne séance.
2597,53673,2025-09-10 09:17:00,Voile,,2025-09-10 12:15:00,Entraînement terminé.
2598,53673,2025-09-15 08:01:00,Voile,,2025-09-15 10:24:00,Bonne séance.
2599,53673,2025-09-25 09:46:00,Voile,,2025-09-25 13:21:00,Très bonnes sensations.
2600,53673,2025-10-01 09:34:00,Voile,,2025-10-01 12:13:00,Très bonnes sensations.
2601,53673,2025-10-02 17:00:00,Voile,,2025-10-02 19:27:00,Entraînement terminé.
2602,53673,2025-10-03 09:22:00,Voile,,2025-10-03 12:15:00,Bonne séance.
2603,53673,2025-10-10 12:13:00,Voile,,2025-10-10 15:29:00,Bonne séance.
2604,53673,2025-10-11 18:24:00,Voile,,2025-10-11 20:29:00,Très bonnes sensations.
2605,53673,2025-10-17 19:36:00,Voile,,2025-10-17 20:56:00,Très bonnes sensations.
2606,53673,2025-10-19 18:33:00,Voile,,2025-10-19 21:07:00,Entraînement terminé.
2607,53673,2025-10-20 09:48:00,Voile,,2025-10-20 12:08:00,Très bonnes sensations.
2608,53673,2025-10-21 18:29:00,Voile,,2025-10-21 19:36:00,Bonne séance.
2609,53673,2025-10-27 09:36:00,Voile,,2025-10-27 12:26:00,Très bonnes sensations.
2610,53673,2025-10-30 19:01:00,Voile,,2025-10-30 21:13:00,Très bonnes sensations.
2611,53673,2025-11-01 08:24:00,Voile,,2025-11-01 11:41:00,Bonne séance.
2612,53673,2025-11-02 07:25:00,Voile,,2025-11-02 09:20:00,Bonne séance.
2613,53673,2025-11-06 07:36:00,Voile,,2025-11-06 09:50:00,Bonne séance.
2614,53673,2025-11-15 19:47:00,Voile,,2025-11-15 22:29:00,Très bonnes sensations.
2615,53673,2025-11-17 12:57:00,Voile,,2025-11-17 16:30:00,Entraînement terminé.
2616,53673,2025-11-22 09:49:00,Voile,,2025-11-22 12:21:00,
2617,53673,2025-11-25 17:34:00,Voile,,2025-11-25 20:50:00,Très bonnes sensations.
2618,53673,2025-11-28 08:54:00,Voile,,2025-11-28 11:37:00,Très bonnes sensations.
2619,53673,2025-11-29 19:29:00,Voile,,2025-11-29 21:42:00,Très bonnes sensations.
2620,53673,2025-12-06 08:25:00,Voile,,2025-12-06 10:38:00,
2621,53673,2025-12-09 18:11:00,Voile,,2025-12-09 22:05:00,
2622,53673,2025-12-10 12:37:00,Voile,,2025-12-10 16:24:00,Très bonnes sensations.
2623,53673,2025-12-13 12:26:00,Voile,,2025-12-13 14:14:00,
2624,53673,2025-12-15 17:32:00,Voile,,2025-12-15 18:52:00,Très bonnes sensations.
2625,53673,2025-12-18 07:20:00,Voile,,2025-12-18 10:56:00,Bonne séance.
2626,53673,2025-12-20 08:36:00,Voile,,2025-12-20 12:16:00,Très bonnes sensations.
2627,53673,2025-12-21 18:38:00,Voile,,2025-12-21 22:25:00,Très bonnes sensations.
2628,53673,2025-12-23 17:32:00,Voile,,2025-12-23 19:21:00,Bonne séance.
2629,53673,2025-12-27 12:23:00,Voile,,2025-12-27 14:24:00,Bonne séance.
2630,53673,2025-12-29 09:08:00,Voile,,2025-12-29 11:23:00,
2631,53673,2026-01-02 07:13:00,Voile,,2026-01-02 10:40:00,Très bonnes sensations.
2632,53673,2026-01-05 17:28:00,Voile,,2026-01-05 19:29:00,Bonne séance.
2633,53673,2026-01-09 12:32:00,Voile,,2026-01-09 16:16:00,
2634,53673,2026-01-12 08:29:00,Voile,,2026-01-12 09:46:00,
2635,53673,2026-01-13 18:02:00,Voile,,2026-01-13 21:56:00,Très bonnes sensations.
2636,53673,2026-01-17 19:33:00,Voile,,2026-01-17 22:33:00,Très bonnes sensations.
2637,53673,2026-01-24 12:16:00,Voile,,2026-01-24 15:33:00,
2638,53673,2026-01-29 18:01:00,Voile,,2026-01-29 20:53:00,Très bonnes sensations.
2639,53673,2026-01-30 19:46:00,Voile,,2026-01-30 21:01:00,Entraînement terminé.
2640,53673,2026-01-31 19:25:00,Voile,,2026-01-31 20:35:00,Entraînement terminé.
2641,53673,2026-02-05 18:41:00,Voile,,2026-02-05 21:33:00,Très bonnes sensations.
2642,53673,2026-02-06 19:07:00,Voile,,2026-02-06 20:33:00,Bonne séance.
2643,53673,2026-02-12 19:50:00,Voile,,2026-02-12 21:18:00,Bonne séance.
2644,53673,2026-02-14 09:26:00,Voile,,2026-02-14 13:14:00,Entraînement terminé.
2645,53673,2026-02-16 19:30:00,Voile,,2026-02-16 21:23:00,Entraînement terminé.
2646,53673,2026-02-24 18:44:00,Voile,,2026-02-24 20:02:00,Très bonnes sensations.
2647,53673,2026-03-02 09:18:00,Voile,,2026-03-02 13:14:00,Très bonnes sensations.
2648,53673,2026-03-03 09:50:00,Voile,,2026-03-03 12:45:00,Entraînement terminé.
2649,53673,2026-03-04 17:17:00,Voile,,2026-03-04 20:49:00,
2650,53673,2026-03-09 17:18:00,Voile,,2026-03-09 18:24:00,Bonne séance.
2651,53673,2026-03-17 18:18:00,Voile,,2026-03-17 20:36:00,Bonne séance.
2652,53673,2026-03-19 17:40:00,Voile,,2026-03-19 19:58:00,Très bonnes sensations.
2653,53673,2026-03-24 08:47:00,Voile,,2026-03-24 12:44:00,Bonne séance.
2654,53673,2026-03-25 08:38:00,Voile,,2026-03-25 10:52:00,Très bonnes sensations.
2655,53673,2026-03-27 09:40:00,Voile,,2026-03-27 11:38:00,
2656,53673,2026-04-02 09:09:00,Voile,,2026-04-02 12:38:00,
2657,53673,2026-04-07 17:47:00,Voile,,2026-04-07 20:59:00,Très bonnes sensations.
2658,53673,2026-04-10 12:39:00,Voile,,2026-04-10 14:22:00,Entraînement terminé.
2659,53673,2026-04-13 09:33:00,Voile,,2026-04-13 12:08:00,Très bonnes sensations.
2660,53673,2026-04-16 19:59:00,Voile,,2026-04-16 23:03:00,Bonne séance.
2661,53673,2026-04-17 19:33:00,Voile,,2026-04-17 22:36:00,Bonne séance.
2662,53673,2026-04-19 18:04:00,Voile,,2026-04-19 20:31:00,Bonne séance.
2663,53673,2026-04-22 09:13:00,Voile,,2026-04-22 11:10:00,Bonne séance.
2664,53673,2026-04-30 19:07:00,Voile,,2026-04-30 22:53:00,Bonne séance.
2665,53673,2026-05-01 09:31:00,Voile,,2026-05-01 12:28:00,
2666,53673,2026-05-04 18:12:00,Voile,,2026-05-04 20:45:00,
2667,53673,2026-05-07 12:40:00,Voile,,2026-05-07 14:05:00,Entraînement terminé.
2668,53673,2026-05-09 17:04:00,Voile,,2026-05-09 19:13:00,
2669,53673,2026-05-13 17:33:00,Voile,,2026-05-13 19:36:00,Bonne séance.
2670,53673,2026-05-22 08:44:00,Voile,,2026-05-22 12:30:00,Bonne séance.
2671,53673,2026-05-23 08:44:00,Voile,,2026-05-23 11:40:00,Bonne séance.
2672,53673,2026-05-28 09:35:00,Voile,,2026-05-28 11:46:00,
2673,53673,2026-05-31 08:33:00,Voile,,2026-05-31 10:50:00,
2674,53673,2026-06-01 08:14:00,Voile,,2026-06-01 10:16:00,Très bonnes sensations.
2675,53673,2026-06-05 12:06:00,Voile,,2026-06-05 15:23:00,
2676,53673,2026-06-12 07:12:00,Voile,,2026-06-12 10:14:00,
2677,53673,2026-06-13 12:05:00,Voile,,2026-06-13 15:06:00,Bonne séance.
2678,53673,2026-06-18 17:13:00,Voile,,2026-06-18 20:46:00,Très bonnes sensations.
2679,53673,2026-06-21 17:27:00,Voile,,2026-06-21 18:55:00,Très bonnes sensations.
2680,53673,2026-06-25 19:41:00,Voile,,2026-06-25 21:30:00,Très bonnes sensations.
2681,53673,2026-06-30 19:26:00,Voile,,2026-06-30 22:59:00,Entraînement terminé.
2682,53673,2026-07-06 09:32:00,Voile,,2026-07-06 12:35:00,Entraînement terminé.
2683,53673,2026-07-10 18:19:00,Voile,,2026-07-10 20:26:00,Bonne séance.
2684,53673,2026-07-14 17:32:00,Voile,,2026-07-14 19:51:00,Très bonnes sensations.
2685,53673,2026-07-17 07:48:00,Voile,,2026-07-17 09:34:00,Très bonnes sensations.
2686,53673,2026-07-20 17:30:00,Voile,,2026-07-20 20:36:00,Bonne séance.
2687,18918,2025-07-25 09:06:00,Tennis,,2025-07-25 10:47:00,Entraînement terminé.
2688,18918,2025-09-04 09:20:00,Tennis,,2025-09-04 11:12:00,Très bonnes sensations.
2689,18918,2025-09-18 08:36:00,Tennis,,2025-09-18 09:40:00,Entraînement terminé.
2690,18918,2025-10-11 08:54:00,Tennis,,2025-10-11 09:59:00,Bonne séance.
2691,18918,2025-10-16 12:41:00,Tennis,,2025-10-16 14:19:00,Entraînement terminé.
2692,18918,2025-10-29 19:53:00,Tennis,,2025-10-29 21:16:00,Entraînement terminé.
2693,18918,2025-11-11 18:22:00,Tennis,,2025-11-11 19:47:00,Très bonnes sensations.
2694,18918,2025-11-19 17:25:00,Tennis,,2025-11-19 19:03:00,
2695,18918,2025-11-23 12:22:00,Tennis,,2025-11-23 13:24:00,Très bonnes sensations.
2696,18918,2025-11-30 19:45:00,Tennis,,2025-11-30 20:55:00,Bonne séance.
2697,18918,2025-12-09 19:23:00,Tennis,,2025-12-09 20:11:00,Entraînement terminé.
2698,18918,2025-12-20 12:20:00,Tennis,,2025-12-20 14:16:00,Bonne séance.
2699,18918,2026-01-03 09:06:00,Tennis,,2026-01-03 10:00:00,Bonne séance.
2700,18918,2026-01-16 12:46:00,Tennis,,2026-01-16 14:46:00,Très bonnes sensations.
2701,18918,2026-01-30 18:31:00,Tennis,,2026-01-30 19:47:00,Entraînement terminé.
2702,18918,2026-02-01 07:03:00,Tennis,,2026-02-01 08:31:00,Entraînement terminé.
2703,18918,2026-02-11 09:07:00,Tennis,,2026-02-11 10:52:00,Bonne séance.
2704,18918,2026-02-28 18:26:00,Tennis,,2026-02-28 19:30:00,Bonne séance.
2705,18918,2026-03-05 08:35:00,Tennis,,2026-03-05 09:31:00,Très bonnes sensations.
2706,18918,2026-03-19 17:48:00,Tennis,,2026-03-19 19:06:00,Entraînement terminé.
2707,18918,2026-04-18 09:57:00,Tennis,,2026-04-18 11:39:00,Bonne séance.
2708,18918,2026-04-29 08:29:00,Tennis,,2026-04-29 10:00:00,Entraînement terminé.
2709,18918,2026-05-12 17:47:00,Tennis,,2026-05-12 18:34:00,Bonne séance.
2710,18918,2026-05-27 12:51:00,Tennis,,2026-05-27 14:38:00,
2711,18918,2026-06-07 17:27:00,Tennis,,2026-06-07 18:16:00,Entraînement terminé.
2712,18918,2026-06-16 17:21:00,Tennis,,2026-06-16 18:14:00,
2713,18918,2026-07-19 19:04:00,Tennis,,2026-07-19 20:44:00,Entraînement terminé.
2714,86633,2025-07-21 07:11:00,Runing,13614.0,2025-07-21 08:29:09,Très bonnes sensations.
2715,86633,2025-07-22 17:49:00,Runing,14347.0,2025-07-22 19:04:16,Très bonnes sensations.
2716,86633,2025-07-25 07:25:00,Runing,12416.0,2025-07-25 08:50:01,Très bonnes sensations.
2717,86633,2025-07-27 08:20:00,Runing,9998.0,2025-07-27 09:35:54,Bonne sortie !
2718,86633,2025-08-05 12:41:00,Runing,13901.0,2025-08-05 14:22:41,Reprise du sport :)
2719,86633,2025-08-07 18:55:00,Runing,12451.0,2025-08-07 20:29:23,Bonne sortie !
2720,86633,2025-08-08 08:19:00,Runing,5975.0,2025-08-08 09:06:08,
2721,86633,2025-08-14 09:04:00,Runing,8365.0,2025-08-14 09:45:04,Bonne sortie !
2722,86633,2025-08-18 08:27:00,Runing,7441.0,2025-08-18 09:20:10,Bonne sortie !
2723,86633,2025-08-19 19:22:00,Runing,3447.0,2025-08-19 19:48:26,Très bonnes sensations.
2724,86633,2025-08-23 07:53:00,Runing,9145.0,2025-08-23 09:09:43,Bonne sortie !
2725,86633,2025-08-24 12:25:00,Runing,6254.0,2025-08-24 13:10:34,Très bonnes sensations.
2726,86633,2025-08-27 17:52:00,Runing,5042.0,2025-08-27 18:32:02,Bonne sortie !
2727,86633,2025-09-04 07:10:00,Runing,15396.0,2025-09-04 09:01:52,Très bonnes sensations.
2728,86633,2025-09-05 18:38:00,Runing,8871.0,2025-09-05 19:24:17,Reprise du sport :)
2729,86633,2025-09-06 12:12:00,Runing,6446.0,2025-09-06 12:41:57,Reprise du sport :)
2730,86633,2025-09-09 07:29:00,Runing,3264.0,2025-09-09 07:56:48,Très bonnes sensations.
2731,86633,2025-09-11 12:54:00,Runing,4639.0,2025-09-11 13:24:30,Reprise du sport :)
2732,86633,2025-09-17 19:41:00,Runing,7926.0,2025-09-17 20:37:47,
2733,86633,2025-09-24 07:17:00,Runing,14954.0,2025-09-24 08:39:26,Reprise du sport :)
2734,86633,2025-09-26 07:09:00,Runing,16884.0,2025-09-26 09:08:16,
2735,86633,2025-09-27 08:33:00,Runing,5551.0,2025-09-27 09:15:28,Très bonnes sensations.
2736,86633,2025-09-28 17:51:00,Runing,6437.0,2025-09-28 18:22:40,Reprise du sport :)
2737,86633,2025-10-08 19:10:00,Runing,9868.0,2025-10-08 20:23:42,Bonne sortie !
2738,86633,2025-10-09 18:51:00,Runing,16276.0,2025-10-09 20:19:41,Reprise du sport :)
2739,86633,2025-10-18 08:01:00,Runing,11151.0,2025-10-18 09:22:21,Très bonnes sensations.
2740,86633,2025-10-21 09:01:00,Runing,15833.0,2025-10-21 11:13:46,
2741,86633,2025-10-23 12:02:00,Runing,15041.0,2025-10-23 13:15:47,Très bonnes sensations.
2742,86633,2025-10-25 07:34:00,Runing,9177.0,2025-10-25 08:21:34,Bonne sortie !
2743,86633,2025-10-26 07:22:00,Runing,17699.0,2025-10-26 09:29:23,Très bonnes sensations.
2744,86633,2025-11-02 12:29:00,Runing,9800.0,2025-11-02 13:17:27,Très bonnes sensations.
2745,86633,2025-11-15 17:51:00,Runing,13434.0,2025-11-15 19:46:05,Très bonnes sensations.
2746,86633,2025-11-17 09:42:00,Runing,11847.0,2025-11-17 10:59:19,
2747,86633,2025-11-18 12:31:00,Runing,15267.0,2025-11-18 13:47:25,Bonne sortie !
2748,86633,2025-11-24 17:08:00,Runing,16196.0,2025-11-24 18:24:48,Bonne sortie !
2749,86633,2025-11-30 18:25:00,Runing,7625.0,2025-11-30 19:02:08,
2750,86633,2025-12-05 08:14:00,Runing,7106.0,2025-12-05 09:06:35,Reprise du sport :)
2751,86633,2025-12-06 09:45:00,Runing,10571.0,2025-12-06 10:42:36,Reprise du sport :)
2752,86633,2025-12-09 12:23:00,Runing,13833.0,2025-12-09 14:08:27,
2753,86633,2025-12-14 19:12:00,Runing,5984.0,2025-12-14 20:02:40,
2754,86633,2025-12-17 19:50:00,Runing,6896.0,2025-12-17 20:41:54,Reprise du sport :)
2755,86633,2025-12-20 07:36:00,Runing,10877.0,2025-12-20 08:41:54,Reprise du sport :)
2756,86633,2025-12-26 19:52:00,Runing,12456.0,2025-12-26 21:11:13,Bonne sortie !
2757,86633,2025-12-30 17:28:00,Runing,4930.0,2025-12-30 17:53:47,Reprise du sport :)
2758,86633,2026-01-01 09:57:00,Runing,6052.0,2026-01-01 10:39:34,Très bonnes sensations.
2759,86633,2026-01-04 18:54:00,Runing,8609.0,2026-01-04 19:38:36,Reprise du sport :)
2760,86633,2026-01-07 07:50:00,Runing,8987.0,2026-01-07 08:46:25,
2761,86633,2026-01-09 17:08:00,Runing,4549.0,2026-01-09 17:40:38,Très bonnes sensations.
2762,86633,2026-01-11 17:45:00,Runing,7844.0,2026-01-11 18:45:40,Reprise du sport :)
2763,86633,2026-01-21 17:05:00,Runing,17204.0,2026-01-21 18:25:27,Bonne sortie !
2764,86633,2026-01-24 12:52:00,Runing,17510.0,2026-01-24 14:12:52,Bonne sortie !
2765,86633,2026-01-31 18:14:00,Runing,15712.0,2026-01-31 20:26:46,Reprise du sport :)
2766,86633,2026-02-02 19:33:00,Runing,11602.0,2026-02-02 21:08:36,Reprise du sport :)
2767,86633,2026-02-05 17:14:00,Runing,14365.0,2026-02-05 18:21:57,Bonne sortie !
2768,86633,2026-02-07 09:10:00,Runing,4640.0,2026-02-07 09:35:07,Bonne sortie !
2769,86633,2026-02-09 12:54:00,Runing,6312.0,2026-02-09 13:37:41,Très bonnes sensations.
2770,86633,2026-02-12 09:24:00,Runing,17761.0,2026-02-12 11:09:12,Très bonnes sensations.
2771,86633,2026-02-13 12:29:00,Runing,8274.0,2026-02-13 13:32:31,Reprise du sport :)
2772,86633,2026-02-15 09:45:00,Runing,12105.0,2026-02-15 10:50:58,Bonne sortie !
2773,86633,2026-02-22 07:48:00,Runing,9723.0,2026-02-22 09:02:24,Très bonnes sensations.
2774,86633,2026-02-26 19:10:00,Runing,15527.0,2026-02-26 20:22:36,Bonne sortie !
2775,86633,2026-02-28 12:50:00,Runing,5612.0,2026-02-28 13:20:58,Très bonnes sensations.
2776,86633,2026-03-02 07:14:00,Runing,7525.0,2026-03-02 08:11:34,Très bonnes sensations.
2777,86633,2026-03-03 07:46:00,Runing,15118.0,2026-03-03 09:12:16,Bonne sortie !
2778,86633,2026-03-07 08:28:00,Runing,5333.0,2026-03-07 08:57:00,Reprise du sport :)
2779,86633,2026-03-13 07:33:00,Runing,8098.0,2026-03-13 08:20:53,Très bonnes sensations.
2780,86633,2026-03-20 12:19:00,Runing,16471.0,2026-03-20 14:26:32,Très bonnes sensations.
2781,86633,2026-03-22 19:58:00,Runing,14796.0,2026-03-22 21:36:07,Reprise du sport :)
2782,86633,2026-04-01 19:57:00,Runing,7185.0,2026-04-01 20:53:09,Très bonnes sensations.
2783,86633,2026-04-06 18:44:00,Runing,17180.0,2026-04-06 20:11:36,Reprise du sport :)
2784,86633,2026-04-09 08:33:00,Runing,4688.0,2026-04-09 09:10:21,Reprise du sport :)
2785,86633,2026-04-18 19:42:00,Runing,11102.0,2026-04-18 20:37:25,Très bonnes sensations.
2786,86633,2026-04-19 07:55:00,Runing,15614.0,2026-04-19 09:42:55,Reprise du sport :)
2787,86633,2026-04-24 09:40:00,Runing,11320.0,2026-04-24 10:55:42,Reprise du sport :)
2788,86633,2026-04-26 07:45:00,Runing,16205.0,2026-04-26 09:23:05,Très bonnes sensations.
2789,86633,2026-05-02 08:37:00,Runing,10106.0,2026-05-02 09:32:09,
2790,86633,2026-05-06 19:36:00,Runing,9157.0,2026-05-06 20:27:38,Très bonnes sensations.
2791,86633,2026-05-07 07:38:00,Runing,4766.0,2026-05-07 08:05:08,
2792,86633,2026-05-08 17:06:00,Runing,4924.0,2026-05-08 17:29:05,Bonne sortie !
2793,86633,2026-05-14 18:57:00,Runing,12892.0,2026-05-14 20:18:10,Très bonnes sensations.
2794,86633,2026-05-15 18:47:00,Runing,3653.0,2026-05-15 19:11:08,Très bonnes sensations.
2795,86633,2026-05-21 07:25:00,Runing,16322.0,2026-05-21 08:47:46,Très bonnes sensations.
2796,86633,2026-05-23 18:58:00,Runing,3420.0,2026-05-23 19:22:44,Bonne sortie !
2797,86633,2026-05-29 09:06:00,Runing,7788.0,2026-05-29 09:43:19,
2798,86633,2026-06-02 19:43:00,Runing,8636.0,2026-06-02 20:39:51,Bonne sortie !
2799,86633,2026-06-03 09:28:00,Runing,15840.0,2026-06-03 11:38:26,Très bonnes sensations.
2800,86633,2026-06-05 18:40:00,Runing,7311.0,2026-06-05 19:17:47,Bonne sortie !
2801,86633,2026-06-11 19:55:00,Runing,11966.0,2026-06-11 21:00:56,Très bonnes sensations.
2802,86633,2026-06-15 19:31:00,Runing,17035.0,2026-06-15 21:46:41,Reprise du sport :)
2803,86633,2026-06-20 17:34:00,Runing,15121.0,2026-06-20 18:50:41,Bonne sortie !
2804,86633,2026-06-23 07:58:00,Runing,14828.0,2026-06-23 09:55:57,Très bonnes sensations.
2805,86633,2026-06-27 09:39:00,Runing,11146.0,2026-06-27 10:40:43,Très bonnes sensations.
2806,86633,2026-06-30 19:45:00,Runing,10953.0,2026-06-30 20:57:11,Très bonnes sensations.
2807,86633,2026-07-06 08:20:00,Runing,3260.0,2026-07-06 08:45:30,Reprise du sport :)
2808,86633,2026-07-11 17:44:00,Runing,13523.0,2026-07-11 19:02:18,Bonne sortie !
2809,86633,2026-07-16 07:12:00,Runing,4529.0,2026-07-16 07:48:01,Très bonnes sensations.
2810,86633,2026-07-17 19:16:00,Runing,5388.0,2026-07-17 19:44:37,Reprise du sport :)
2811,86633,2026-07-19 07:54:00,Runing,15063.0,2026-07-19 09:10:02,Reprise du sport :)
2812,86633,2026-07-20 17:36:00,Runing,4346.0,2026-07-20 18:05:09,Bonne sortie !
2813,43542,2025-07-21 17:09:00,Judo,,2025-07-21 18:36:00,Entraînement terminé.
2814,43542,2025-07-30 08:53:00,Judo,,2025-07-30 10:22:00,Bonne séance.
2815,43542,2025-08-04 12:41:00,Judo,,2025-08-04 14:17:00,Bonne séance.
2816,43542,2025-08-10 09:15:00,Judo,,2025-08-10 10:01:00,Très bonnes sensations.
2817,43542,2025-08-20 17:36:00,Judo,,2025-08-20 18:33:00,Très bonnes sensations.
2818,43542,2025-08-21 08:54:00,Judo,,2025-08-21 10:12:00,Très bonnes sensations.
2819,43542,2025-08-26 18:50:00,Judo,,2025-08-26 19:58:00,Entraînement terminé.
2820,43542,2025-08-27 12:23:00,Judo,,2025-08-27 13:31:00,Bonne séance.
2821,43542,2025-08-28 09:34:00,Judo,,2025-08-28 10:41:00,
2822,43542,2025-09-01 19:34:00,Judo,,2025-09-01 20:56:00,Bonne séance.
2823,43542,2025-09-02 07:58:00,Judo,,2025-09-02 09:33:00,Très bonnes sensations.
2824,43542,2025-09-06 17:20:00,Judo,,2025-09-06 18:11:00,Bonne séance.
2825,43542,2025-09-09 19:14:00,Judo,,2025-09-09 20:28:00,Entraînement terminé.
2826,43542,2025-09-11 17:53:00,Judo,,2025-09-11 18:41:00,Très bonnes sensations.
2827,43542,2025-09-12 17:28:00,Judo,,2025-09-12 18:44:00,Très bonnes sensations.
2828,43542,2025-09-15 07:35:00,Judo,,2025-09-15 08:48:00,
2829,43542,2025-09-24 08:04:00,Judo,,2025-09-24 09:32:00,Entraînement terminé.
2830,43542,2025-09-26 07:46:00,Judo,,2025-09-26 08:48:00,Entraînement terminé.
2831,43542,2025-09-28 12:27:00,Judo,,2025-09-28 13:57:00,Bonne séance.
2832,43542,2025-10-02 12:13:00,Judo,,2025-10-02 13:40:00,Très bonnes sensations.
2833,43542,2025-10-03 09:34:00,Judo,,2025-10-03 11:03:00,Entraînement terminé.
2834,43542,2025-10-06 19:56:00,Judo,,2025-10-06 21:13:00,Très bonnes sensations.
2835,43542,2025-10-09 08:49:00,Judo,,2025-10-09 10:08:00,Entraînement terminé.
2836,43542,2025-10-16 07:45:00,Judo,,2025-10-16 09:18:00,Entraînement terminé.
2837,43542,2025-10-19 07:33:00,Judo,,2025-10-19 08:44:00,Bonne séance.
2838,43542,2025-10-23 18:12:00,Judo,,2025-10-23 19:12:00,Bonne séance.
2839,43542,2025-10-25 19:11:00,Judo,,2025-10-25 19:57:00,Très bonnes sensations.
2840,43542,2025-10-26 07:25:00,Judo,,2025-10-26 08:46:00,Très bonnes sensations.
2841,43542,2025-10-28 19:26:00,Judo,,2025-10-28 20:35:00,Très bonnes sensations.
2842,43542,2025-11-01 08:54:00,Judo,,2025-11-01 10:00:00,Bonne séance.
2843,43542,2025-11-04 09:11:00,Judo,,2025-11-04 10:41:00,Très bonnes sensations.
2844,43542,2025-11-09 08:16:00,Judo,,2025-11-09 09:26:00,Bonne séance.
2845,43542,2025-11-12 08:22:00,Judo,,2025-11-12 09:48:00,
2846,43542,2025-11-16 17:16:00,Judo,,2025-11-16 18:02:00,
2847,43542,2025-11-19 17:03:00,Judo,,2025-11-19 18:31:00,Entraînement terminé.
2848,43542,2025-11-24 07:33:00,Judo,,2025-11-24 08:18:00,
2849,43542,2025-12-02 07:51:00,Judo,,2025-12-02 09:12:00,Entraînement terminé.
2850,43542,2025-12-03 19:04:00,Judo,,2025-12-03 20:00:00,Bonne séance.
2851,43542,2025-12-08 17:13:00,Judo,,2025-12-08 18:20:00,
2852,43542,2025-12-10 19:43:00,Judo,,2025-12-10 20:37:00,Entraînement terminé.
2853,43542,2025-12-11 17:11:00,Judo,,2025-12-11 18:24:00,Bonne séance.
2854,43542,2025-12-14 17:02:00,Judo,,2025-12-14 18:21:00,
2855,43542,2025-12-15 19:59:00,Judo,,2025-12-15 21:03:00,Entraînement terminé.
2856,43542,2025-12-17 07:22:00,Judo,,2025-12-17 08:50:00,Bonne séance.
2857,43542,2025-12-21 12:12:00,Judo,,2025-12-21 13:35:00,Bonne séance.
2858,43542,2025-12-22 17:58:00,Judo,,2025-12-22 19:04:00,Très bonnes sensations.
2859,43542,2025-12-25 18:35:00,Judo,,2025-12-25 20:13:00,Très bonnes sensations.
2860,43542,2025-12-28 17:04:00,Judo,,2025-12-28 18:10:00,Bonne séance.
2861,43542,2026-01-02 09:09:00,Judo,,2026-01-02 10:09:00,Très bonnes sensations.
2862,43542,2026-01-10 12:02:00,Judo,,2026-01-10 13:09:00,
2863,43542,2026-01-16 18:48:00,Judo,,2026-01-16 20:26:00,
2864,43542,2026-01-17 19:33:00,Judo,,2026-01-17 20:23:00,Entraînement terminé.
2865,43542,2026-01-22 17:25:00,Judo,,2026-01-22 18:58:00,Bonne séance.
2866,43542,2026-01-23 09:20:00,Judo,,2026-01-23 10:13:00,Très bonnes sensations.
2867,43542,2026-01-24 19:12:00,Judo,,2026-01-24 20:15:00,Très bonnes sensations.
2868,43542,2026-01-28 07:31:00,Judo,,2026-01-28 08:17:00,Très bonnes sensations.
2869,43542,2026-01-31 07:20:00,Judo,,2026-01-31 08:40:00,Très bonnes sensations.
2870,43542,2026-02-03 19:49:00,Judo,,2026-02-03 20:52:00,
2871,43542,2026-02-04 17:53:00,Judo,,2026-02-04 18:40:00,Bonne séance.
2872,43542,2026-02-07 07:19:00,Judo,,2026-02-07 08:41:00,Bonne séance.
2873,43542,2026-02-08 17:01:00,Judo,,2026-02-08 17:49:00,Entraînement terminé.
2874,43542,2026-02-10 12:12:00,Judo,,2026-02-10 13:19:00,
2875,43542,2026-02-13 19:52:00,Judo,,2026-02-13 21:20:00,Très bonnes sensations.
2876,43542,2026-02-16 17:23:00,Judo,,2026-02-16 18:51:00,
2877,43542,2026-02-19 08:06:00,Judo,,2026-02-19 09:20:00,Bonne séance.
2878,43542,2026-02-21 08:45:00,Judo,,2026-02-21 09:50:00,
2879,43542,2026-02-23 17:40:00,Judo,,2026-02-23 19:04:00,
2880,43542,2026-02-25 07:59:00,Judo,,2026-02-25 09:08:00,Bonne séance.
2881,43542,2026-02-28 18:07:00,Judo,,2026-02-28 19:10:00,
2882,43542,2026-03-06 19:58:00,Judo,,2026-03-06 21:36:00,Entraînement terminé.
2883,43542,2026-03-11 19:14:00,Judo,,2026-03-11 20:22:00,Très bonnes sensations.
2884,43542,2026-03-16 08:38:00,Judo,,2026-03-16 09:38:00,Entraînement terminé.
2885,43542,2026-03-26 18:55:00,Judo,,2026-03-26 20:20:00,Entraînement terminé.
2886,43542,2026-03-27 08:56:00,Judo,,2026-03-27 10:22:00,Entraînement terminé.
2887,43542,2026-03-29 12:52:00,Judo,,2026-03-29 14:03:00,Très bonnes sensations.
2888,43542,2026-04-03 09:53:00,Judo,,2026-04-03 10:50:00,Très bonnes sensations.
2889,43542,2026-04-05 18:44:00,Judo,,2026-04-05 19:54:00,
2890,43542,2026-04-09 18:49:00,Judo,,2026-04-09 20:02:00,Bonne séance.
2891,43542,2026-04-12 18:07:00,Judo,,2026-04-12 18:59:00,Bonne séance.
2892,43542,2026-04-13 19:31:00,Judo,,2026-04-13 20:20:00,Bonne séance.
2893,43542,2026-04-17 17:20:00,Judo,,2026-04-17 18:15:00,Entraînement terminé.
2894,43542,2026-04-22 09:34:00,Judo,,2026-04-22 10:37:00,Entraînement terminé.
2895,43542,2026-04-24 19:36:00,Judo,,2026-04-24 20:37:00,
2896,43542,2026-04-25 19:07:00,Judo,,2026-04-25 20:17:00,Bonne séance.
2897,43542,2026-04-30 19:31:00,Judo,,2026-04-30 20:28:00,Bonne séance.
2898,43542,2026-05-03 07:07:00,Judo,,2026-05-03 08:06:00,
2899,43542,2026-05-06 19:24:00,Judo,,2026-05-06 20:20:00,
2900,43542,2026-05-08 19:44:00,Judo,,2026-05-08 21:20:00,
2901,43542,2026-05-13 17:23:00,Judo,,2026-05-13 18:36:00,Bonne séance.
2902,43542,2026-05-17 18:59:00,Judo,,2026-05-17 20:16:00,Bonne séance.
2903,43542,2026-05-21 19:13:00,Judo,,2026-05-21 20:44:00,Entraînement terminé.
2904,43542,2026-05-28 07:09:00,Judo,,2026-05-28 08:15:00,Entraînement terminé.
2905,43542,2026-06-02 12:12:00,Judo,,2026-06-02 13:38:00,
2906,43542,2026-06-08 09:32:00,Judo,,2026-06-08 10:21:00,Bonne séance.
2907,43542,2026-06-10 08:40:00,Judo,,2026-06-10 09:37:00,Entraînement terminé.
2908,43542,2026-06-14 19:28:00,Judo,,2026-06-14 20:17:00,Bonne séance.
2909,43542,2026-06-17 17:33:00,Judo,,2026-06-17 18:36:00,Bonne séance.
2910,43542,2026-06-19 08:35:00,Judo,,2026-06-19 09:40:00,
2911,43542,2026-06-26 07:26:00,Judo,,2026-06-26 08:44:00,
2912,43542,2026-06-29 09:02:00,Judo,,2026-06-29 09:56:00,
2913,43542,2026-06-30 18:14:00,Judo,,2026-06-30 18:59:00,Très bonnes sensations.
2914,43542,2026-07-03 07:36:00,Judo,,2026-07-03 08:24:00,Très bonnes sensations.
2915,43542,2026-07-05 17:34:00,Judo,,2026-07-05 18:23:00,
2916,43542,2026-07-06 18:52:00,Judo,,2026-07-06 20:07:00,Très bonnes sensations.
2917,43542,2026-07-11 09:43:00,Judo,,2026-07-11 11:07:00,Très bonnes sensations.
2918,43542,2026-07-13 18:31:00,Judo,,2026-07-13 19:55:00,Entraînement terminé.
2919,43542,2026-07-17 09:40:00,Judo,,2026-07-17 10:54:00,Très bonnes sensations.
2920,43542,2026-07-20 17:56:00,Judo,,2026-07-20 19:04:00,Bonne séance.
2921,44927,2025-07-29 08:23:00,Randonnée,4686.0,2025-07-29 09:28:28,Une randonnée à refaire.
2922,44927,2025-08-20 18:56:00,Randonnée,21743.0,2025-08-20 22:50:51,Nouveau sentier découvert.
2923,44927,2025-09-01 12:26:00,Randonnée,17688.0,2025-09-01 16:28:12,Nouveau sentier découvert.
2924,44927,2025-09-10 12:23:00,Randonnée,15069.0,2025-09-10 16:10:17,Nouveau sentier découvert.
2925,44927,2025-10-29 17:55:00,Randonnée,17376.0,2025-10-29 22:07:47,Une randonnée à refaire.
2926,44927,2025-11-10 12:06:00,Randonnée,21787.0,2025-11-10 16:29:44,Une randonnée à refaire.
2927,44927,2025-11-16 08:13:00,Randonnée,15065.0,2025-11-16 11:27:10,Très beau parcours.
2928,44927,2025-11-27 12:11:00,Randonnée,18515.0,2025-11-27 18:12:41,Très beau parcours.
2929,44927,2025-12-04 18:11:00,Randonnée,12956.0,2025-12-04 20:21:38,Très beau parcours.
2930,44927,2025-12-11 19:51:00,Randonnée,10481.0,2025-12-11 22:53:10,Une randonnée à refaire.
2931,44927,2025-12-15 19:47:00,Randonnée,8278.0,2025-12-15 21:20:56,Nouveau sentier découvert.
2932,44927,2025-12-25 19:39:00,Randonnée,21386.0,2025-12-25 23:45:29,
2933,44927,2026-02-14 07:20:00,Randonnée,15688.0,2026-02-14 11:40:49,Très beau parcours.
2934,44927,2026-02-28 07:23:00,Randonnée,24422.0,2026-02-28 11:38:50,Nouveau sentier découvert.
2935,44927,2026-03-03 18:11:00,Randonnée,13494.0,2026-03-03 21:38:05,Très beau parcours.
2936,44927,2026-03-22 17:58:00,Randonnée,24260.0,2026-03-22 23:42:11,Nouveau sentier découvert.
2937,44927,2026-04-03 19:57:00,Randonnée,12172.0,2026-04-03 22:00:11,Très beau parcours.
2938,44927,2026-04-05 19:02:00,Randonnée,8443.0,2026-04-05 20:31:48,Nouveau sentier découvert.
2939,44927,2026-04-15 08:49:00,Randonnée,4653.0,2026-04-15 09:47:40,Une randonnée à refaire.
2940,44927,2026-04-23 17:11:00,Randonnée,18658.0,2026-04-23 20:28:01,Nouveau sentier découvert.
2941,44927,2026-04-28 07:56:00,Randonnée,16123.0,2026-04-28 12:57:41,Très beau parcours.
2942,44927,2026-05-08 12:58:00,Randonnée,8898.0,2026-05-08 15:38:11,Très beau parcours.
2943,44927,2026-05-12 18:50:00,Randonnée,6722.0,2026-05-12 20:29:14,Nouveau sentier découvert.
2944,44927,2026-05-25 09:54:00,Randonnée,12280.0,2026-05-25 13:20:02,Une randonnée à refaire.
2945,44927,2026-06-09 08:03:00,Randonnée,11825.0,2026-06-09 10:22:05,Une randonnée à refaire.
2946,44927,2026-06-17 09:02:00,Randonnée,12940.0,2026-06-17 11:29:53,Nouveau sentier découvert.
2947,44927,2026-07-02 07:08:00,Randonnée,24452.0,2026-07-02 15:11:52,
2948,44927,2026-07-08 08:57:00,Randonnée,19404.0,2026-07-08 13:38:13,
2949,44927,2026-07-17 12:21:00,Randonnée,16019.0,2026-07-17 15:18:41,Nouveau sentier découvert.
2950,44927,2026-07-20 08:22:00,Randonnée,12571.0,2026-07-20 11:03:57,Nouveau sentier découvert.
2951,76903,2025-08-01 07:51:00,Basketball,,2025-08-01 09:18:00,Entraînement terminé.
2952,76903,2025-09-21 08:36:00,Basketball,,2025-09-21 10:12:00,Bonne séance.
2953,76903,2025-11-01 17:04:00,Basketball,,2025-11-01 17:58:00,Très bonnes sensations.
2954,76903,2025-11-08 18:06:00,Basketball,,2025-11-08 19:30:00,
2955,76903,2026-01-10 18:14:00,Basketball,,2026-01-10 19:12:00,
2956,76903,2026-01-20 18:33:00,Basketball,,2026-01-20 19:30:00,Très bonnes sensations.
2957,76903,2026-02-05 18:11:00,Basketball,,2026-02-05 19:26:00,Entraînement terminé.
2958,76903,2026-02-16 17:00:00,Basketball,,2026-02-16 17:50:00,Bonne séance.
2959,76903,2026-03-02 17:36:00,Basketball,,2026-03-02 18:33:00,
2960,76903,2026-04-04 08:10:00,Basketball,,2026-04-04 09:20:00,Entraînement terminé.
2961,76903,2026-04-09 18:18:00,Basketball,,2026-04-09 19:16:00,Très bonnes sensations.
2962,76903,2026-04-18 09:47:00,Basketball,,2026-04-18 10:47:00,
2963,76903,2026-04-21 19:10:00,Basketball,,2026-04-21 19:59:00,
2964,76903,2026-05-05 18:03:00,Basketball,,2026-05-05 19:27:00,Très bonnes sensations.
2965,76903,2026-05-17 18:43:00,Basketball,,2026-05-17 19:33:00,Entraînement terminé.
2966,76903,2026-05-29 18:38:00,Basketball,,2026-05-29 20:06:00,
2967,76903,2026-06-05 19:20:00,Basketball,,2026-06-05 20:33:00,Entraînement terminé.
2968,76903,2026-06-09 12:19:00,Basketball,,2026-06-09 13:52:00,Très bonnes sensations.
2969,76903,2026-06-18 18:12:00,Basketball,,2026-06-18 19:11:00,Bonne séance.
2970,76903,2026-07-01 12:56:00,Basketball,,2026-07-01 14:10:00,Entraînement terminé.
2971,76903,2026-07-08 19:57:00,Basketball,,2026-07-08 21:11:00,Très bonnes sensations.
2972,20697,2025-07-20 19:08:00,Randonnée,14378.0,2025-07-20 22:36:09,Très beau parcours.
2973,20697,2025-07-23 12:23:00,Randonnée,4457.0,2025-07-23 13:25:09,Très beau parcours.
2974,20697,2025-07-31 08:13:00,Randonnée,7107.0,2025-07-31 10:32:51,Nouveau sentier découvert.
2975,20697,2025-08-05 09:12:00,Randonnée,4710.0,2025-08-05 10:14:55,Très beau parcours.
2976,20697,2025-08-14 09:14:00,Randonnée,10224.0,2025-08-14 11:31:33,Nouveau sentier découvert.
2977,20697,2025-08-16 12:27:00,Randonnée,9237.0,2025-08-16 14:31:12,
2978,20697,2025-08-17 09:45:00,Randonnée,19620.0,2025-08-17 13:49:03,Très beau parcours.
2979,20697,2025-08-23 08:33:00,Randonnée,20194.0,2025-08-23 12:16:56,Nouveau sentier découvert.
2980,20697,2025-08-24 18:10:00,Randonnée,15094.0,2025-08-24 21:15:09,Nouveau sentier découvert.
2981,20697,2025-08-26 17:07:00,Randonnée,23631.0,2025-08-27 00:05:28,Une randonnée à refaire.
2982,20697,2025-09-02 19:44:00,Randonnée,8198.0,2025-09-02 21:43:43,Nouveau sentier découvert.
2983,20697,2025-09-05 07:01:00,Randonnée,18649.0,2025-09-05 11:33:15,Très beau parcours.
2984,20697,2025-09-09 18:14:00,Randonnée,14241.0,2025-09-09 21:08:19,Nouveau sentier découvert.
2985,20697,2025-09-16 17:50:00,Randonnée,14848.0,2025-09-16 20:44:51,Très beau parcours.
2986,20697,2025-09-18 09:50:00,Randonnée,24731.0,2025-09-18 15:04:35,Très beau parcours.
2987,20697,2025-09-22 19:52:00,Randonnée,12162.0,2025-09-22 22:35:24,Nouveau sentier découvert.
2988,20697,2025-09-25 07:20:00,Randonnée,20743.0,2025-09-25 11:00:35,Nouveau sentier découvert.
2989,20697,2025-09-27 19:09:00,Randonnée,24434.0,2025-09-28 01:18:45,Nouveau sentier découvert.
2990,20697,2025-10-02 09:04:00,Randonnée,18728.0,2025-10-02 13:33:33,Très beau parcours.
2991,20697,2025-10-03 19:49:00,Randonnée,13050.0,2025-10-03 22:21:28,Une randonnée à refaire.
2992,20697,2025-10-08 08:14:00,Randonnée,24744.0,2025-10-08 16:27:22,Une randonnée à refaire.
2993,20697,2025-10-13 19:17:00,Randonnée,14486.0,2025-10-13 22:32:08,Une randonnée à refaire.
2994,20697,2025-10-15 17:56:00,Randonnée,21573.0,2025-10-15 23:55:32,Très beau parcours.
2995,20697,2025-10-16 17:38:00,Randonnée,7944.0,2025-10-16 19:40:38,
2996,20697,2025-10-20 09:15:00,Randonnée,16321.0,2025-10-20 13:04:23,
2997,20697,2025-10-23 09:16:00,Randonnée,10692.0,2025-10-23 12:22:55,
2998,20697,2025-10-24 07:41:00,Randonnée,17809.0,2025-10-24 13:11:11,Nouveau sentier découvert.
2999,20697,2025-10-29 18:24:00,Randonnée,22194.0,2025-10-30 00:47:39,Nouveau sentier découvert.
3000,20697,2025-11-02 12:17:00,Randonnée,10480.0,2025-11-02 14:19:50,Nouveau sentier découvert.
3001,20697,2025-11-04 09:10:00,Randonnée,23217.0,2025-11-04 16:01:27,
3002,20697,2025-11-09 19:20:00,Randonnée,22106.0,2025-11-10 00:19:19,Très beau parcours.
3003,20697,2025-11-21 12:35:00,Randonnée,4834.0,2025-11-21 13:34:21,Une randonnée à refaire.
3004,20697,2025-11-22 12:11:00,Randonnée,14702.0,2025-11-22 15:13:17,
3005,20697,2025-11-25 19:36:00,Randonnée,5290.0,2025-11-25 20:32:11,
3006,20697,2025-11-27 18:45:00,Randonnée,8321.0,2025-11-27 20:36:12,
3007,20697,2025-11-29 08:09:00,Randonnée,7350.0,2025-11-29 09:45:32,Très beau parcours.
3008,20697,2025-12-06 09:22:00,Randonnée,15080.0,2025-12-06 14:00:58,Une randonnée à refaire.
3009,20697,2025-12-10 12:34:00,Randonnée,6036.0,2025-12-10 13:53:11,Nouveau sentier découvert.
3010,20697,2025-12-14 19:13:00,Randonnée,18696.0,2025-12-15 00:35:36,Une randonnée à refaire.
3011,20697,2025-12-15 08:15:00,Randonnée,5851.0,2025-12-15 09:26:09,
3012,20697,2025-12-18 07:41:00,Randonnée,11389.0,2025-12-18 10:15:02,
3013,20697,2025-12-27 08:09:00,Randonnée,8511.0,2025-12-27 10:02:26,Une randonnée à refaire.
3014,20697,2026-01-02 18:25:00,Randonnée,4630.0,2026-01-02 19:26:19,Une randonnée à refaire.
3015,20697,2026-01-03 12:01:00,Randonnée,17596.0,2026-01-03 15:48:02,
3016,20697,2026-01-08 07:13:00,Randonnée,11520.0,2026-01-08 09:38:34,
3017,20697,2026-01-11 17:56:00,Randonnée,16062.0,2026-01-11 21:28:52,Très beau parcours.
3018,20697,2026-01-16 12:13:00,Randonnée,8989.0,2026-01-16 14:10:02,Une randonnée à refaire.
3019,20697,2026-01-20 17:24:00,Randonnée,9238.0,2026-01-20 19:04:42,Une randonnée à refaire.
3020,20697,2026-01-22 09:12:00,Randonnée,14717.0,2026-01-22 11:47:05,Nouveau sentier découvert.
3021,20697,2026-01-30 09:28:00,Randonnée,4944.0,2026-01-30 10:36:24,Nouveau sentier découvert.
3022,20697,2026-02-02 07:02:00,Randonnée,16696.0,2026-02-02 10:07:02,Très beau parcours.
3023,20697,2026-02-14 17:47:00,Randonnée,13784.0,2026-02-14 20:17:24,Très beau parcours.
3024,20697,2026-02-17 12:03:00,Randonnée,24516.0,2026-02-17 18:41:42,Une randonnée à refaire.
3025,20697,2026-02-20 08:32:00,Randonnée,4780.0,2026-02-20 09:44:59,Très beau parcours.
3026,20697,2026-02-21 19:11:00,Randonnée,14942.0,2026-02-21 23:18:43,Nouveau sentier découvert.
3027,20697,2026-02-24 17:48:00,Randonnée,9415.0,2026-02-24 19:26:02,Nouveau sentier découvert.
3028,20697,2026-02-25 17:38:00,Randonnée,13350.0,2026-02-25 20:06:45,Très beau parcours.
3029,20697,2026-02-27 07:39:00,Randonnée,7514.0,2026-02-27 08:58:45,
3030,20697,2026-03-01 07:19:00,Randonnée,18583.0,2026-03-01 11:48:03,Très beau parcours.
3031,20697,2026-03-03 07:03:00,Randonnée,16060.0,2026-03-03 11:27:18,Très beau parcours.
3032,20697,2026-03-07 12:47:00,Randonnée,16216.0,2026-03-07 17:48:23,Nouveau sentier découvert.
3033,20697,2026-03-08 07:19:00,Randonnée,8647.0,2026-03-08 09:35:57,Très beau parcours.
3034,20697,2026-03-10 07:58:00,Randonnée,24863.0,2026-03-10 12:43:05,
3035,20697,2026-03-14 12:11:00,Randonnée,4470.0,2026-03-14 13:31:21,Très beau parcours.
3036,20697,2026-03-19 18:35:00,Randonnée,12950.0,2026-03-19 21:58:56,Nouveau sentier découvert.
3037,20697,2026-03-21 07:46:00,Randonnée,9023.0,2026-03-21 10:14:28,Nouveau sentier découvert.
3038,20697,2026-03-22 12:27:00,Randonnée,19260.0,2026-03-22 16:59:43,
3039,20697,2026-03-25 17:57:00,Randonnée,5442.0,2026-03-25 19:02:42,Une randonnée à refaire.
3040,20697,2026-03-27 18:18:00,Randonnée,19701.0,2026-03-27 23:45:37,Une randonnée à refaire.
3041,20697,2026-04-03 09:55:00,Randonnée,10162.0,2026-04-03 12:39:35,Nouveau sentier découvert.
3042,20697,2026-04-10 07:55:00,Randonnée,22455.0,2026-04-10 11:59:41,Nouveau sentier découvert.
3043,20697,2026-04-13 18:54:00,Randonnée,5549.0,2026-04-13 20:20:16,
3044,20697,2026-04-15 17:23:00,Randonnée,18950.0,2026-04-15 20:51:10,Très beau parcours.
3045,20697,2026-04-17 09:42:00,Randonnée,16165.0,2026-04-17 12:49:17,Très beau parcours.
3046,20697,2026-04-24 09:26:00,Randonnée,9700.0,2026-04-24 11:28:46,Une randonnée à refaire.
3047,20697,2026-04-25 12:22:00,Randonnée,13582.0,2026-04-25 16:18:42,Nouveau sentier découvert.
3048,20697,2026-04-28 12:05:00,Randonnée,23731.0,2026-04-28 18:23:44,Très beau parcours.
3049,20697,2026-04-29 09:59:00,Randonnée,15752.0,2026-04-29 13:10:28,Nouveau sentier découvert.
3050,20697,2026-04-30 19:34:00,Randonnée,9383.0,2026-04-30 21:13:18,Une randonnée à refaire.
3051,20697,2026-05-04 17:21:00,Randonnée,21701.0,2026-05-04 21:46:50,Très beau parcours.
3052,20697,2026-05-08 19:51:00,Randonnée,22798.0,2026-05-09 02:31:08,Très beau parcours.
3053,20697,2026-05-09 19:44:00,Randonnée,16987.0,2026-05-10 00:58:04,Nouveau sentier découvert.
3054,20697,2026-05-14 17:02:00,Randonnée,21025.0,2026-05-14 23:22:57,
3055,20697,2026-05-21 08:47:00,Randonnée,11431.0,2026-05-21 11:02:46,Une randonnée à refaire.
3056,20697,2026-05-22 12:07:00,Randonnée,14665.0,2026-05-22 14:56:21,Une randonnée à refaire.
3057,20697,2026-05-27 08:36:00,Randonnée,15505.0,2026-05-27 11:33:13,
3058,20697,2026-05-28 08:40:00,Randonnée,18865.0,2026-05-28 14:06:28,Très beau parcours.
3059,20697,2026-05-30 18:00:00,Randonnée,20531.0,2026-05-30 21:48:08,Nouveau sentier découvert.
3060,20697,2026-05-31 18:19:00,Randonnée,11924.0,2026-05-31 20:34:49,Une randonnée à refaire.
3061,20697,2026-06-11 18:06:00,Randonnée,10258.0,2026-06-11 21:26:27,
3062,20697,2026-06-14 08:52:00,Randonnée,6337.0,2026-06-14 10:50:47,Nouveau sentier découvert.
3063,20697,2026-06-15 07:27:00,Randonnée,15715.0,2026-06-15 10:36:09,
3064,20697,2026-06-23 12:23:00,Randonnée,10830.0,2026-06-23 15:09:08,Nouveau sentier découvert.
3065,20697,2026-06-25 18:39:00,Randonnée,23442.0,2026-06-26 02:09:00,Nouveau sentier découvert.
3066,20697,2026-06-26 07:31:00,Randonnée,14473.0,2026-06-26 11:05:11,Une randonnée à refaire.
3067,20697,2026-07-01 19:06:00,Randonnée,17851.0,2026-07-01 22:37:26,Une randonnée à refaire.
3068,20697,2026-07-02 18:31:00,Randonnée,4895.0,2026-07-02 19:41:57,Nouveau sentier découvert.
3069,20697,2026-07-04 19:57:00,Randonnée,6845.0,2026-07-04 21:29:49,
3070,20697,2026-07-06 18:53:00,Randonnée,24686.0,2026-07-06 23:09:50,Nouveau sentier découvert.
3071,20697,2026-07-14 08:38:00,Randonnée,19377.0,2026-07-14 14:52:40,Une randonnée à refaire.
3072,20697,2026-07-17 17:49:00,Randonnée,18784.0,2026-07-17 22:57:48,Nouveau sentier découvert.
3073,20697,2026-07-19 18:08:00,Randonnée,23445.0,2026-07-19 22:19:44,
3074,37830,2025-07-20 09:44:00,Randonnée,22515.0,2025-07-20 15:08:23,
3075,37830,2025-07-21 09:37:00,Randonnée,7855.0,2025-07-21 11:09:31,Nouveau sentier découvert.
3076,37830,2025-07-23 08:57:00,Randonnée,18802.0,2025-07-23 13:47:44,Très beau parcours.
3077,37830,2025-07-24 07:18:00,Randonnée,23697.0,2025-07-24 13:13:58,
3078,37830,2025-07-27 08:00:00,Randonnée,16691.0,2025-07-27 11:07:59,Très beau parcours.
3079,37830,2025-07-28 19:24:00,Randonnée,5437.0,2025-07-28 20:47:30,Très beau parcours.
3080,37830,2025-07-30 09:55:00,Randonnée,23122.0,2025-07-30 14:05:34,Très beau parcours.
3081,37830,2025-07-31 18:28:00,Randonnée,7804.0,2025-07-31 20:49:42,Très beau parcours.
3082,37830,2025-08-02 08:47:00,Randonnée,23831.0,2025-08-02 13:51:59,Nouveau sentier découvert.
3083,37830,2025-08-03 18:33:00,Randonnée,16068.0,2025-08-03 21:49:34,
3084,37830,2025-08-05 12:30:00,Randonnée,5098.0,2025-08-05 13:49:43,Nouveau sentier découvert.
3085,37830,2025-08-06 07:04:00,Randonnée,6858.0,2025-08-06 08:52:37,Une randonnée à refaire.
3086,37830,2025-08-08 12:25:00,Randonnée,20617.0,2025-08-08 15:59:50,Très beau parcours.
3087,37830,2025-08-10 17:11:00,Randonnée,10439.0,2025-08-10 19:35:22,Une randonnée à refaire.
3088,37830,2025-08-11 17:16:00,Randonnée,19659.0,2025-08-11 23:24:33,Très beau parcours.
3089,37830,2025-08-16 17:26:00,Randonnée,7796.0,2025-08-16 19:05:58,Très beau parcours.
3090,37830,2025-08-18 18:44:00,Randonnée,16802.0,2025-08-19 00:16:19,
3091,37830,2025-08-19 17:50:00,Randonnée,4398.0,2025-08-19 19:09:03,Une randonnée à refaire.
3092,37830,2025-08-23 17:33:00,Randonnée,4290.0,2025-08-23 18:38:50,Très beau parcours.
3093,37830,2025-08-25 18:30:00,Randonnée,19672.0,2025-08-25 22:56:04,
3094,37830,2025-08-27 08:24:00,Randonnée,22121.0,2025-08-27 12:54:52,
3095,37830,2025-08-28 08:42:00,Randonnée,8160.0,2025-08-28 10:09:51,Très beau parcours.
3096,37830,2025-08-30 19:48:00,Randonnée,6228.0,2025-08-30 21:12:18,
3097,37830,2025-08-31 19:16:00,Randonnée,17316.0,2025-09-01 00:42:49,Nouveau sentier découvert.
3098,37830,2025-09-01 07:55:00,Randonnée,14501.0,2025-09-01 10:37:52,
3099,37830,2025-09-02 08:42:00,Randonnée,16244.0,2025-09-02 12:35:36,Très beau parcours.
3100,37830,2025-09-03 18:58:00,Randonnée,8172.0,2025-09-03 20:48:29,Nouveau sentier découvert.
3101,37830,2025-09-06 18:55:00,Randonnée,24818.0,2025-09-07 02:03:54,Une randonnée à refaire.
3102,37830,2025-09-07 12:04:00,Randonnée,22405.0,2025-09-07 18:57:03,Très beau parcours.
3103,37830,2025-09-10 19:41:00,Randonnée,5309.0,2025-09-10 20:58:32,Nouveau sentier découvert.
3104,37830,2025-09-12 09:29:00,Randonnée,15189.0,2025-09-12 13:22:03,Une randonnée à refaire.
3105,37830,2025-09-13 09:54:00,Randonnée,19398.0,2025-09-13 14:10:41,Nouveau sentier découvert.
3106,37830,2025-09-15 09:05:00,Randonnée,20045.0,2025-09-15 12:27:58,
3107,37830,2025-09-17 09:40:00,Randonnée,12788.0,2025-09-17 11:52:14,Une randonnée à refaire.
3108,37830,2025-09-18 17:32:00,Randonnée,11465.0,2025-09-18 20:26:38,Une randonnée à refaire.
3109,37830,2025-09-19 08:36:00,Randonnée,10267.0,2025-09-19 11:08:16,Une randonnée à refaire.
3110,37830,2025-09-20 08:52:00,Randonnée,14977.0,2025-09-20 12:09:22,Nouveau sentier découvert.
3111,37830,2025-09-22 19:39:00,Randonnée,8563.0,2025-09-22 21:14:02,Une randonnée à refaire.
3112,37830,2025-09-23 08:43:00,Randonnée,15845.0,2025-09-23 11:48:02,Une randonnée à refaire.
3113,37830,2025-09-24 08:51:00,Randonnée,19161.0,2025-09-24 12:53:17,Très beau parcours.
3114,37830,2025-09-25 07:46:00,Randonnée,13550.0,2025-09-25 10:31:23,Très beau parcours.
3115,37830,2025-09-29 19:31:00,Randonnée,16287.0,2025-09-29 23:52:30,Nouveau sentier découvert.
3116,37830,2025-09-30 18:17:00,Randonnée,22618.0,2025-09-30 23:27:02,Une randonnée à refaire.
3117,37830,2025-10-02 08:16:00,Randonnée,23856.0,2025-10-02 15:41:03,
3118,37830,2025-10-03 12:52:00,Randonnée,22044.0,2025-10-03 16:34:14,
3119,37830,2025-10-04 07:12:00,Randonnée,12349.0,2025-10-04 09:20:07,Nouveau sentier découvert.
3120,37830,2025-10-05 09:03:00,Randonnée,18015.0,2025-10-05 12:44:18,Nouveau sentier découvert.
3121,37830,2025-10-07 17:06:00,Randonnée,19609.0,2025-10-07 21:38:53,Une randonnée à refaire.
3122,37830,2025-10-08 07:08:00,Randonnée,9934.0,2025-10-08 10:04:56,
3123,37830,2025-10-09 07:54:00,Randonnée,6302.0,2025-10-09 09:32:40,Une randonnée à refaire.
3124,37830,2025-10-11 08:50:00,Randonnée,7142.0,2025-10-11 10:04:10,Nouveau sentier découvert.
3125,37830,2025-10-12 07:00:00,Randonnée,7651.0,2025-10-12 08:54:24,Une randonnée à refaire.
3126,37830,2025-10-16 09:27:00,Randonnée,11886.0,2025-10-16 12:40:11,Une randonnée à refaire.
3127,37830,2025-10-17 17:22:00,Randonnée,11745.0,2025-10-17 20:45:58,Une randonnée à refaire.
3128,37830,2025-10-20 17:39:00,Randonnée,4571.0,2025-10-20 18:25:46,
3129,37830,2025-10-22 17:47:00,Randonnée,24123.0,2025-10-22 21:50:50,Une randonnée à refaire.
3130,37830,2025-10-25 19:31:00,Randonnée,8081.0,2025-10-25 21:58:30,Nouveau sentier découvert.
3131,37830,2025-10-27 08:57:00,Randonnée,9686.0,2025-10-27 10:38:01,Une randonnée à refaire.
3132,37830,2025-10-29 07:00:00,Randonnée,11824.0,2025-10-29 09:21:30,Nouveau sentier découvert.
3133,37830,2025-10-30 17:55:00,Randonnée,23651.0,2025-10-30 22:10:45,Nouveau sentier découvert.
3134,37830,2025-11-02 12:45:00,Randonnée,18553.0,2025-11-02 17:02:14,Nouveau sentier découvert.
3135,37830,2025-11-03 19:39:00,Randonnée,16457.0,2025-11-04 01:00:44,Une randonnée à refaire.
3136,37830,2025-11-07 08:56:00,Randonnée,20106.0,2025-11-07 13:35:54,Une randonnée à refaire.
3137,37830,2025-11-09 19:28:00,Randonnée,23875.0,2025-11-10 02:04:07,Très beau parcours.
3138,37830,2025-11-12 18:04:00,Randonnée,23692.0,2025-11-12 22:21:57,Nouveau sentier découvert.
3139,37830,2025-11-13 08:50:00,Randonnée,17238.0,2025-11-13 13:35:36,Une randonnée à refaire.
3140,37830,2025-11-14 09:25:00,Randonnée,12983.0,2025-11-14 12:52:56,Une randonnée à refaire.
3141,37830,2025-11-19 07:43:00,Randonnée,22458.0,2025-11-19 13:44:02,
3142,37830,2025-11-20 12:45:00,Randonnée,4716.0,2025-11-20 13:52:55,Une randonnée à refaire.
3143,37830,2025-11-22 09:24:00,Randonnée,4671.0,2025-11-22 10:26:39,Nouveau sentier découvert.
3144,37830,2025-11-23 08:17:00,Randonnée,16012.0,2025-11-23 11:04:31,Une randonnée à refaire.
3145,37830,2025-11-25 12:10:00,Randonnée,9522.0,2025-11-25 14:46:13,Très beau parcours.
3146,37830,2025-11-26 19:02:00,Randonnée,16499.0,2025-11-26 23:03:49,Très beau parcours.
3147,37830,2025-11-27 07:45:00,Randonnée,9202.0,2025-11-27 10:33:29,
3148,37830,2025-11-30 08:18:00,Randonnée,8641.0,2025-11-30 09:50:59,Une randonnée à refaire.
3149,37830,2025-12-02 19:58:00,Randonnée,10095.0,2025-12-02 22:42:16,Une randonnée à refaire.
3150,37830,2025-12-03 08:33:00,Randonnée,6188.0,2025-12-03 10:13:28,
3151,37830,2025-12-04 17:03:00,Randonnée,22763.0,2025-12-04 21:38:09,Très beau parcours.
3152,37830,2025-12-08 08:01:00,Randonnée,10402.0,2025-12-08 10:10:49,
3153,37830,2025-12-10 07:49:00,Randonnée,7326.0,2025-12-10 09:44:27,Très beau parcours.
3154,37830,2025-12-11 17:07:00,Randonnée,19156.0,2025-12-11 21:13:38,Une randonnée à refaire.
3155,37830,2025-12-12 18:11:00,Randonnée,9004.0,2025-12-12 20:08:25,Très beau parcours.
3156,37830,2025-12-14 19:10:00,Randonnée,12923.0,2025-12-14 22:00:48,
3157,37830,2025-12-16 17:32:00,Randonnée,5862.0,2025-12-16 18:56:07,Très beau parcours.
3158,37830,2025-12-20 07:30:00,Randonnée,9108.0,2025-12-20 09:08:39,Très beau parcours.
3159,37830,2025-12-22 08:29:00,Randonnée,9739.0,2025-12-22 10:22:54,Très beau parcours.
3160,37830,2025-12-23 08:40:00,Randonnée,23857.0,2025-12-23 13:11:57,
3161,37830,2025-12-25 12:08:00,Randonnée,4018.0,2025-12-25 13:10:26,Nouveau sentier découvert.
3162,37830,2025-12-26 18:48:00,Randonnée,16943.0,2025-12-26 22:26:34,Nouveau sentier découvert.
3163,37830,2025-12-27 17:29:00,Randonnée,21028.0,2025-12-27 22:39:37,Nouveau sentier découvert.
3164,37830,2025-12-29 08:51:00,Randonnée,5193.0,2025-12-29 10:17:03,Une randonnée à refaire.
3165,37830,2025-12-31 19:19:00,Randonnée,7785.0,2025-12-31 20:56:03,Nouveau sentier découvert.
3166,37830,2026-01-01 12:24:00,Randonnée,13814.0,2026-01-01 15:45:08,Une randonnée à refaire.
3167,37830,2026-01-02 12:12:00,Randonnée,4525.0,2026-01-02 13:26:27,Très beau parcours.
3168,37830,2026-01-05 12:15:00,Randonnée,8663.0,2026-01-05 15:05:28,Très beau parcours.
3169,37830,2026-01-06 12:16:00,Randonnée,19950.0,2026-01-06 17:01:09,Nouveau sentier découvert.
3170,37830,2026-01-08 09:56:00,Randonnée,10707.0,2026-01-08 12:22:20,Nouveau sentier découvert.
3171,37830,2026-01-10 07:15:00,Randonnée,8768.0,2026-01-10 08:47:26,
3172,37830,2026-01-11 12:56:00,Randonnée,18201.0,2026-01-11 18:33:39,Une randonnée à refaire.
3173,37830,2026-01-13 09:52:00,Randonnée,20795.0,2026-01-13 14:20:03,
3174,37830,2026-01-14 19:54:00,Randonnée,19710.0,2026-01-15 02:03:11,Une randonnée à refaire.
3175,37830,2026-01-17 08:19:00,Randonnée,20604.0,2026-01-17 14:12:26,
3176,37830,2026-01-22 09:03:00,Randonnée,4808.0,2026-01-22 10:06:42,Une randonnée à refaire.
3177,37830,2026-01-23 07:28:00,Randonnée,17219.0,2026-01-23 11:46:09,Nouveau sentier découvert.
3178,37830,2026-01-24 09:39:00,Randonnée,14700.0,2026-01-24 13:27:48,
3179,37830,2026-01-25 19:32:00,Randonnée,5184.0,2026-01-25 20:34:13,
3180,37830,2026-01-26 08:59:00,Randonnée,16383.0,2026-01-26 13:05:20,Nouveau sentier découvert.
3181,37830,2026-01-28 18:46:00,Randonnée,24814.0,2026-01-29 01:17:40,Très beau parcours.
3182,37830,2026-01-29 19:58:00,Randonnée,10433.0,2026-01-29 23:08:52,Nouveau sentier découvert.
3183,37830,2026-01-31 09:25:00,Randonnée,11216.0,2026-01-31 13:00:18,Une randonnée à refaire.
3184,37830,2026-02-02 17:12:00,Randonnée,17683.0,2026-02-02 20:28:32,Très beau parcours.
3185,37830,2026-02-04 12:35:00,Randonnée,22618.0,2026-02-04 18:35:24,Très beau parcours.
3186,37830,2026-02-07 07:04:00,Randonnée,9354.0,2026-02-07 08:44:39,Une randonnée à refaire.
3187,37830,2026-02-08 18:31:00,Randonnée,7743.0,2026-02-08 20:54:24,Nouveau sentier découvert.
3188,37830,2026-02-09 19:57:00,Randonnée,15230.0,2026-02-09 23:05:24,Une randonnée à refaire.
3189,37830,2026-02-11 19:30:00,Randonnée,12456.0,2026-02-11 22:07:58,Une randonnée à refaire.
3190,37830,2026-02-13 18:42:00,Randonnée,14699.0,2026-02-13 21:54:33,Une randonnée à refaire.
3191,37830,2026-02-14 19:38:00,Randonnée,12037.0,2026-02-14 22:54:20,
3192,37830,2026-02-17 12:46:00,Randonnée,17261.0,2026-02-17 18:14:23,Une randonnée à refaire.
3193,37830,2026-02-18 19:55:00,Randonnée,12442.0,2026-02-18 23:39:53,Très beau parcours.
3194,37830,2026-02-19 17:14:00,Randonnée,11174.0,2026-02-19 19:12:50,Très beau parcours.
3195,37830,2026-02-20 12:57:00,Randonnée,9021.0,2026-02-20 14:30:40,Une randonnée à refaire.
3196,37830,2026-02-24 09:05:00,Randonnée,11946.0,2026-02-24 12:30:32,Nouveau sentier découvert.
3197,37830,2026-02-25 18:04:00,Randonnée,14287.0,2026-02-25 20:32:21,
3198,37830,2026-02-27 12:25:00,Randonnée,18161.0,2026-02-27 17:39:44,Nouveau sentier découvert.
3199,37830,2026-02-28 07:21:00,Randonnée,16136.0,2026-02-28 12:09:36,Très beau parcours.
3200,37830,2026-03-02 12:27:00,Randonnée,11704.0,2026-03-02 15:28:57,Très beau parcours.
3201,37830,2026-03-04 09:10:00,Randonnée,23594.0,2026-03-04 15:05:34,Nouveau sentier découvert.
3202,37830,2026-03-05 19:05:00,Randonnée,7298.0,2026-03-05 21:19:53,
3203,37830,2026-03-07 08:34:00,Randonnée,18042.0,2026-03-07 12:35:45,
3204,37830,2026-03-08 08:02:00,Randonnée,8373.0,2026-03-08 10:11:40,Une randonnée à refaire.
3205,37830,2026-03-09 18:43:00,Randonnée,15706.0,2026-03-09 21:51:32,
3206,37830,2026-03-12 07:10:00,Randonnée,14150.0,2026-03-12 10:42:46,
3207,37830,2026-03-13 17:05:00,Randonnée,5294.0,2026-03-13 18:10:35,Très beau parcours.
3208,37830,2026-03-14 19:10:00,Randonnée,16807.0,2026-03-14 22:14:16,Nouveau sentier découvert.
3209,37830,2026-03-17 17:53:00,Randonnée,21238.0,2026-03-18 00:29:21,Une randonnée à refaire.
3210,37830,2026-03-19 08:04:00,Randonnée,19149.0,2026-03-19 12:02:27,Une randonnée à refaire.
3211,37830,2026-03-21 08:41:00,Randonnée,20871.0,2026-03-21 15:01:49,Très beau parcours.
3212,37830,2026-03-22 08:44:00,Randonnée,19488.0,2026-03-22 12:19:18,Une randonnée à refaire.
3213,37830,2026-03-24 17:19:00,Randonnée,13622.0,2026-03-24 20:03:46,Nouveau sentier découvert.
3214,37830,2026-03-25 12:51:00,Randonnée,11704.0,2026-03-25 15:01:28,Une randonnée à refaire.
3215,37830,2026-03-26 18:20:00,Randonnée,10899.0,2026-03-26 21:15:42,Très beau parcours.
3216,37830,2026-03-28 18:09:00,Randonnée,5205.0,2026-03-28 19:45:26,
3217,37830,2026-03-29 08:46:00,Randonnée,6406.0,2026-03-29 10:25:54,Une randonnée à refaire.
3218,37830,2026-03-30 18:20:00,Randonnée,22981.0,2026-03-31 00:30:53,Nouveau sentier découvert.
3219,37830,2026-04-01 12:26:00,Randonnée,8017.0,2026-04-01 13:49:05,Une randonnée à refaire.
3220,37830,2026-04-05 12:12:00,Randonnée,15307.0,2026-04-05 16:59:10,
3221,37830,2026-04-06 19:54:00,Randonnée,12263.0,2026-04-06 22:50:30,Nouveau sentier découvert.
3222,37830,2026-04-07 12:42:00,Randonnée,17024.0,2026-04-07 15:52:53,Une randonnée à refaire.
3223,37830,2026-04-08 12:08:00,Randonnée,14712.0,2026-04-08 14:56:36,Nouveau sentier découvert.
3224,37830,2026-04-09 18:20:00,Randonnée,22565.0,2026-04-09 22:21:35,Très beau parcours.
3225,37830,2026-04-13 12:05:00,Randonnée,19954.0,2026-04-13 15:37:47,Une randonnée à refaire.
3226,37830,2026-04-14 08:02:00,Randonnée,8598.0,2026-04-14 10:20:40,Nouveau sentier découvert.
3227,37830,2026-04-18 09:58:00,Randonnée,10627.0,2026-04-18 12:01:31,Nouveau sentier découvert.
3228,37830,2026-04-19 18:21:00,Randonnée,24148.0,2026-04-20 00:12:45,
3229,37830,2026-04-21 07:30:00,Randonnée,20419.0,2026-04-21 13:09:50,Très beau parcours.
3230,37830,2026-04-25 09:43:00,Randonnée,20547.0,2026-04-25 15:05:42,Nouveau sentier découvert.
3231,37830,2026-04-27 19:46:00,Randonnée,5291.0,2026-04-27 20:58:44,Une randonnée à refaire.
3232,37830,2026-04-29 17:48:00,Randonnée,18956.0,2026-04-29 23:50:58,Une randonnée à refaire.
3233,37830,2026-04-30 07:26:00,Randonnée,23310.0,2026-04-30 12:12:32,
3234,37830,2026-05-01 12:53:00,Randonnée,17672.0,2026-05-01 15:56:13,Très beau parcours.
3235,37830,2026-05-02 09:53:00,Randonnée,23362.0,2026-05-02 16:15:05,Une randonnée à refaire.
3236,37830,2026-05-03 12:16:00,Randonnée,4140.0,2026-05-03 13:10:05,
3237,37830,2026-05-04 08:52:00,Randonnée,18721.0,2026-05-04 13:54:12,
3238,37830,2026-05-05 12:03:00,Randonnée,6493.0,2026-05-05 13:15:03,Une randonnée à refaire.
3239,37830,2026-05-08 17:52:00,Randonnée,21909.0,2026-05-08 21:37:53,
3240,37830,2026-05-10 17:13:00,Randonnée,21501.0,2026-05-10 21:31:51,Une randonnée à refaire.
3241,37830,2026-05-11 19:07:00,Randonnée,11695.0,2026-05-11 21:08:28,Nouveau sentier découvert.
3242,37830,2026-05-12 17:46:00,Randonnée,14767.0,2026-05-12 21:56:53,Très beau parcours.
3243,37830,2026-05-15 07:43:00,Randonnée,18073.0,2026-05-15 13:17:47,Très beau parcours.
3244,37830,2026-05-16 12:01:00,Randonnée,7259.0,2026-05-16 14:09:30,Une randonnée à refaire.
3245,37830,2026-05-19 12:10:00,Randonnée,17973.0,2026-05-19 17:08:32,Très beau parcours.
3246,37830,2026-05-22 09:06:00,Randonnée,13462.0,2026-05-22 12:31:36,
3247,37830,2026-05-23 07:09:00,Randonnée,7979.0,2026-05-23 08:35:07,
3248,37830,2026-05-24 07:48:00,Randonnée,18787.0,2026-05-24 12:28:55,Nouveau sentier découvert.
3249,37830,2026-05-25 17:07:00,Randonnée,19769.0,2026-05-25 21:04:02,Une randonnée à refaire.
3250,37830,2026-05-26 19:05:00,Randonnée,15673.0,2026-05-26 22:00:13,Une randonnée à refaire.
3251,37830,2026-06-01 09:46:00,Randonnée,4597.0,2026-06-01 10:34:07,
3252,37830,2026-06-03 07:10:00,Randonnée,8777.0,2026-06-03 09:20:48,Très beau parcours.
3253,37830,2026-06-04 12:59:00,Randonnée,24695.0,2026-06-04 19:04:29,Une randonnée à refaire.
3254,37830,2026-06-07 08:10:00,Randonnée,10230.0,2026-06-07 10:16:13,Nouveau sentier découvert.
3255,37830,2026-06-10 19:37:00,Randonnée,6192.0,2026-06-10 20:39:40,Très beau parcours.
3256,37830,2026-06-12 19:42:00,Randonnée,20199.0,2026-06-13 00:01:23,Nouveau sentier découvert.
3257,37830,2026-06-13 12:20:00,Randonnée,16087.0,2026-06-13 16:48:19,
3258,37830,2026-06-14 17:22:00,Randonnée,4561.0,2026-06-14 18:07:54,Une randonnée à refaire.
3259,37830,2026-06-15 18:21:00,Randonnée,17616.0,2026-06-15 21:42:21,
3260,37830,2026-06-17 09:55:00,Randonnée,19187.0,2026-06-17 15:48:36,
3261,37830,2026-06-21 12:35:00,Randonnée,22074.0,2026-06-21 16:50:48,Une randonnée à refaire.
3262,37830,2026-06-22 07:39:00,Randonnée,5064.0,2026-06-22 08:35:42,Une randonnée à refaire.
3263,37830,2026-06-24 08:19:00,Randonnée,21599.0,2026-06-24 12:16:04,Une randonnée à refaire.
3264,37830,2026-06-25 07:54:00,Randonnée,7492.0,2026-06-25 10:16:02,Une randonnée à refaire.
3265,37830,2026-06-27 18:08:00,Randonnée,12463.0,2026-06-27 20:25:17,Très beau parcours.
3266,37830,2026-06-28 07:31:00,Randonnée,14105.0,2026-06-28 10:13:15,Nouveau sentier découvert.
3267,37830,2026-06-30 07:01:00,Randonnée,13343.0,2026-06-30 10:21:59,
3268,37830,2026-07-01 19:08:00,Randonnée,21201.0,2026-07-01 23:32:32,
3269,37830,2026-07-04 09:07:00,Randonnée,7118.0,2026-07-04 10:19:06,Une randonnée à refaire.
3270,37830,2026-07-05 17:51:00,Randonnée,6583.0,2026-07-05 19:37:55,Une randonnée à refaire.
3271,37830,2026-07-06 09:53:00,Randonnée,22029.0,2026-07-06 14:04:04,
3272,37830,2026-07-09 19:45:00,Randonnée,21987.0,2026-07-09 23:32:14,Une randonnée à refaire.
3273,37830,2026-07-10 17:42:00,Randonnée,13749.0,2026-07-10 21:51:53,Nouveau sentier découvert.
3274,37830,2026-07-12 18:21:00,Randonnée,12816.0,2026-07-12 20:48:13,Très beau parcours.
3275,37830,2026-07-14 07:06:00,Randonnée,23277.0,2026-07-14 14:49:41,Nouveau sentier découvert.
3276,37830,2026-07-15 07:30:00,Randonnée,15833.0,2026-07-15 11:15:13,
3277,37830,2026-07-19 07:21:00,Randonnée,9517.0,2026-07-19 10:01:36,
3278,37830,2026-07-20 18:51:00,Randonnée,4551.0,2026-07-20 19:52:54,Très beau parcours.
3279,34678,2025-07-27 18:33:00,Randonnée,12955.0,2025-07-27 21:17:20,Très beau parcours.
3280,34678,2025-08-07 08:03:00,Randonnée,18081.0,2025-08-07 13:01:37,Nouveau sentier découvert.
3281,34678,2025-08-19 08:25:00,Randonnée,23358.0,2025-08-19 13:55:57,Une randonnée à refaire.
3282,34678,2025-08-25 17:54:00,Randonnée,8084.0,2025-08-25 19:28:43,Une randonnée à refaire.
3283,34678,2025-08-31 07:25:00,Randonnée,23357.0,2025-08-31 13:57:10,Une randonnée à refaire.
3284,34678,2025-11-17 08:17:00,Randonnée,7690.0,2025-11-17 09:54:41,Très beau parcours.
3285,34678,2025-12-07 09:13:00,Randonnée,18649.0,2025-12-07 14:38:55,
3286,34678,2025-12-16 12:24:00,Randonnée,21002.0,2025-12-16 16:33:59,Nouveau sentier découvert.
3287,34678,2026-01-13 08:55:00,Randonnée,11955.0,2026-01-13 11:35:29,Une randonnée à refaire.
3288,34678,2026-01-18 09:00:00,Randonnée,18198.0,2026-01-18 13:08:41,
3289,34678,2026-02-05 09:13:00,Randonnée,17546.0,2026-02-05 14:29:02,Une randonnée à refaire.
3290,34678,2026-02-17 08:27:00,Randonnée,4451.0,2026-02-17 09:27:25,
3291,34678,2026-02-24 09:41:00,Randonnée,11350.0,2026-02-24 12:17:37,Une randonnée à refaire.
3292,34678,2026-03-04 09:10:00,Randonnée,19740.0,2026-03-04 14:33:27,Très beau parcours.
3293,34678,2026-03-25 08:35:00,Randonnée,20701.0,2026-03-25 12:47:10,Très beau parcours.
3294,34678,2026-04-10 09:33:00,Randonnée,12349.0,2026-04-10 11:59:09,Une randonnée à refaire.
3295,34678,2026-04-17 12:01:00,Randonnée,6063.0,2026-04-17 13:18:23,
3296,34678,2026-04-28 19:15:00,Randonnée,22217.0,2026-04-28 23:14:26,Très beau parcours.
3297,34678,2026-05-07 07:09:00,Randonnée,4641.0,2026-05-07 08:18:56,Nouveau sentier découvert.
3298,34678,2026-05-10 12:12:00,Randonnée,10139.0,2026-05-10 15:14:56,Une randonnée à refaire.
3299,34678,2026-05-19 18:51:00,Randonnée,12910.0,2026-05-19 21:33:47,Nouveau sentier découvert.
3300,34678,2026-05-24 12:30:00,Randonnée,24467.0,2026-05-24 19:19:03,Très beau parcours.
3301,34678,2026-05-31 19:21:00,Randonnée,15694.0,2026-05-31 22:54:19,Très beau parcours.
3302,34678,2026-06-10 08:27:00,Randonnée,22429.0,2026-06-10 15:48:20,
3303,34678,2026-07-11 07:13:00,Randonnée,19305.0,2026-07-11 11:46:22,
3304,34678,2026-07-19 08:47:00,Randonnée,11029.0,2026-07-19 11:48:02,
3305,70575,2025-07-27 09:41:00,Randonnée,23288.0,2025-07-27 13:47:28,Très beau parcours.
3306,70575,2025-08-11 17:07:00,Randonnée,7064.0,2025-08-11 18:25:15,Très beau parcours.
3307,70575,2025-08-29 09:34:00,Randonnée,9473.0,2025-08-29 11:28:19,
3308,70575,2025-09-06 08:50:00,Randonnée,17494.0,2025-09-06 11:55:22,
3309,70575,2025-09-21 12:44:00,Randonnée,15434.0,2025-09-21 15:23:33,Nouveau sentier découvert.
3310,70575,2025-10-27 08:52:00,Randonnée,9143.0,2025-10-27 11:20:10,
3311,70575,2025-12-10 07:42:00,Randonnée,18728.0,2025-12-10 12:47:36,Très beau parcours.
3312,70575,2026-01-09 19:56:00,Randonnée,13817.0,2026-01-09 22:26:37,Nouveau sentier découvert.
3313,70575,2026-02-04 07:10:00,Randonnée,16272.0,2026-02-04 12:24:24,Très beau parcours.
3314,70575,2026-02-08 07:48:00,Randonnée,9162.0,2026-02-08 10:19:13,Très beau parcours.
3315,70575,2026-02-15 12:14:00,Randonnée,9445.0,2026-02-15 14:43:12,Une randonnée à refaire.
3316,70575,2026-02-23 19:38:00,Randonnée,21460.0,2026-02-23 23:56:28,Très beau parcours.
3317,70575,2026-03-04 08:39:00,Randonnée,18584.0,2026-03-04 13:29:34,Une randonnée à refaire.
3318,70575,2026-03-31 12:49:00,Randonnée,21545.0,2026-03-31 17:43:09,
3319,70575,2026-05-13 18:37:00,Randonnée,8430.0,2026-05-13 21:17:08,Très beau parcours.
3320,70575,2026-07-09 17:05:00,Randonnée,12508.0,2026-07-09 20:23:22,Très beau parcours.
3321,66882,2025-07-21 19:50:00,Judo,,2025-07-21 20:49:00,
3322,66882,2025-07-28 07:27:00,Judo,,2025-07-28 08:58:00,
3323,66882,2025-07-30 18:48:00,Judo,,2025-07-30 19:53:00,Très bonnes sensations.
3324,66882,2025-07-31 08:43:00,Judo,,2025-07-31 09:45:00,Entraînement terminé.
3325,66882,2025-08-03 19:00:00,Judo,,2025-08-03 20:34:00,
3326,66882,2025-08-10 07:20:00,Judo,,2025-08-10 08:15:00,
3327,66882,2025-08-15 07:44:00,Judo,,2025-08-15 08:41:00,Très bonnes sensations.
3328,66882,2025-08-16 19:06:00,Judo,,2025-08-16 20:19:00,Entraînement terminé.
3329,66882,2025-08-23 18:47:00,Judo,,2025-08-23 20:10:00,
3330,66882,2025-08-25 12:43:00,Judo,,2025-08-25 13:35:00,Entraînement terminé.
3331,66882,2025-08-26 19:18:00,Judo,,2025-08-26 20:19:00,Bonne séance.
3332,66882,2025-08-29 07:34:00,Judo,,2025-08-29 09:11:00,Bonne séance.
3333,66882,2025-09-04 12:18:00,Judo,,2025-09-04 13:34:00,
3334,66882,2025-09-05 08:11:00,Judo,,2025-09-05 09:48:00,Entraînement terminé.
3335,66882,2025-09-06 17:39:00,Judo,,2025-09-06 19:14:00,
3336,66882,2025-09-10 07:32:00,Judo,,2025-09-10 08:44:00,Très bonnes sensations.
3337,66882,2025-09-13 07:02:00,Judo,,2025-09-13 08:25:00,
3338,66882,2025-09-19 09:56:00,Judo,,2025-09-19 10:56:00,Très bonnes sensations.
3339,66882,2025-09-23 07:23:00,Judo,,2025-09-23 08:54:00,Entraînement terminé.
3340,66882,2025-09-26 17:09:00,Judo,,2025-09-26 18:19:00,Très bonnes sensations.
3341,66882,2025-09-28 08:51:00,Judo,,2025-09-28 09:53:00,Bonne séance.
3342,66882,2025-09-29 09:23:00,Judo,,2025-09-29 10:50:00,
3343,66882,2025-10-01 09:19:00,Judo,,2025-10-01 10:56:00,Bonne séance.
3344,66882,2025-10-05 17:45:00,Judo,,2025-10-05 18:32:00,Très bonnes sensations.
3345,66882,2025-10-08 07:26:00,Judo,,2025-10-08 08:24:00,Bonne séance.
3346,66882,2025-10-10 12:38:00,Judo,,2025-10-10 14:17:00,Très bonnes sensations.
3347,66882,2025-10-12 19:40:00,Judo,,2025-10-12 21:19:00,Bonne séance.
3348,66882,2025-10-14 08:04:00,Judo,,2025-10-14 08:52:00,Entraînement terminé.
3349,66882,2025-10-16 19:03:00,Judo,,2025-10-16 19:55:00,Très bonnes sensations.
3350,66882,2025-10-23 07:56:00,Judo,,2025-10-23 09:16:00,
3351,66882,2025-10-25 09:40:00,Judo,,2025-10-25 11:11:00,Entraînement terminé.
3352,66882,2025-10-27 12:56:00,Judo,,2025-10-27 13:56:00,Bonne séance.
3353,66882,2025-10-29 12:45:00,Judo,,2025-10-29 14:18:00,Bonne séance.
3354,66882,2025-10-30 17:41:00,Judo,,2025-10-30 18:30:00,Très bonnes sensations.
3355,66882,2025-11-03 18:04:00,Judo,,2025-11-03 18:58:00,Très bonnes sensations.
3356,66882,2025-11-08 17:43:00,Judo,,2025-11-08 18:46:00,Bonne séance.
3357,66882,2025-11-11 12:19:00,Judo,,2025-11-11 13:14:00,
3358,66882,2025-11-13 08:56:00,Judo,,2025-11-13 10:07:00,Bonne séance.
3359,66882,2025-11-14 09:46:00,Judo,,2025-11-14 11:17:00,Très bonnes sensations.
3360,66882,2025-11-16 09:49:00,Judo,,2025-11-16 10:50:00,
3361,66882,2025-11-23 19:24:00,Judo,,2025-11-23 20:27:00,Très bonnes sensations.
3362,66882,2025-11-29 08:22:00,Judo,,2025-11-29 09:55:00,Entraînement terminé.
3363,66882,2025-11-30 08:25:00,Judo,,2025-11-30 10:00:00,Bonne séance.
3364,66882,2025-12-06 18:43:00,Judo,,2025-12-06 19:51:00,Entraînement terminé.
3365,66882,2025-12-08 08:55:00,Judo,,2025-12-08 10:26:00,
3366,66882,2025-12-09 18:05:00,Judo,,2025-12-09 19:20:00,Très bonnes sensations.
3367,66882,2025-12-12 09:26:00,Judo,,2025-12-12 11:01:00,Entraînement terminé.
3368,66882,2025-12-18 19:33:00,Judo,,2025-12-18 20:50:00,
3369,66882,2025-12-20 19:14:00,Judo,,2025-12-20 20:45:00,
3370,66882,2025-12-22 18:32:00,Judo,,2025-12-22 19:50:00,Bonne séance.
3371,66882,2025-12-25 19:17:00,Judo,,2025-12-25 20:23:00,Bonne séance.
3372,66882,2026-01-01 07:43:00,Judo,,2026-01-01 09:12:00,Entraînement terminé.
3373,66882,2026-01-02 07:18:00,Judo,,2026-01-02 08:46:00,
3374,66882,2026-01-05 08:13:00,Judo,,2026-01-05 09:46:00,Entraînement terminé.
3375,66882,2026-01-10 08:53:00,Judo,,2026-01-10 10:11:00,Entraînement terminé.
3376,66882,2026-01-11 12:46:00,Judo,,2026-01-11 13:45:00,Bonne séance.
3377,66882,2026-01-13 19:06:00,Judo,,2026-01-13 19:56:00,
3378,66882,2026-01-16 18:38:00,Judo,,2026-01-16 19:52:00,Très bonnes sensations.
3379,66882,2026-01-18 07:38:00,Judo,,2026-01-18 08:35:00,Bonne séance.
3380,66882,2026-01-22 17:05:00,Judo,,2026-01-22 18:30:00,Bonne séance.
3381,66882,2026-01-24 12:13:00,Judo,,2026-01-24 13:06:00,Très bonnes sensations.
3382,66882,2026-01-25 12:54:00,Judo,,2026-01-25 13:41:00,
3383,66882,2026-01-26 07:58:00,Judo,,2026-01-26 09:31:00,Très bonnes sensations.
3384,66882,2026-01-27 19:20:00,Judo,,2026-01-27 20:29:00,
3385,66882,2026-02-04 19:35:00,Judo,,2026-02-04 21:06:00,
3386,66882,2026-02-05 07:58:00,Judo,,2026-02-05 08:54:00,Bonne séance.
3387,66882,2026-02-14 07:37:00,Judo,,2026-02-14 08:28:00,Entraînement terminé.
3388,66882,2026-02-15 08:53:00,Judo,,2026-02-15 10:16:00,
3389,66882,2026-02-19 08:44:00,Judo,,2026-02-19 09:53:00,Entraînement terminé.
3390,66882,2026-02-27 12:16:00,Judo,,2026-02-27 13:47:00,Entraînement terminé.
3391,66882,2026-02-28 19:38:00,Judo,,2026-02-28 20:30:00,Très bonnes sensations.
3392,66882,2026-03-05 18:13:00,Judo,,2026-03-05 19:23:00,Entraînement terminé.
3393,66882,2026-03-09 07:04:00,Judo,,2026-03-09 08:08:00,
3394,66882,2026-03-10 19:07:00,Judo,,2026-03-10 20:47:00,Entraînement terminé.
3395,66882,2026-03-14 07:34:00,Judo,,2026-03-14 08:37:00,Bonne séance.
3396,66882,2026-03-18 17:30:00,Judo,,2026-03-18 18:36:00,
3397,66882,2026-03-23 08:52:00,Judo,,2026-03-23 10:23:00,Bonne séance.
3398,66882,2026-03-25 08:38:00,Judo,,2026-03-25 10:01:00,Bonne séance.
3399,66882,2026-03-28 07:15:00,Judo,,2026-03-28 08:28:00,Entraînement terminé.
3400,66882,2026-03-31 07:05:00,Judo,,2026-03-31 08:06:00,
3401,66882,2026-04-01 18:47:00,Judo,,2026-04-01 20:26:00,Entraînement terminé.
3402,66882,2026-04-09 17:26:00,Judo,,2026-04-09 18:58:00,
3403,66882,2026-04-12 19:50:00,Judo,,2026-04-12 20:56:00,Bonne séance.
3404,66882,2026-04-17 12:59:00,Judo,,2026-04-17 14:09:00,Très bonnes sensations.
3405,66882,2026-04-24 07:33:00,Judo,,2026-04-24 09:02:00,
3406,66882,2026-04-25 07:47:00,Judo,,2026-04-25 08:40:00,Très bonnes sensations.
3407,66882,2026-04-26 08:55:00,Judo,,2026-04-26 09:43:00,Bonne séance.
3408,66882,2026-05-06 17:05:00,Judo,,2026-05-06 18:42:00,
3409,66882,2026-05-09 12:09:00,Judo,,2026-05-09 13:37:00,Très bonnes sensations.
3410,66882,2026-05-12 18:13:00,Judo,,2026-05-12 19:04:00,Bonne séance.
3411,66882,2026-05-19 09:22:00,Judo,,2026-05-19 10:10:00,Très bonnes sensations.
3412,66882,2026-05-25 17:06:00,Judo,,2026-05-25 18:22:00,Très bonnes sensations.
3413,66882,2026-05-27 12:48:00,Judo,,2026-05-27 14:08:00,Bonne séance.
3414,66882,2026-05-28 17:13:00,Judo,,2026-05-28 18:31:00,Entraînement terminé.
3415,66882,2026-05-31 07:15:00,Judo,,2026-05-31 08:19:00,
3416,66882,2026-06-05 19:33:00,Judo,,2026-06-05 20:46:00,Bonne séance.
3417,66882,2026-06-08 12:55:00,Judo,,2026-06-08 14:22:00,Bonne séance.
3418,66882,2026-06-09 12:02:00,Judo,,2026-06-09 13:00:00,Bonne séance.
3419,66882,2026-06-14 07:06:00,Judo,,2026-06-14 08:33:00,Entraînement terminé.
3420,66882,2026-06-16 12:44:00,Judo,,2026-06-16 14:13:00,
3421,66882,2026-06-18 17:52:00,Judo,,2026-06-18 18:40:00,Entraînement terminé.
3422,66882,2026-06-21 19:18:00,Judo,,2026-06-21 20:21:00,Bonne séance.
3423,66882,2026-06-25 07:45:00,Judo,,2026-06-25 08:58:00,Entraînement terminé.
3424,66882,2026-06-26 17:51:00,Judo,,2026-06-26 18:46:00,Très bonnes sensations.
3425,66882,2026-07-02 18:26:00,Judo,,2026-07-02 20:00:00,Très bonnes sensations.
3426,66882,2026-07-03 19:49:00,Judo,,2026-07-03 21:16:00,Entraînement terminé.
3427,66882,2026-07-04 19:35:00,Judo,,2026-07-04 21:01:00,Très bonnes sensations.
3428,66882,2026-07-09 09:09:00,Judo,,2026-07-09 10:28:00,Entraînement terminé.
3429,66882,2026-07-15 08:09:00,Judo,,2026-07-15 09:15:00,
3430,66882,2026-07-16 09:01:00,Judo,,2026-07-16 10:35:00,Entraînement terminé.
3431,66882,2026-07-17 17:39:00,Judo,,2026-07-17 19:14:00,Bonne séance.
3432,66882,2026-07-19 07:11:00,Judo,,2026-07-19 08:49:00,Bonne séance.
3433,60358,2025-07-30 17:35:00,Natation,724.0,2025-07-30 17:49:23,Travail d'endurance.
3434,60358,2025-08-11 12:40:00,Natation,982.0,2025-08-11 12:58:45,Bonne séance.
3435,60358,2025-08-25 18:13:00,Natation,1767.0,2025-08-25 18:44:09,Travail d'endurance.
3436,60358,2025-09-19 18:38:00,Natation,1981.0,2025-09-19 19:10:47,Travail d'endurance.
3437,60358,2025-10-11 07:57:00,Natation,1911.0,2025-10-11 08:23:04,Travail d'endurance.
3438,60358,2025-10-28 07:35:00,Natation,3795.0,2025-10-28 08:30:14,
3439,60358,2025-11-06 19:22:00,Natation,2730.0,2025-11-06 20:06:22,Bonne séance.
3440,60358,2025-11-09 19:35:00,Natation,2066.0,2025-11-09 20:11:07,Bonne séance.
3441,60358,2025-11-21 07:59:00,Natation,3896.0,2025-11-21 09:30:58,Travail d'endurance.
3442,60358,2025-11-29 12:06:00,Natation,3252.0,2025-11-29 12:53:52,
3443,60358,2025-12-11 09:59:00,Natation,3573.0,2025-12-11 11:32:11,
3444,60358,2025-12-17 17:09:00,Natation,1485.0,2025-12-17 17:34:41,Bonne séance.
3445,60358,2025-12-26 07:54:00,Natation,620.0,2025-12-26 08:03:07,
3446,60358,2026-01-03 08:00:00,Natation,526.0,2026-01-03 08:08:36,Travail d'endurance.
3447,60358,2026-01-08 12:58:00,Natation,2094.0,2026-01-08 13:56:16,
3448,60358,2026-01-22 08:04:00,Natation,832.0,2026-01-22 08:17:36,Travail d'endurance.
3449,60358,2026-01-31 19:54:00,Natation,604.0,2026-01-31 20:11:06,
3450,60358,2026-02-05 07:39:00,Natation,3155.0,2026-02-05 08:49:10,Bonne séance.
3451,60358,2026-02-15 12:26:00,Natation,3668.0,2026-02-15 13:56:05,Travail d'endurance.
3452,60358,2026-03-06 12:40:00,Natation,1088.0,2026-03-06 13:10:43,Bonne séance.
3453,60358,2026-03-17 07:57:00,Natation,2528.0,2026-03-17 08:45:54,Travail d'endurance.
3454,60358,2026-03-25 08:03:00,Natation,3425.0,2026-03-25 08:50:10,
3455,60358,2026-04-04 19:26:00,Natation,3250.0,2026-04-04 20:49:52,
3456,60358,2026-04-05 17:51:00,Natation,877.0,2026-04-05 18:04:37,Bonne séance.
3457,60358,2026-04-15 07:10:00,Natation,2815.0,2026-04-15 07:55:04,Travail d'endurance.
3458,60358,2026-04-26 12:59:00,Natation,2646.0,2026-04-26 13:42:04,Bonne séance.
3459,60358,2026-06-01 07:59:00,Natation,1043.0,2026-06-01 08:13:16,Bonne séance.
3460,60358,2026-06-12 08:12:00,Natation,1912.0,2026-06-12 08:38:45,Bonne séance.
3461,60358,2026-06-25 07:29:00,Natation,543.0,2026-06-25 07:41:58,
3462,50504,2025-07-26 12:15:00,Escalade,,2025-07-26 15:00:00,Entraînement terminé.
3463,50504,2025-07-30 12:34:00,Escalade,,2025-07-30 14:47:00,Entraînement terminé.
3464,50504,2025-08-03 08:28:00,Escalade,,2025-08-03 09:37:00,Entraînement terminé.
3465,50504,2025-08-04 09:16:00,Escalade,,2025-08-04 11:31:00,
3466,50504,2025-08-11 07:09:00,Escalade,,2025-08-11 09:59:00,Très bonnes sensations.
3467,50504,2025-08-12 09:32:00,Escalade,,2025-08-12 10:37:00,
3468,50504,2025-08-14 12:17:00,Escalade,,2025-08-14 13:53:00,
3469,50504,2025-08-20 08:43:00,Escalade,,2025-08-20 10:15:00,
3470,50504,2025-08-27 07:59:00,Escalade,,2025-08-27 09:17:00,Très bonnes sensations.
3471,50504,2025-08-28 18:50:00,Escalade,,2025-08-28 20:53:00,Bonne séance.
3472,50504,2025-08-31 07:53:00,Escalade,,2025-08-31 09:13:00,
3473,50504,2025-09-11 17:52:00,Escalade,,2025-09-11 19:15:00,
3474,50504,2025-09-13 18:12:00,Escalade,,2025-09-13 19:45:00,Très bonnes sensations.
3475,50504,2025-09-18 17:21:00,Escalade,,2025-09-18 19:55:00,Très bonnes sensations.
3476,50504,2025-09-24 08:48:00,Escalade,,2025-09-24 10:42:00,Bonne séance.
3477,50504,2025-09-25 19:52:00,Escalade,,2025-09-25 22:01:00,Bonne séance.
3478,50504,2025-09-26 07:54:00,Escalade,,2025-09-26 09:59:00,Bonne séance.
3479,50504,2025-09-30 07:21:00,Escalade,,2025-09-30 08:50:00,Très bonnes sensations.
3480,50504,2025-10-01 18:01:00,Escalade,,2025-10-01 20:04:00,Très bonnes sensations.
3481,50504,2025-10-03 12:43:00,Escalade,,2025-10-03 15:41:00,
3482,50504,2025-10-08 07:25:00,Escalade,,2025-10-08 10:15:00,Très bonnes sensations.
3483,50504,2025-10-10 08:57:00,Escalade,,2025-10-10 10:48:00,Bonne séance.
3484,50504,2025-10-14 19:00:00,Escalade,,2025-10-14 20:48:00,Bonne séance.
3485,50504,2025-10-24 19:10:00,Escalade,,2025-10-24 20:33:00,Bonne séance.
3486,50504,2025-10-27 07:25:00,Escalade,,2025-10-27 09:51:00,Entraînement terminé.
3487,50504,2025-10-28 07:49:00,Escalade,,2025-10-28 09:31:00,Très bonnes sensations.
3488,50504,2025-11-01 07:43:00,Escalade,,2025-11-01 09:16:00,Très bonnes sensations.
3489,50504,2025-11-02 17:41:00,Escalade,,2025-11-02 20:19:00,Bonne séance.
3490,50504,2025-11-03 07:36:00,Escalade,,2025-11-03 08:53:00,Entraînement terminé.
3491,50504,2025-11-07 17:25:00,Escalade,,2025-11-07 19:23:00,
3492,50504,2025-11-11 08:27:00,Escalade,,2025-11-11 10:46:00,Entraînement terminé.
3493,50504,2025-11-13 19:34:00,Escalade,,2025-11-13 22:25:00,
3494,50504,2025-11-15 08:08:00,Escalade,,2025-11-15 11:02:00,
3495,50504,2025-11-16 17:44:00,Escalade,,2025-11-16 20:17:00,Bonne séance.
3496,50504,2025-11-22 18:53:00,Escalade,,2025-11-22 21:02:00,Très bonnes sensations.
3497,50504,2025-11-25 17:18:00,Escalade,,2025-11-25 19:40:00,Bonne séance.
3498,50504,2025-11-27 09:56:00,Escalade,,2025-11-27 12:13:00,Entraînement terminé.
3499,50504,2025-11-28 19:47:00,Escalade,,2025-11-28 22:05:00,
3500,50504,2025-11-30 12:40:00,Escalade,,2025-11-30 14:49:00,Très bonnes sensations.
3501,50504,2025-12-02 19:48:00,Escalade,,2025-12-02 22:44:00,
3502,50504,2025-12-05 18:41:00,Escalade,,2025-12-05 20:37:00,
3503,50504,2025-12-08 17:25:00,Escalade,,2025-12-08 19:22:00,Très bonnes sensations.
3504,50504,2025-12-13 12:12:00,Escalade,,2025-12-13 14:21:00,Bonne séance.
3505,50504,2025-12-18 12:17:00,Escalade,,2025-12-18 14:05:00,
3506,50504,2025-12-21 12:39:00,Escalade,,2025-12-21 14:47:00,Très bonnes sensations.
3507,50504,2025-12-24 12:34:00,Escalade,,2025-12-24 13:53:00,Très bonnes sensations.
3508,50504,2025-12-26 17:31:00,Escalade,,2025-12-26 20:02:00,Bonne séance.
3509,50504,2025-12-30 17:36:00,Escalade,,2025-12-30 19:01:00,Très bonnes sensations.
3510,50504,2026-01-04 09:43:00,Escalade,,2026-01-04 11:50:00,
3511,50504,2026-01-08 12:41:00,Escalade,,2026-01-08 14:04:00,Bonne séance.
3512,50504,2026-01-09 09:03:00,Escalade,,2026-01-09 11:32:00,Entraînement terminé.
3513,50504,2026-01-16 19:23:00,Escalade,,2026-01-16 21:59:00,Très bonnes sensations.
3514,50504,2026-01-22 09:43:00,Escalade,,2026-01-22 11:41:00,
3515,50504,2026-01-23 07:43:00,Escalade,,2026-01-23 08:58:00,Bonne séance.
3516,50504,2026-01-26 19:47:00,Escalade,,2026-01-26 21:30:00,Entraînement terminé.
3517,50504,2026-01-29 09:16:00,Escalade,,2026-01-29 10:39:00,Très bonnes sensations.
3518,50504,2026-02-04 08:08:00,Escalade,,2026-02-04 09:53:00,Entraînement terminé.
3519,50504,2026-02-05 08:40:00,Escalade,,2026-02-05 10:11:00,Bonne séance.
3520,50504,2026-02-12 19:17:00,Escalade,,2026-02-12 21:58:00,Très bonnes sensations.
3521,50504,2026-02-13 19:55:00,Escalade,,2026-02-13 21:23:00,Bonne séance.
3522,50504,2026-02-14 17:57:00,Escalade,,2026-02-14 20:55:00,
3523,50504,2026-02-16 09:05:00,Escalade,,2026-02-16 11:32:00,Entraînement terminé.
3524,50504,2026-02-18 08:34:00,Escalade,,2026-02-18 11:11:00,Entraînement terminé.
3525,50504,2026-02-23 12:10:00,Escalade,,2026-02-23 14:23:00,Bonne séance.
3526,50504,2026-02-24 12:37:00,Escalade,,2026-02-24 14:05:00,Bonne séance.
3527,50504,2026-02-25 09:33:00,Escalade,,2026-02-25 11:50:00,Entraînement terminé.
3528,50504,2026-03-02 19:32:00,Escalade,,2026-03-02 20:45:00,Très bonnes sensations.
3529,50504,2026-03-08 18:31:00,Escalade,,2026-03-08 20:37:00,Entraînement terminé.
3530,50504,2026-03-10 12:54:00,Escalade,,2026-03-10 15:05:00,Entraînement terminé.
3531,50504,2026-03-19 09:48:00,Escalade,,2026-03-19 11:50:00,Entraînement terminé.
3532,50504,2026-03-22 08:19:00,Escalade,,2026-03-22 10:39:00,
3533,50504,2026-03-23 18:57:00,Escalade,,2026-03-23 21:02:00,
3534,50504,2026-04-01 17:30:00,Escalade,,2026-04-01 18:51:00,
3535,50504,2026-04-09 19:45:00,Escalade,,2026-04-09 21:27:00,Bonne séance.
3536,50504,2026-04-12 07:53:00,Escalade,,2026-04-12 09:39:00,Bonne séance.
3537,50504,2026-04-18 12:19:00,Escalade,,2026-04-18 13:30:00,Entraînement terminé.
3538,50504,2026-04-19 09:52:00,Escalade,,2026-04-19 11:33:00,Bonne séance.
3539,50504,2026-04-22 07:13:00,Escalade,,2026-04-22 09:46:00,Bonne séance.
3540,50504,2026-04-27 19:26:00,Escalade,,2026-04-27 21:26:00,
3541,50504,2026-04-30 08:51:00,Escalade,,2026-04-30 10:45:00,Très bonnes sensations.
3542,50504,2026-05-03 17:17:00,Escalade,,2026-05-03 20:05:00,Bonne séance.
3543,50504,2026-05-09 18:55:00,Escalade,,2026-05-09 21:17:00,
3544,50504,2026-05-10 07:49:00,Escalade,,2026-05-10 09:34:00,Bonne séance.
3545,50504,2026-05-16 12:24:00,Escalade,,2026-05-16 14:42:00,
3546,50504,2026-05-20 17:03:00,Escalade,,2026-05-20 19:20:00,Bonne séance.
3547,50504,2026-05-21 19:30:00,Escalade,,2026-05-21 20:30:00,Entraînement terminé.
3548,50504,2026-05-23 09:08:00,Escalade,,2026-05-23 10:38:00,Entraînement terminé.
3549,50504,2026-05-25 09:35:00,Escalade,,2026-05-25 12:18:00,Très bonnes sensations.
3550,50504,2026-05-30 12:03:00,Escalade,,2026-05-30 13:44:00,Très bonnes sensations.
3551,50504,2026-06-03 09:19:00,Escalade,,2026-06-03 12:09:00,Bonne séance.
3552,50504,2026-06-04 08:31:00,Escalade,,2026-06-04 11:01:00,Entraînement terminé.
3553,50504,2026-06-09 17:40:00,Escalade,,2026-06-09 19:23:00,Très bonnes sensations.
3554,50504,2026-06-12 09:50:00,Escalade,,2026-06-12 12:40:00,Entraînement terminé.
3555,50504,2026-06-13 19:45:00,Escalade,,2026-06-13 22:32:00,Entraînement terminé.
3556,50504,2026-06-18 08:19:00,Escalade,,2026-06-18 10:37:00,
3557,50504,2026-06-27 18:27:00,Escalade,,2026-06-27 20:09:00,
3558,50504,2026-07-04 07:56:00,Escalade,,2026-07-04 09:01:00,
3559,50504,2026-07-11 09:23:00,Escalade,,2026-07-11 11:44:00,Bonne séance.
3560,50504,2026-07-12 08:08:00,Escalade,,2026-07-12 10:30:00,
3561,50504,2026-07-13 19:20:00,Escalade,,2026-07-13 22:11:00,Entraînement terminé.
3562,50504,2026-07-17 07:13:00,Escalade,,2026-07-17 08:13:00,Entraînement terminé.
3563,50504,2026-07-19 17:13:00,Escalade,,2026-07-19 19:34:00,Très bonnes sensations.
3564,50504,2026-07-20 17:47:00,Escalade,,2026-07-20 19:10:00,
3565,56530,2025-07-26 17:33:00,Runing,13107.0,2025-07-26 18:57:35,Très bonnes sensations.
3566,56530,2025-08-09 18:59:00,Runing,6638.0,2025-08-09 19:40:45,Très bonnes sensations.
3567,56530,2025-08-15 12:09:00,Runing,15237.0,2025-08-15 14:18:54,Reprise du sport :)
3568,56530,2025-08-26 08:04:00,Runing,11615.0,2025-08-26 09:27:51,Bonne sortie !
3569,56530,2025-10-30 07:03:00,Runing,9179.0,2025-10-30 07:51:11,
3570,56530,2025-11-11 12:10:00,Runing,6341.0,2025-11-11 12:43:39,Très bonnes sensations.
3571,56530,2025-11-16 17:10:00,Runing,15565.0,2025-11-16 18:45:00,
3572,56530,2025-11-24 19:11:00,Runing,17743.0,2025-11-24 21:07:59,Très bonnes sensations.
3573,56530,2025-12-02 18:23:00,Runing,12208.0,2025-12-02 19:31:02,Très bonnes sensations.
3574,56530,2025-12-15 19:36:00,Runing,3535.0,2025-12-15 19:59:41,
3575,56530,2025-12-24 18:35:00,Runing,6950.0,2025-12-24 19:11:39,Très bonnes sensations.
3576,56530,2026-01-11 18:30:00,Runing,5876.0,2026-01-11 19:17:46,Bonne sortie !
3577,56530,2026-01-31 18:46:00,Runing,6559.0,2026-01-31 19:17:21,Bonne sortie !
3578,56530,2026-02-09 08:09:00,Runing,12447.0,2026-02-09 09:07:40,Bonne sortie !
3579,56530,2026-02-16 07:46:00,Runing,9997.0,2026-02-16 08:36:51,
3580,56530,2026-02-23 17:35:00,Runing,5357.0,2026-02-23 18:13:11,Bonne sortie !
3581,56530,2026-03-06 09:44:00,Runing,7006.0,2026-03-06 10:19:49,Bonne sortie !
3582,56530,2026-03-12 09:17:00,Runing,9846.0,2026-03-12 10:33:24,Très bonnes sensations.
3583,56530,2026-03-16 08:51:00,Runing,9440.0,2026-03-16 09:55:49,
3584,56530,2026-03-24 19:16:00,Runing,12463.0,2026-03-24 20:19:02,Très bonnes sensations.
3585,56530,2026-04-16 19:54:00,Runing,17100.0,2026-04-16 21:31:46,
3586,56530,2026-05-03 08:03:00,Runing,8424.0,2026-05-03 09:02:37,Très bonnes sensations.
3587,56530,2026-05-15 07:13:00,Runing,11033.0,2026-05-15 08:11:51,Reprise du sport :)
3588,56530,2026-07-08 18:50:00,Runing,14896.0,2026-07-08 20:03:24,Bonne sortie !
3589,45221,2025-07-23 17:32:00,Randonnée,20577.0,2025-07-23 21:12:50,Nouveau sentier découvert.
3590,45221,2025-07-24 09:43:00,Randonnée,10900.0,2025-07-24 11:51:44,Une randonnée à refaire.
3591,45221,2025-07-25 18:32:00,Randonnée,15710.0,2025-07-25 22:57:13,Nouveau sentier découvert.
3592,45221,2025-07-26 07:51:00,Randonnée,5325.0,2025-07-26 09:19:36,Une randonnée à refaire.
3593,45221,2025-07-27 07:29:00,Randonnée,6176.0,2025-07-27 09:00:42,Très beau parcours.
3594,45221,2025-07-28 08:55:00,Randonnée,22694.0,2025-07-28 12:54:04,
3595,45221,2025-07-29 07:49:00,Randonnée,8889.0,2025-07-29 09:37:13,Très beau parcours.
3596,45221,2025-07-30 19:59:00,Randonnée,23230.0,2025-07-31 00:24:36,
3597,45221,2025-08-04 09:41:00,Randonnée,20756.0,2025-08-04 15:29:00,Très beau parcours.
3598,45221,2025-08-05 07:36:00,Randonnée,17617.0,2025-08-05 10:32:52,
3599,45221,2025-08-06 08:43:00,Randonnée,23447.0,2025-08-06 13:55:39,
3600,45221,2025-08-10 18:09:00,Randonnée,7786.0,2025-08-10 20:17:59,
3601,45221,2025-08-11 19:43:00,Randonnée,19084.0,2025-08-12 00:13:40,Très beau parcours.
3602,45221,2025-08-13 07:07:00,Randonnée,23852.0,2025-08-13 11:36:18,
3603,45221,2025-08-17 07:08:00,Randonnée,9921.0,2025-08-17 10:18:27,
3604,45221,2025-08-20 12:08:00,Randonnée,15237.0,2025-08-20 15:11:23,Nouveau sentier découvert.
3605,45221,2025-08-22 08:12:00,Randonnée,24413.0,2025-08-22 12:51:31,Très beau parcours.
3606,45221,2025-08-25 12:24:00,Randonnée,15053.0,2025-08-25 16:33:08,
3607,45221,2025-08-26 18:11:00,Randonnée,18920.0,2025-08-26 22:00:15,Une randonnée à refaire.
3608,45221,2025-08-28 19:33:00,Randonnée,7395.0,2025-08-28 21:41:39,Une randonnée à refaire.
3609,45221,2025-08-31 07:50:00,Randonnée,22297.0,2025-08-31 12:14:58,Très beau parcours.
3610,45221,2025-09-02 09:55:00,Randonnée,4286.0,2025-09-02 10:49:23,Une randonnée à refaire.
3611,45221,2025-09-06 08:09:00,Randonnée,23540.0,2025-09-06 14:14:54,Très beau parcours.
3612,45221,2025-09-08 18:54:00,Randonnée,16016.0,2025-09-08 21:34:36,Une randonnée à refaire.
3613,45221,2025-09-11 18:24:00,Randonnée,6163.0,2025-09-11 19:32:05,
3614,45221,2025-09-13 19:59:00,Randonnée,11032.0,2025-09-13 22:07:36,Une randonnée à refaire.
3615,45221,2025-09-18 12:52:00,Randonnée,4559.0,2025-09-18 13:43:20,Très beau parcours.
3616,45221,2025-09-19 12:07:00,Randonnée,8649.0,2025-09-19 14:22:37,Nouveau sentier découvert.
3617,45221,2025-09-20 09:35:00,Randonnée,14703.0,2025-09-20 12:46:00,Nouveau sentier découvert.
3618,45221,2025-09-21 09:04:00,Randonnée,9117.0,2025-09-21 12:01:47,Nouveau sentier découvert.
3619,45221,2025-09-22 07:27:00,Randonnée,8034.0,2025-09-22 09:24:59,Très beau parcours.
3620,45221,2025-09-26 12:14:00,Randonnée,22269.0,2025-09-26 17:11:56,
3621,45221,2025-09-27 08:38:00,Randonnée,24297.0,2025-09-27 16:15:47,
3622,45221,2025-09-28 08:08:00,Randonnée,8144.0,2025-09-28 09:35:34,
3623,45221,2025-10-01 09:20:00,Randonnée,12554.0,2025-10-01 11:28:34,Très beau parcours.
3624,45221,2025-10-02 19:56:00,Randonnée,24700.0,2025-10-03 00:56:51,Très beau parcours.
3625,45221,2025-10-04 18:45:00,Randonnée,13353.0,2025-10-04 23:03:41,
3626,45221,2025-10-05 12:31:00,Randonnée,22495.0,2025-10-05 16:26:02,Nouveau sentier découvert.
3627,45221,2025-10-07 09:27:00,Randonnée,14101.0,2025-10-07 12:20:46,Une randonnée à refaire.
3628,45221,2025-10-09 12:37:00,Randonnée,15404.0,2025-10-09 16:21:33,Nouveau sentier découvert.
3629,45221,2025-10-13 19:06:00,Randonnée,8484.0,2025-10-13 20:38:23,Une randonnée à refaire.
3630,45221,2025-10-14 12:27:00,Randonnée,4089.0,2025-10-14 13:40:38,
3631,45221,2025-10-15 19:07:00,Randonnée,20848.0,2025-10-16 01:18:25,Très beau parcours.
3632,45221,2025-10-22 17:14:00,Randonnée,7289.0,2025-10-22 18:54:35,Une randonnée à refaire.
3633,45221,2025-10-24 19:05:00,Randonnée,20023.0,2025-10-25 00:49:40,
3634,45221,2025-10-25 17:00:00,Randonnée,20936.0,2025-10-25 23:21:33,Une randonnée à refaire.
3635,45221,2025-10-26 19:46:00,Randonnée,7544.0,2025-10-26 21:02:26,
3636,45221,2025-10-27 12:05:00,Randonnée,10405.0,2025-10-27 14:22:58,Nouveau sentier découvert.
3637,45221,2025-10-30 12:06:00,Randonnée,12077.0,2025-10-30 15:55:11,Très beau parcours.
3638,45221,2025-11-01 09:05:00,Randonnée,5566.0,2025-11-01 10:06:24,Une randonnée à refaire.
3639,45221,2025-11-04 08:51:00,Randonnée,17127.0,2025-11-04 13:42:32,Très beau parcours.
3640,45221,2025-11-05 07:01:00,Randonnée,22518.0,2025-11-05 12:14:49,Une randonnée à refaire.
3641,45221,2025-11-06 17:55:00,Randonnée,21305.0,2025-11-06 22:09:11,Nouveau sentier découvert.
3642,45221,2025-11-07 12:45:00,Randonnée,18073.0,2025-11-07 16:31:27,Nouveau sentier découvert.
3643,45221,2025-11-09 07:21:00,Randonnée,10519.0,2025-11-09 09:06:12,Très beau parcours.
3644,45221,2025-11-10 17:25:00,Randonnée,9130.0,2025-11-10 19:05:11,Nouveau sentier découvert.
3645,45221,2025-11-13 09:53:00,Randonnée,18335.0,2025-11-13 13:07:04,Nouveau sentier découvert.
3646,45221,2025-11-16 07:33:00,Randonnée,11882.0,2025-11-16 09:42:49,Nouveau sentier découvert.
3647,45221,2025-11-18 07:02:00,Randonnée,5886.0,2025-11-18 08:01:28,Nouveau sentier découvert.
3648,45221,2025-11-20 12:27:00,Randonnée,7282.0,2025-11-20 14:18:07,Une randonnée à refaire.
3649,45221,2025-11-23 12:37:00,Randonnée,19913.0,2025-11-23 16:35:58,
3650,45221,2025-11-26 09:02:00,Randonnée,4643.0,2025-11-26 09:55:06,Une randonnée à refaire.
3651,45221,2025-11-27 17:15:00,Randonnée,21821.0,2025-11-27 21:21:48,
3652,45221,2025-11-28 19:45:00,Randonnée,22445.0,2025-11-29 00:00:27,Une randonnée à refaire.
3653,45221,2025-11-29 17:00:00,Randonnée,14323.0,2025-11-29 20:49:18,
3654,45221,2025-11-30 17:38:00,Randonnée,20444.0,2025-12-01 00:11:57,Une randonnée à refaire.
3655,45221,2025-12-01 18:53:00,Randonnée,23593.0,2025-12-01 23:12:01,Nouveau sentier découvert.
3656,45221,2025-12-02 19:38:00,Randonnée,21340.0,2025-12-02 23:12:30,Très beau parcours.
3657,45221,2025-12-06 18:04:00,Randonnée,10509.0,2025-12-06 20:27:38,Nouveau sentier découvert.
3658,45221,2025-12-07 12:58:00,Randonnée,16517.0,2025-12-07 15:46:56,Très beau parcours.
3659,45221,2025-12-09 08:31:00,Randonnée,13393.0,2025-12-09 10:48:11,Nouveau sentier découvert.
3660,45221,2025-12-10 12:36:00,Randonnée,12721.0,2025-12-10 15:59:49,Très beau parcours.
3661,45221,2025-12-12 19:20:00,Randonnée,18316.0,2025-12-13 00:29:39,Une randonnée à refaire.
3662,45221,2025-12-13 17:36:00,Randonnée,7733.0,2025-12-13 18:53:30,Nouveau sentier découvert.
3663,45221,2025-12-14 08:56:00,Randonnée,18116.0,2025-12-14 12:12:03,Très beau parcours.
3664,45221,2025-12-16 07:13:00,Randonnée,19311.0,2025-12-16 13:20:29,Nouveau sentier découvert.
3665,45221,2025-12-19 19:57:00,Randonnée,21712.0,2025-12-19 23:52:27,
3666,45221,2025-12-21 18:42:00,Randonnée,4898.0,2025-12-21 19:42:04,Une randonnée à refaire.
3667,45221,2025-12-22 07:54:00,Randonnée,21883.0,2025-12-22 11:39:10,
3668,45221,2025-12-24 08:23:00,Randonnée,24159.0,2025-12-24 13:30:27,Nouveau sentier découvert.
3669,45221,2025-12-28 07:46:00,Randonnée,21612.0,2025-12-28 12:33:28,Une randonnée à refaire.
3670,45221,2025-12-31 18:32:00,Randonnée,5000.0,2025-12-31 19:27:05,
3671,45221,2026-01-03 17:59:00,Randonnée,17074.0,2026-01-03 20:59:17,Une randonnée à refaire.
3672,45221,2026-01-04 17:32:00,Randonnée,11639.0,2026-01-04 20:00:10,Nouveau sentier découvert.
3673,45221,2026-01-05 17:23:00,Randonnée,18341.0,2026-01-05 20:32:49,Très beau parcours.
3674,45221,2026-01-07 07:51:00,Randonnée,4841.0,2026-01-07 09:07:52,
3675,45221,2026-01-09 12:30:00,Randonnée,14492.0,2026-01-09 15:46:44,
3676,45221,2026-01-10 19:53:00,Randonnée,9892.0,2026-01-10 21:40:24,Nouveau sentier découvert.
3677,45221,2026-01-11 19:41:00,Randonnée,6753.0,2026-01-11 20:50:50,Nouveau sentier découvert.
3678,45221,2026-01-13 18:52:00,Randonnée,23347.0,2026-01-14 00:59:33,Très beau parcours.
3679,45221,2026-01-14 17:42:00,Randonnée,17876.0,2026-01-14 21:31:14,Très beau parcours.
3680,45221,2026-01-15 12:46:00,Randonnée,16848.0,2026-01-15 16:19:27,Nouveau sentier découvert.
3681,45221,2026-01-17 18:40:00,Randonnée,5639.0,2026-01-17 20:09:00,Une randonnée à refaire.
3682,45221,2026-01-18 19:05:00,Randonnée,23037.0,2026-01-19 00:28:40,Une randonnée à refaire.
3683,45221,2026-01-20 12:02:00,Randonnée,20199.0,2026-01-20 15:34:40,Très beau parcours.
3684,45221,2026-01-23 08:31:00,Randonnée,13309.0,2026-01-23 11:09:59,Très beau parcours.
3685,45221,2026-01-25 19:59:00,Randonnée,19081.0,2026-01-26 00:00:22,Nouveau sentier découvert.
3686,45221,2026-01-27 08:18:00,Randonnée,24971.0,2026-01-27 16:15:50,Nouveau sentier découvert.
3687,45221,2026-01-28 18:40:00,Randonnée,13274.0,2026-01-28 21:04:40,Nouveau sentier découvert.
3688,45221,2026-01-30 12:34:00,Randonnée,12147.0,2026-01-30 14:55:13,Nouveau sentier découvert.
3689,45221,2026-02-03 09:09:00,Randonnée,6122.0,2026-02-03 10:33:48,Très beau parcours.
3690,45221,2026-02-04 17:21:00,Randonnée,7349.0,2026-02-04 19:07:03,Très beau parcours.
3691,45221,2026-02-05 09:37:00,Randonnée,11967.0,2026-02-05 11:48:06,Nouveau sentier découvert.
3692,45221,2026-02-08 17:36:00,Randonnée,11274.0,2026-02-08 20:34:07,Nouveau sentier découvert.
3693,45221,2026-02-09 17:44:00,Randonnée,20443.0,2026-02-09 23:16:58,
3694,45221,2026-02-12 12:08:00,Randonnée,12471.0,2026-02-12 15:06:46,Très beau parcours.
3695,45221,2026-02-14 19:33:00,Randonnée,18587.0,2026-02-14 23:25:03,
3696,45221,2026-02-15 09:04:00,Randonnée,11027.0,2026-02-15 10:54:20,
3697,45221,2026-02-19 17:57:00,Randonnée,12135.0,2026-02-19 20:55:45,Très beau parcours.
3698,45221,2026-02-20 19:55:00,Randonnée,10703.0,2026-02-20 21:59:50,
3699,45221,2026-02-21 08:13:00,Randonnée,19568.0,2026-02-21 12:00:34,
3700,45221,2026-02-22 09:35:00,Randonnée,20745.0,2026-02-22 15:54:07,Une randonnée à refaire.
3701,45221,2026-02-23 19:53:00,Randonnée,4718.0,2026-02-23 20:42:24,Une randonnée à refaire.
3702,45221,2026-02-24 09:48:00,Randonnée,13898.0,2026-02-24 12:53:51,Une randonnée à refaire.
3703,45221,2026-02-28 07:39:00,Randonnée,7190.0,2026-02-28 09:19:38,
3704,45221,2026-03-03 07:50:00,Randonnée,22586.0,2026-03-03 13:08:55,
3705,45221,2026-03-06 12:48:00,Randonnée,19867.0,2026-03-06 16:17:30,
3706,45221,2026-03-07 19:33:00,Randonnée,8154.0,2026-03-07 21:08:55,
3707,45221,2026-03-08 19:35:00,Randonnée,8766.0,2026-03-08 22:14:50,
3708,45221,2026-03-09 12:17:00,Randonnée,17556.0,2026-03-09 16:08:28,
3709,45221,2026-03-11 19:14:00,Randonnée,14697.0,2026-03-11 22:15:10,Nouveau sentier découvert.
3710,45221,2026-03-12 18:24:00,Randonnée,12684.0,2026-03-12 21:08:06,Très beau parcours.
3711,45221,2026-03-13 18:37:00,Randonnée,16970.0,2026-03-13 21:57:04,Nouveau sentier découvert.
3712,45221,2026-03-17 18:57:00,Randonnée,6958.0,2026-03-17 20:41:51,Une randonnée à refaire.
3713,45221,2026-03-18 09:51:00,Randonnée,5615.0,2026-03-18 11:32:07,Très beau parcours.
3714,45221,2026-03-19 18:38:00,Randonnée,9917.0,2026-03-19 21:45:22,Nouveau sentier découvert.
3715,45221,2026-03-21 09:15:00,Randonnée,16500.0,2026-03-21 12:09:41,
3716,45221,2026-03-22 12:43:00,Randonnée,6027.0,2026-03-22 14:21:14,Nouveau sentier découvert.
3717,45221,2026-03-25 08:26:00,Randonnée,14301.0,2026-03-25 12:15:05,Très beau parcours.
3718,45221,2026-03-27 07:32:00,Randonnée,22981.0,2026-03-27 13:36:48,Une randonnée à refaire.
3719,45221,2026-03-28 17:03:00,Randonnée,16418.0,2026-03-28 20:44:03,
3720,45221,2026-04-02 09:51:00,Randonnée,8452.0,2026-04-02 12:01:10,Une randonnée à refaire.
3721,45221,2026-04-03 08:03:00,Randonnée,13611.0,2026-04-03 10:24:45,Nouveau sentier découvert.
3722,45221,2026-04-04 18:55:00,Randonnée,12977.0,2026-04-04 21:20:22,Nouveau sentier découvert.
3723,45221,2026-04-05 19:27:00,Randonnée,12589.0,2026-04-05 23:03:43,Une randonnée à refaire.
3724,45221,2026-04-07 09:27:00,Randonnée,15933.0,2026-04-07 13:00:52,Nouveau sentier découvert.
3725,45221,2026-04-08 09:34:00,Randonnée,4956.0,2026-04-08 10:37:05,Une randonnée à refaire.
3726,45221,2026-04-11 19:20:00,Randonnée,11232.0,2026-04-11 22:28:25,
3727,45221,2026-04-13 19:25:00,Randonnée,16493.0,2026-04-13 22:29:58,Très beau parcours.
3728,45221,2026-04-14 19:26:00,Randonnée,15026.0,2026-04-14 22:22:43,
3729,45221,2026-04-16 07:25:00,Randonnée,24729.0,2026-04-16 13:35:45,Une randonnée à refaire.
3730,45221,2026-04-18 08:59:00,Randonnée,5759.0,2026-04-18 10:53:08,Nouveau sentier découvert.
3731,45221,2026-04-19 08:09:00,Randonnée,13637.0,2026-04-19 11:59:56,Nouveau sentier découvert.
3732,45221,2026-04-20 12:56:00,Randonnée,19675.0,2026-04-20 16:48:18,Nouveau sentier découvert.
3733,45221,2026-04-25 09:25:00,Randonnée,8401.0,2026-04-25 11:00:16,
3734,45221,2026-04-26 09:45:00,Randonnée,7274.0,2026-04-26 11:58:11,Une randonnée à refaire.
3735,45221,2026-04-27 17:51:00,Randonnée,20943.0,2026-04-27 22:06:30,
3736,45221,2026-05-01 07:48:00,Randonnée,21591.0,2026-05-01 14:53:26,Nouveau sentier découvert.
3737,45221,2026-05-02 17:33:00,Randonnée,16978.0,2026-05-02 21:22:15,Nouveau sentier découvert.
3738,45221,2026-05-03 17:56:00,Randonnée,15742.0,2026-05-03 21:34:01,
3739,45221,2026-05-04 19:17:00,Randonnée,18618.0,2026-05-05 00:45:06,Nouveau sentier découvert.
3740,45221,2026-05-05 19:16:00,Randonnée,9377.0,2026-05-05 21:10:27,Nouveau sentier découvert.
3741,45221,2026-05-08 07:09:00,Randonnée,7634.0,2026-05-08 08:28:32,
3742,45221,2026-05-09 08:33:00,Randonnée,12232.0,2026-05-09 11:52:05,Nouveau sentier découvert.
3743,45221,2026-05-11 19:48:00,Randonnée,21442.0,2026-05-12 02:37:10,Une randonnée à refaire.
3744,45221,2026-05-12 19:40:00,Randonnée,9531.0,2026-05-12 21:59:17,Une randonnée à refaire.
3745,45221,2026-05-13 17:11:00,Randonnée,14150.0,2026-05-13 21:21:54,Très beau parcours.
3746,45221,2026-05-15 17:20:00,Randonnée,12297.0,2026-05-15 20:20:34,Une randonnée à refaire.
3747,45221,2026-05-17 09:19:00,Randonnée,16039.0,2026-05-17 13:28:36,Nouveau sentier découvert.
3748,45221,2026-05-20 09:47:00,Randonnée,8772.0,2026-05-20 11:20:49,
3749,45221,2026-05-22 07:08:00,Randonnée,10342.0,2026-05-22 10:07:13,Nouveau sentier découvert.
3750,45221,2026-05-27 18:39:00,Randonnée,6780.0,2026-05-27 20:12:28,Nouveau sentier découvert.
3751,45221,2026-05-28 19:13:00,Randonnée,11959.0,2026-05-28 21:36:42,Très beau parcours.
3752,45221,2026-05-29 12:10:00,Randonnée,5006.0,2026-05-29 13:34:01,Nouveau sentier découvert.
3753,45221,2026-05-30 18:10:00,Randonnée,6384.0,2026-05-30 19:17:17,Une randonnée à refaire.
3754,45221,2026-05-31 17:50:00,Randonnée,16682.0,2026-05-31 20:40:01,
3755,45221,2026-06-03 09:21:00,Randonnée,24818.0,2026-06-03 16:16:35,Nouveau sentier découvert.
3756,45221,2026-06-04 17:50:00,Randonnée,11521.0,2026-06-04 20:43:54,Très beau parcours.
3757,45221,2026-06-05 09:39:00,Randonnée,11518.0,2026-06-05 12:32:04,Très beau parcours.
3758,45221,2026-06-06 09:00:00,Randonnée,5171.0,2026-06-06 09:55:40,
3759,45221,2026-06-07 17:18:00,Randonnée,20848.0,2026-06-07 20:56:53,Nouveau sentier découvert.
3760,45221,2026-06-08 09:11:00,Randonnée,13137.0,2026-06-08 12:40:30,Une randonnée à refaire.
3761,45221,2026-06-10 09:16:00,Randonnée,18008.0,2026-06-10 14:57:52,Très beau parcours.
3762,45221,2026-06-11 19:34:00,Randonnée,15849.0,2026-06-11 22:41:44,Nouveau sentier découvert.
3763,45221,2026-06-12 17:39:00,Randonnée,11125.0,2026-06-12 20:12:25,
3764,45221,2026-06-16 08:41:00,Randonnée,23521.0,2026-06-16 15:39:46,Nouveau sentier découvert.
3765,45221,2026-06-19 17:32:00,Randonnée,12370.0,2026-06-19 19:44:00,Nouveau sentier découvert.
3766,45221,2026-06-20 19:39:00,Randonnée,22608.0,2026-06-21 00:25:18,Très beau parcours.
3767,45221,2026-06-21 17:44:00,Randonnée,8353.0,2026-06-21 19:14:55,
3768,45221,2026-06-22 09:53:00,Randonnée,18726.0,2026-06-22 13:35:48,Une randonnée à refaire.
3769,45221,2026-06-23 12:14:00,Randonnée,5193.0,2026-06-23 13:11:22,Nouveau sentier découvert.
3770,45221,2026-06-25 18:16:00,Randonnée,9735.0,2026-06-25 20:49:34,Très beau parcours.
3771,45221,2026-06-27 19:35:00,Randonnée,11418.0,2026-06-27 21:58:24,Très beau parcours.
3772,45221,2026-06-28 07:41:00,Randonnée,22012.0,2026-06-28 12:34:30,Nouveau sentier découvert.
3773,45221,2026-06-29 19:10:00,Randonnée,22565.0,2026-06-30 01:22:57,Très beau parcours.
3774,45221,2026-07-01 17:55:00,Randonnée,20865.0,2026-07-01 21:31:52,Très beau parcours.
3775,45221,2026-07-02 08:09:00,Randonnée,7969.0,2026-07-02 10:41:33,
3776,45221,2026-07-04 07:11:00,Randonnée,11537.0,2026-07-04 10:27:15,
3777,45221,2026-07-05 12:29:00,Randonnée,18220.0,2026-07-05 16:53:10,
3778,45221,2026-07-09 07:32:00,Randonnée,24689.0,2026-07-09 12:41:13,Nouveau sentier découvert.
3779,45221,2026-07-10 18:24:00,Randonnée,7987.0,2026-07-10 21:01:58,
3780,45221,2026-07-12 09:03:00,Randonnée,11708.0,2026-07-12 11:06:23,Une randonnée à refaire.
3781,45221,2026-07-13 09:41:00,Randonnée,11994.0,2026-07-13 12:07:10,
3782,45221,2026-07-14 17:32:00,Randonnée,5552.0,2026-07-14 18:34:10,Une randonnée à refaire.
3783,45221,2026-07-15 12:50:00,Randonnée,22033.0,2026-07-15 17:18:27,Très beau parcours.
3784,45221,2026-07-19 19:37:00,Randonnée,14367.0,2026-07-19 22:13:50,
3785,45221,2026-07-20 07:00:00,Randonnée,10506.0,2026-07-20 09:01:13,
3786,86948,2025-07-20 09:52:00,Tennis,,2025-07-20 11:12:00,Entraînement terminé.
3787,86948,2025-07-21 18:37:00,Tennis,,2025-07-21 20:10:00,Très bonnes sensations.
3788,86948,2025-07-29 07:57:00,Tennis,,2025-07-29 08:47:00,Très bonnes sensations.
3789,86948,2025-08-06 12:17:00,Tennis,,2025-08-06 13:13:00,
3790,86948,2025-08-08 07:57:00,Tennis,,2025-08-08 09:32:00,Entraînement terminé.
3791,86948,2025-08-10 18:05:00,Tennis,,2025-08-10 19:18:00,Entraînement terminé.
3792,86948,2025-08-16 07:51:00,Tennis,,2025-08-16 09:33:00,Entraînement terminé.
3793,86948,2025-08-20 17:52:00,Tennis,,2025-08-20 19:52:00,Entraînement terminé.
3794,86948,2025-08-24 17:00:00,Tennis,,2025-08-24 18:32:00,Bonne séance.
3795,86948,2025-08-27 12:26:00,Tennis,,2025-08-27 14:21:00,Bonne séance.
3796,86948,2025-08-28 09:35:00,Tennis,,2025-08-28 10:38:00,Très bonnes sensations.
3797,86948,2025-09-04 17:25:00,Tennis,,2025-09-04 18:30:00,Très bonnes sensations.
3798,86948,2025-09-05 17:29:00,Tennis,,2025-09-05 18:15:00,Bonne séance.
3799,86948,2025-09-06 17:27:00,Tennis,,2025-09-06 19:23:00,
3800,86948,2025-09-11 18:41:00,Tennis,,2025-09-11 20:28:00,
3801,86948,2025-09-12 09:01:00,Tennis,,2025-09-12 10:33:00,Très bonnes sensations.
3802,86948,2025-09-16 12:54:00,Tennis,,2025-09-16 13:48:00,Très bonnes sensations.
3803,86948,2025-09-21 17:15:00,Tennis,,2025-09-21 18:16:00,
3804,86948,2025-09-26 07:08:00,Tennis,,2025-09-26 08:48:00,Entraînement terminé.
3805,86948,2025-10-03 17:36:00,Tennis,,2025-10-03 19:32:00,Bonne séance.
3806,86948,2025-10-04 12:00:00,Tennis,,2025-10-04 13:23:00,
3807,86948,2025-10-05 09:59:00,Tennis,,2025-10-05 11:01:00,
3808,86948,2025-10-09 19:29:00,Tennis,,2025-10-09 21:00:00,Entraînement terminé.
3809,86948,2025-10-11 17:20:00,Tennis,,2025-10-11 18:20:00,Très bonnes sensations.
3810,86948,2025-10-14 18:05:00,Tennis,,2025-10-14 19:07:00,Très bonnes sensations.
3811,86948,2025-10-15 09:24:00,Tennis,,2025-10-15 10:32:00,
3812,86948,2025-10-23 18:51:00,Tennis,,2025-10-23 20:46:00,Bonne séance.
3813,86948,2025-10-26 18:37:00,Tennis,,2025-10-26 20:13:00,Bonne séance.
3814,86948,2025-10-30 12:17:00,Tennis,,2025-10-30 13:24:00,Bonne séance.
3815,86948,2025-11-06 12:21:00,Tennis,,2025-11-06 14:11:00,
3816,86948,2025-11-09 09:46:00,Tennis,,2025-11-09 11:17:00,Entraînement terminé.
3817,86948,2025-11-14 08:06:00,Tennis,,2025-11-14 10:01:00,Entraînement terminé.
3818,86948,2025-11-18 19:53:00,Tennis,,2025-11-18 20:43:00,Entraînement terminé.
3819,86948,2025-11-19 12:49:00,Tennis,,2025-11-19 14:38:00,Bonne séance.
3820,86948,2025-11-22 07:54:00,Tennis,,2025-11-22 09:52:00,Bonne séance.
3821,86948,2025-11-29 19:23:00,Tennis,,2025-11-29 21:11:00,
3822,86948,2025-11-30 07:40:00,Tennis,,2025-11-30 09:16:00,Bonne séance.
3823,86948,2025-12-04 18:57:00,Tennis,,2025-12-04 20:25:00,Très bonnes sensations.
3824,86948,2025-12-05 09:03:00,Tennis,,2025-12-05 10:46:00,Bonne séance.
3825,86948,2025-12-13 08:17:00,Tennis,,2025-12-13 10:02:00,Bonne séance.
3826,86948,2025-12-15 09:56:00,Tennis,,2025-12-15 11:16:00,
3827,86948,2025-12-18 07:05:00,Tennis,,2025-12-18 08:52:00,Bonne séance.
3828,86948,2025-12-19 08:44:00,Tennis,,2025-12-19 10:02:00,Très bonnes sensations.
3829,86948,2025-12-21 08:26:00,Tennis,,2025-12-21 09:20:00,Très bonnes sensations.
3830,86948,2025-12-28 12:04:00,Tennis,,2025-12-28 12:56:00,Entraînement terminé.
3831,86948,2025-12-30 17:41:00,Tennis,,2025-12-30 18:33:00,
3832,86948,2026-01-03 07:36:00,Tennis,,2026-01-03 09:08:00,
3833,86948,2026-01-04 19:42:00,Tennis,,2026-01-04 20:38:00,Entraînement terminé.
3834,86948,2026-01-05 08:27:00,Tennis,,2026-01-05 09:22:00,
3835,86948,2026-01-07 18:23:00,Tennis,,2026-01-07 19:37:00,Très bonnes sensations.
3836,86948,2026-01-17 17:08:00,Tennis,,2026-01-17 18:18:00,
3837,86948,2026-01-21 07:51:00,Tennis,,2026-01-21 09:31:00,Entraînement terminé.
3838,86948,2026-01-25 09:57:00,Tennis,,2026-01-25 10:53:00,Entraînement terminé.
3839,86948,2026-01-28 17:45:00,Tennis,,2026-01-28 19:11:00,Entraînement terminé.
3840,86948,2026-01-31 08:51:00,Tennis,,2026-01-31 09:54:00,Très bonnes sensations.
3841,86948,2026-02-05 17:13:00,Tennis,,2026-02-05 18:50:00,Entraînement terminé.
3842,86948,2026-02-07 08:38:00,Tennis,,2026-02-07 09:55:00,Entraînement terminé.
3843,86948,2026-02-08 12:53:00,Tennis,,2026-02-08 13:49:00,Bonne séance.
3844,86948,2026-02-14 12:12:00,Tennis,,2026-02-14 13:36:00,
3845,86948,2026-02-21 18:49:00,Tennis,,2026-02-21 19:43:00,
3846,86948,2026-02-22 08:22:00,Tennis,,2026-02-22 10:18:00,Très bonnes sensations.
3847,86948,2026-02-24 08:43:00,Tennis,,2026-02-24 09:51:00,
3848,86948,2026-03-02 19:50:00,Tennis,,2026-03-02 21:21:00,Très bonnes sensations.
3849,86948,2026-03-03 09:33:00,Tennis,,2026-03-03 10:48:00,Entraînement terminé.
3850,86948,2026-03-11 17:03:00,Tennis,,2026-03-11 18:39:00,Entraînement terminé.
3851,86948,2026-03-15 12:12:00,Tennis,,2026-03-15 14:12:00,Bonne séance.
3852,86948,2026-03-18 18:16:00,Tennis,,2026-03-18 19:39:00,Bonne séance.
3853,86948,2026-03-21 17:19:00,Tennis,,2026-03-21 18:26:00,Entraînement terminé.
3854,86948,2026-03-25 19:58:00,Tennis,,2026-03-25 21:21:00,Très bonnes sensations.
3855,86948,2026-04-02 07:21:00,Tennis,,2026-04-02 08:48:00,
3856,86948,2026-04-08 09:45:00,Tennis,,2026-04-08 10:36:00,Très bonnes sensations.
3857,86948,2026-04-11 09:28:00,Tennis,,2026-04-11 10:55:00,Entraînement terminé.
3858,86948,2026-04-14 12:10:00,Tennis,,2026-04-14 13:21:00,Bonne séance.
3859,86948,2026-04-19 07:34:00,Tennis,,2026-04-19 09:01:00,Entraînement terminé.
3860,86948,2026-04-23 07:02:00,Tennis,,2026-04-23 08:50:00,Entraînement terminé.
3861,86948,2026-04-25 18:01:00,Tennis,,2026-04-25 18:59:00,Bonne séance.
3862,86948,2026-04-26 07:29:00,Tennis,,2026-04-26 09:18:00,Très bonnes sensations.
3863,86948,2026-05-07 18:01:00,Tennis,,2026-05-07 19:04:00,Entraînement terminé.
3864,86948,2026-05-13 18:24:00,Tennis,,2026-05-13 19:15:00,Bonne séance.
3865,86948,2026-05-15 08:40:00,Tennis,,2026-05-15 09:28:00,Très bonnes sensations.
3866,86948,2026-05-18 09:52:00,Tennis,,2026-05-18 11:11:00,
3867,86948,2026-05-19 18:11:00,Tennis,,2026-05-19 18:56:00,
3868,86948,2026-05-21 18:08:00,Tennis,,2026-05-21 19:16:00,Très bonnes sensations.
3869,86948,2026-05-28 09:55:00,Tennis,,2026-05-28 10:47:00,
3870,86948,2026-05-30 08:55:00,Tennis,,2026-05-30 10:33:00,
3871,86948,2026-06-02 07:21:00,Tennis,,2026-06-02 08:33:00,Bonne séance.
3872,86948,2026-06-12 18:43:00,Tennis,,2026-06-12 20:43:00,Entraînement terminé.
3873,86948,2026-06-13 12:40:00,Tennis,,2026-06-13 14:08:00,
3874,86948,2026-06-14 19:31:00,Tennis,,2026-06-14 20:28:00,Très bonnes sensations.
3875,86948,2026-06-16 18:12:00,Tennis,,2026-06-16 19:13:00,Très bonnes sensations.
3876,86948,2026-06-21 18:47:00,Tennis,,2026-06-21 20:47:00,Entraînement terminé.
3877,86948,2026-06-23 18:01:00,Tennis,,2026-06-23 19:15:00,
3878,86948,2026-06-25 07:00:00,Tennis,,2026-06-25 08:35:00,Entraînement terminé.
3879,86948,2026-06-29 19:46:00,Tennis,,2026-06-29 20:32:00,Bonne séance.
3880,86948,2026-06-30 18:57:00,Tennis,,2026-06-30 20:56:00,
3881,86948,2026-07-02 07:17:00,Tennis,,2026-07-02 08:46:00,Bonne séance.
3882,86948,2026-07-06 12:02:00,Tennis,,2026-07-06 13:51:00,Entraînement terminé.
3883,86948,2026-07-12 17:19:00,Tennis,,2026-07-12 18:16:00,Bonne séance.
3884,86948,2026-07-19 17:22:00,Tennis,,2026-07-19 18:51:00,Bonne séance.
3885,86948,2026-07-20 09:43:00,Tennis,,2026-07-20 11:40:00,Entraînement terminé.
3886,34899,2025-07-23 07:02:00,Football,,2025-07-23 08:05:00,Très bonnes sensations.
3887,34899,2025-07-31 17:00:00,Football,,2025-07-31 18:41:00,
3888,34899,2025-08-07 12:58:00,Football,,2025-08-07 14:33:00,
3889,34899,2025-08-22 12:30:00,Football,,2025-08-22 13:46:00,
3890,34899,2025-09-04 09:44:00,Football,,2025-09-04 11:27:00,Bonne séance.
3891,34899,2025-09-23 17:44:00,Football,,2025-09-23 19:07:00,Bonne séance.
3892,34899,2025-10-15 12:24:00,Football,,2025-10-15 14:12:00,Bonne séance.
3893,34899,2025-10-21 07:13:00,Football,,2025-10-21 08:23:00,Entraînement terminé.
3894,34899,2025-11-10 12:20:00,Football,,2025-11-10 13:36:00,Bonne séance.
3895,34899,2025-11-17 09:06:00,Football,,2025-11-17 10:35:00,Entraînement terminé.
3896,34899,2026-01-06 19:06:00,Football,,2026-01-06 20:10:00,
3897,34899,2026-01-31 18:02:00,Football,,2026-01-31 19:24:00,Bonne séance.
3898,34899,2026-02-12 09:15:00,Football,,2026-02-12 10:15:00,Bonne séance.
3899,34899,2026-03-04 12:14:00,Football,,2026-03-04 14:04:00,Bonne séance.
3900,34899,2026-03-20 09:59:00,Football,,2026-03-20 11:28:00,Entraînement terminé.
3901,34899,2026-03-24 19:36:00,Football,,2026-03-24 20:47:00,
3902,34899,2026-04-07 08:25:00,Football,,2026-04-07 09:27:00,Bonne séance.
3903,34899,2026-04-24 19:56:00,Football,,2026-04-24 21:07:00,
3904,34899,2026-05-05 09:33:00,Football,,2026-05-05 10:44:00,
3905,34899,2026-05-13 12:56:00,Football,,2026-05-13 13:57:00,Bonne séance.
3906,34899,2026-05-24 07:51:00,Football,,2026-05-24 09:13:00,Bonne séance.
3907,34899,2026-07-03 08:06:00,Football,,2026-07-03 09:47:00,Bonne séance.
3908,34899,2026-07-16 19:07:00,Football,,2026-07-16 20:40:00,Très bonnes sensations.
3909,36827,2025-07-20 19:07:00,Tennis,,2025-07-20 20:56:00,Très bonnes sensations.
3910,36827,2025-07-23 08:34:00,Tennis,,2025-07-23 10:06:00,Entraînement terminé.
3911,36827,2025-07-26 17:35:00,Tennis,,2025-07-26 18:30:00,Entraînement terminé.
3912,36827,2025-07-30 08:45:00,Tennis,,2025-07-30 09:42:00,Très bonnes sensations.
3913,36827,2025-08-01 17:33:00,Tennis,,2025-08-01 18:23:00,
3914,36827,2025-08-02 19:49:00,Tennis,,2025-08-02 21:17:00,Bonne séance.
3915,36827,2025-08-07 17:54:00,Tennis,,2025-08-07 19:06:00,
3916,36827,2025-08-08 17:24:00,Tennis,,2025-08-08 18:28:00,Très bonnes sensations.
3917,36827,2025-08-16 17:17:00,Tennis,,2025-08-16 18:44:00,Entraînement terminé.
3918,36827,2025-08-22 07:32:00,Tennis,,2025-08-22 08:34:00,Bonne séance.
3919,36827,2025-08-25 07:03:00,Tennis,,2025-08-25 08:10:00,Bonne séance.
3920,36827,2025-08-27 17:18:00,Tennis,,2025-08-27 19:11:00,Bonne séance.
3921,36827,2025-08-30 18:59:00,Tennis,,2025-08-30 20:13:00,Bonne séance.
3922,36827,2025-08-31 07:17:00,Tennis,,2025-08-31 08:37:00,Très bonnes sensations.
3923,36827,2025-09-01 09:41:00,Tennis,,2025-09-01 10:53:00,Bonne séance.
3924,36827,2025-09-02 18:55:00,Tennis,,2025-09-02 20:47:00,
3925,36827,2025-09-10 09:36:00,Tennis,,2025-09-10 10:46:00,
3926,36827,2025-09-14 08:02:00,Tennis,,2025-09-14 09:13:00,
3927,36827,2025-09-15 09:59:00,Tennis,,2025-09-15 11:03:00,Bonne séance.
3928,36827,2025-09-19 19:08:00,Tennis,,2025-09-19 20:09:00,Très bonnes sensations.
3929,36827,2025-09-22 18:56:00,Tennis,,2025-09-22 19:54:00,Bonne séance.
3930,36827,2025-09-23 09:45:00,Tennis,,2025-09-23 10:54:00,
3931,36827,2025-10-02 07:26:00,Tennis,,2025-10-02 08:53:00,
3932,36827,2025-10-07 08:00:00,Tennis,,2025-10-07 08:52:00,Entraînement terminé.
3933,36827,2025-10-08 18:50:00,Tennis,,2025-10-08 20:04:00,Très bonnes sensations.
3934,36827,2025-10-14 12:57:00,Tennis,,2025-10-14 14:56:00,
3935,36827,2025-10-15 17:34:00,Tennis,,2025-10-15 18:47:00,Bonne séance.
3936,36827,2025-10-24 07:41:00,Tennis,,2025-10-24 08:46:00,
3937,36827,2025-10-31 18:04:00,Tennis,,2025-10-31 19:49:00,Entraînement terminé.
3938,36827,2025-11-01 12:55:00,Tennis,,2025-11-01 13:45:00,Bonne séance.
3939,36827,2025-11-03 07:50:00,Tennis,,2025-11-03 08:38:00,Entraînement terminé.
3940,36827,2025-11-06 08:53:00,Tennis,,2025-11-06 10:47:00,Entraînement terminé.
3941,36827,2025-11-07 07:39:00,Tennis,,2025-11-07 09:13:00,Très bonnes sensations.
3942,36827,2025-11-10 17:05:00,Tennis,,2025-11-10 18:15:00,
3943,36827,2025-11-16 17:03:00,Tennis,,2025-11-16 18:34:00,Très bonnes sensations.
3944,36827,2025-11-19 17:56:00,Tennis,,2025-11-19 19:28:00,Très bonnes sensations.
3945,36827,2025-11-23 12:14:00,Tennis,,2025-11-23 13:49:00,Bonne séance.
3946,36827,2025-11-26 07:36:00,Tennis,,2025-11-26 09:26:00,Très bonnes sensations.
3947,36827,2025-11-30 09:37:00,Tennis,,2025-11-30 10:58:00,Entraînement terminé.
3948,36827,2025-12-02 09:41:00,Tennis,,2025-12-02 10:30:00,Très bonnes sensations.
3949,36827,2025-12-08 18:19:00,Tennis,,2025-12-08 19:28:00,Bonne séance.
3950,36827,2025-12-10 17:26:00,Tennis,,2025-12-10 18:55:00,
3951,36827,2025-12-18 12:10:00,Tennis,,2025-12-18 13:53:00,Bonne séance.
3952,36827,2025-12-19 08:54:00,Tennis,,2025-12-19 10:00:00,Très bonnes sensations.
3953,36827,2025-12-24 19:07:00,Tennis,,2025-12-24 20:03:00,Entraînement terminé.
3954,36827,2025-12-30 08:50:00,Tennis,,2025-12-30 10:27:00,Bonne séance.
3955,36827,2026-01-06 18:20:00,Tennis,,2026-01-06 19:39:00,Bonne séance.
3956,36827,2026-01-08 07:43:00,Tennis,,2026-01-08 09:33:00,
3957,36827,2026-01-09 17:47:00,Tennis,,2026-01-09 19:35:00,
3958,36827,2026-01-12 18:15:00,Tennis,,2026-01-12 19:39:00,
3959,36827,2026-01-14 18:38:00,Tennis,,2026-01-14 20:36:00,Très bonnes sensations.
3960,36827,2026-01-15 09:14:00,Tennis,,2026-01-15 10:24:00,Entraînement terminé.
3961,36827,2026-01-19 18:18:00,Tennis,,2026-01-19 20:01:00,Bonne séance.
3962,36827,2026-01-25 09:34:00,Tennis,,2026-01-25 10:49:00,Bonne séance.
3963,36827,2026-01-30 08:16:00,Tennis,,2026-01-30 09:26:00,
3964,36827,2026-02-01 18:53:00,Tennis,,2026-02-01 20:24:00,Très bonnes sensations.
3965,36827,2026-02-02 12:01:00,Tennis,,2026-02-02 13:33:00,Entraînement terminé.
3966,36827,2026-02-06 09:55:00,Tennis,,2026-02-06 11:39:00,Très bonnes sensations.
3967,36827,2026-02-10 12:21:00,Tennis,,2026-02-10 14:04:00,Très bonnes sensations.
3968,36827,2026-02-12 17:45:00,Tennis,,2026-02-12 19:04:00,Entraînement terminé.
3969,36827,2026-02-13 08:23:00,Tennis,,2026-02-13 09:38:00,Très bonnes sensations.
3970,36827,2026-02-18 19:17:00,Tennis,,2026-02-18 20:52:00,Très bonnes sensations.
3971,36827,2026-02-19 18:38:00,Tennis,,2026-02-19 20:27:00,Très bonnes sensations.
3972,36827,2026-02-25 08:57:00,Tennis,,2026-02-25 10:17:00,Bonne séance.
3973,36827,2026-03-02 09:18:00,Tennis,,2026-03-02 10:50:00,
3974,36827,2026-03-08 09:59:00,Tennis,,2026-03-08 11:23:00,
3975,36827,2026-03-12 19:21:00,Tennis,,2026-03-12 20:29:00,Très bonnes sensations.
3976,36827,2026-03-13 17:09:00,Tennis,,2026-03-13 18:35:00,Entraînement terminé.
3977,36827,2026-03-17 19:28:00,Tennis,,2026-03-17 20:36:00,
3978,36827,2026-03-18 19:59:00,Tennis,,2026-03-18 21:14:00,
3979,36827,2026-03-21 12:55:00,Tennis,,2026-03-21 14:15:00,Bonne séance.
3980,36827,2026-03-24 19:45:00,Tennis,,2026-03-24 21:45:00,
3981,36827,2026-03-30 07:59:00,Tennis,,2026-03-30 09:20:00,
3982,36827,2026-04-01 18:16:00,Tennis,,2026-04-01 20:10:00,Bonne séance.
3983,36827,2026-04-11 08:26:00,Tennis,,2026-04-11 09:25:00,Entraînement terminé.
3984,36827,2026-04-13 18:51:00,Tennis,,2026-04-13 19:43:00,Très bonnes sensations.
3985,36827,2026-04-14 17:26:00,Tennis,,2026-04-14 18:39:00,Très bonnes sensations.
3986,36827,2026-04-19 18:57:00,Tennis,,2026-04-19 19:44:00,
3987,36827,2026-04-26 12:33:00,Tennis,,2026-04-26 14:03:00,Bonne séance.
3988,36827,2026-05-01 08:59:00,Tennis,,2026-05-01 09:59:00,
3989,36827,2026-05-02 09:46:00,Tennis,,2026-05-02 11:41:00,Très bonnes sensations.
3990,36827,2026-05-07 09:20:00,Tennis,,2026-05-07 10:25:00,Bonne séance.
3991,36827,2026-05-15 09:47:00,Tennis,,2026-05-15 10:54:00,Très bonnes sensations.
3992,36827,2026-05-16 17:51:00,Tennis,,2026-05-16 19:34:00,Entraînement terminé.
3993,36827,2026-05-22 18:56:00,Tennis,,2026-05-22 20:44:00,
3994,36827,2026-05-23 07:31:00,Tennis,,2026-05-23 08:40:00,Bonne séance.
3995,36827,2026-05-24 18:33:00,Tennis,,2026-05-24 20:10:00,Entraînement terminé.
3996,36827,2026-05-29 18:52:00,Tennis,,2026-05-29 19:55:00,Bonne séance.
3997,36827,2026-05-30 12:29:00,Tennis,,2026-05-30 14:11:00,Bonne séance.
3998,36827,2026-06-02 12:12:00,Tennis,,2026-06-02 13:21:00,Très bonnes sensations.
3999,36827,2026-06-03 07:07:00,Tennis,,2026-06-03 08:27:00,
4000,36827,2026-06-06 18:52:00,Tennis,,2026-06-06 19:42:00,Entraînement terminé.
4001,36827,2026-06-13 12:59:00,Tennis,,2026-06-13 14:52:00,
4002,36827,2026-06-16 09:41:00,Tennis,,2026-06-16 11:32:00,
4003,36827,2026-06-21 08:30:00,Tennis,,2026-06-21 09:37:00,Bonne séance.
4004,36827,2026-06-30 08:20:00,Tennis,,2026-06-30 10:04:00,Bonne séance.
4005,36827,2026-07-08 07:38:00,Tennis,,2026-07-08 09:01:00,Bonne séance.
4006,36827,2026-07-12 19:25:00,Tennis,,2026-07-12 21:17:00,
4007,36827,2026-07-13 12:10:00,Tennis,,2026-07-13 12:59:00,Bonne séance.
4008,36827,2026-07-17 07:12:00,Tennis,,2026-07-17 08:45:00,Entraînement terminé.
4009,36827,2026-07-19 08:58:00,Tennis,,2026-07-19 09:46:00,Bonne séance.
4010,36827,2026-07-20 17:46:00,Tennis,,2026-07-20 19:33:00,Bonne séance.
4011,34382,2025-07-22 19:57:00,Équitation,,2025-07-22 21:09:00,Bonne séance.
4012,34382,2025-07-24 08:10:00,Équitation,,2025-07-24 09:14:00,Très bonnes sensations.
4013,34382,2025-07-26 08:44:00,Équitation,,2025-07-26 09:53:00,Bonne séance.
4014,34382,2025-07-29 09:54:00,Équitation,,2025-07-29 11:39:00,Bonne séance.
4015,34382,2025-08-04 08:27:00,Équitation,,2025-08-04 10:06:00,
4016,34382,2025-08-09 17:22:00,Équitation,,2025-08-09 18:11:00,Très bonnes sensations.
4017,34382,2025-08-10 17:29:00,Équitation,,2025-08-10 18:19:00,Bonne séance.
4018,34382,2025-08-16 12:38:00,Équitation,,2025-08-16 14:26:00,
4019,34382,2025-08-18 12:02:00,Équitation,,2025-08-18 12:59:00,
4020,34382,2025-08-22 12:07:00,Équitation,,2025-08-22 13:11:00,Très bonnes sensations.
4021,34382,2025-08-23 07:22:00,Équitation,,2025-08-23 09:17:00,Bonne séance.
4022,34382,2025-08-25 18:05:00,Équitation,,2025-08-25 19:53:00,Très bonnes sensations.
4023,34382,2025-08-28 18:48:00,Équitation,,2025-08-28 20:06:00,Entraînement terminé.
4024,34382,2025-08-29 19:25:00,Équitation,,2025-08-29 21:11:00,Bonne séance.
4025,34382,2025-09-02 08:09:00,Équitation,,2025-09-02 09:20:00,Bonne séance.
4026,34382,2025-09-03 18:09:00,Équitation,,2025-09-03 19:12:00,Bonne séance.
4027,34382,2025-09-07 19:38:00,Équitation,,2025-09-07 21:00:00,Entraînement terminé.
4028,34382,2025-09-11 08:22:00,Équitation,,2025-09-11 10:18:00,Bonne séance.
4029,34382,2025-09-12 18:52:00,Équitation,,2025-09-12 20:00:00,Bonne séance.
4030,34382,2025-09-14 12:11:00,Équitation,,2025-09-14 13:39:00,Bonne séance.
4031,34382,2025-09-16 09:41:00,Équitation,,2025-09-16 10:32:00,Très bonnes sensations.
4032,34382,2025-09-17 08:53:00,Équitation,,2025-09-17 10:39:00,Bonne séance.
4033,34382,2025-09-27 18:07:00,Équitation,,2025-09-27 20:00:00,
4034,34382,2025-10-01 19:31:00,Équitation,,2025-10-01 20:51:00,
4035,34382,2025-10-03 19:15:00,Équitation,,2025-10-03 20:00:00,Très bonnes sensations.
4036,34382,2025-10-06 09:49:00,Équitation,,2025-10-06 10:49:00,Entraînement terminé.
4037,34382,2025-10-07 08:00:00,Équitation,,2025-10-07 08:54:00,Bonne séance.
4038,34382,2025-10-09 19:24:00,Équitation,,2025-10-09 20:31:00,Très bonnes sensations.
4039,34382,2025-10-12 18:25:00,Équitation,,2025-10-12 19:39:00,Très bonnes sensations.
4040,34382,2025-10-14 18:23:00,Équitation,,2025-10-14 19:57:00,
4041,34382,2025-10-16 09:46:00,Équitation,,2025-10-16 11:06:00,Très bonnes sensations.
4042,34382,2025-10-21 09:16:00,Équitation,,2025-10-21 11:13:00,
4043,34382,2025-10-31 18:04:00,Équitation,,2025-10-31 19:36:00,
4044,34382,2025-11-04 07:04:00,Équitation,,2025-11-04 09:01:00,Entraînement terminé.
4045,34382,2025-11-07 09:27:00,Équitation,,2025-11-07 10:46:00,
4046,34382,2025-11-09 18:24:00,Équitation,,2025-11-09 20:24:00,Bonne séance.
4047,34382,2025-11-13 17:20:00,Équitation,,2025-11-13 19:02:00,Très bonnes sensations.
4048,34382,2025-11-14 09:51:00,Équitation,,2025-11-14 10:59:00,
4049,34382,2025-11-16 19:08:00,Équitation,,2025-11-16 19:55:00,Entraînement terminé.
4050,34382,2025-11-22 08:27:00,Équitation,,2025-11-22 09:32:00,
4051,34382,2025-11-27 19:41:00,Équitation,,2025-11-27 21:29:00,
4052,34382,2025-12-05 18:05:00,Équitation,,2025-12-05 19:09:00,Entraînement terminé.
4053,34382,2025-12-08 17:15:00,Équitation,,2025-12-08 18:55:00,Très bonnes sensations.
4054,34382,2025-12-18 18:29:00,Équitation,,2025-12-18 20:05:00,
4055,34382,2025-12-20 17:33:00,Équitation,,2025-12-20 19:18:00,Bonne séance.
4056,34382,2025-12-22 12:31:00,Équitation,,2025-12-22 14:17:00,Bonne séance.
4057,34382,2026-01-03 17:49:00,Équitation,,2026-01-03 18:57:00,Bonne séance.
4058,34382,2026-01-07 18:48:00,Équitation,,2026-01-07 19:36:00,Très bonnes sensations.
4059,34382,2026-01-09 09:44:00,Équitation,,2026-01-09 11:42:00,Très bonnes sensations.
4060,34382,2026-01-13 08:53:00,Équitation,,2026-01-13 10:04:00,Entraînement terminé.
4061,34382,2026-01-14 08:07:00,Équitation,,2026-01-14 09:03:00,Très bonnes sensations.
4062,34382,2026-01-15 09:19:00,Équitation,,2026-01-15 10:28:00,
4063,34382,2026-01-22 18:21:00,Équitation,,2026-01-22 19:29:00,Bonne séance.
4064,34382,2026-01-23 07:09:00,Équitation,,2026-01-23 07:59:00,Bonne séance.
4065,34382,2026-01-24 07:37:00,Équitation,,2026-01-24 08:30:00,Entraînement terminé.
4066,34382,2026-01-31 09:31:00,Équitation,,2026-01-31 11:04:00,Entraînement terminé.
4067,34382,2026-02-05 12:51:00,Équitation,,2026-02-05 14:12:00,Très bonnes sensations.
4068,34382,2026-02-06 07:45:00,Équitation,,2026-02-06 08:36:00,
4069,34382,2026-02-11 17:29:00,Équitation,,2026-02-11 19:04:00,Entraînement terminé.
4070,34382,2026-02-19 19:27:00,Équitation,,2026-02-19 21:15:00,Très bonnes sensations.
4071,34382,2026-02-20 09:36:00,Équitation,,2026-02-20 11:18:00,Très bonnes sensations.
4072,34382,2026-02-22 19:12:00,Équitation,,2026-02-22 20:46:00,Entraînement terminé.
4073,34382,2026-02-25 12:44:00,Équitation,,2026-02-25 13:33:00,Entraînement terminé.
4074,34382,2026-03-01 12:15:00,Équitation,,2026-03-01 13:45:00,Entraînement terminé.
4075,34382,2026-03-07 18:14:00,Équitation,,2026-03-07 19:59:00,Bonne séance.
4076,34382,2026-03-12 18:24:00,Équitation,,2026-03-12 19:43:00,Très bonnes sensations.
4077,34382,2026-03-16 07:07:00,Équitation,,2026-03-16 09:04:00,Entraînement terminé.
4078,34382,2026-03-18 08:36:00,Équitation,,2026-03-18 10:09:00,Bonne séance.
4079,34382,2026-03-20 09:13:00,Équitation,,2026-03-20 10:04:00,Entraînement terminé.
4080,34382,2026-03-22 08:23:00,Équitation,,2026-03-22 09:52:00,
4081,34382,2026-03-25 08:33:00,Équitation,,2026-03-25 09:38:00,Très bonnes sensations.
4082,34382,2026-03-27 12:43:00,Équitation,,2026-03-27 13:54:00,Très bonnes sensations.
4083,34382,2026-03-29 19:20:00,Équitation,,2026-03-29 20:42:00,Entraînement terminé.
4084,34382,2026-03-30 17:25:00,Équitation,,2026-03-30 18:54:00,Entraînement terminé.
4085,34382,2026-04-08 08:19:00,Équitation,,2026-04-08 09:46:00,Entraînement terminé.
4086,34382,2026-04-10 19:57:00,Équitation,,2026-04-10 21:19:00,Bonne séance.
4087,34382,2026-04-14 19:04:00,Équitation,,2026-04-14 20:28:00,
4088,34382,2026-04-17 12:36:00,Équitation,,2026-04-17 14:36:00,Bonne séance.
4089,34382,2026-04-20 09:37:00,Équitation,,2026-04-20 11:19:00,Entraînement terminé.
4090,34382,2026-04-21 08:36:00,Équitation,,2026-04-21 09:55:00,Très bonnes sensations.
4091,34382,2026-04-24 09:01:00,Équitation,,2026-04-24 10:53:00,Bonne séance.
4092,34382,2026-04-27 07:37:00,Équitation,,2026-04-27 09:04:00,Très bonnes sensations.
4093,34382,2026-05-07 18:30:00,Équitation,,2026-05-07 19:42:00,Entraînement terminé.
4094,34382,2026-05-11 08:06:00,Équitation,,2026-05-11 08:52:00,Très bonnes sensations.
4095,34382,2026-05-17 18:11:00,Équitation,,2026-05-17 19:10:00,Très bonnes sensations.
4096,34382,2026-05-27 09:19:00,Équitation,,2026-05-27 11:10:00,Entraînement terminé.
4097,34382,2026-06-02 18:45:00,Équitation,,2026-06-02 20:22:00,Entraînement terminé.
4098,34382,2026-06-10 08:54:00,Équitation,,2026-06-10 09:55:00,
4099,34382,2026-06-11 08:00:00,Équitation,,2026-06-11 08:50:00,Entraînement terminé.
4100,34382,2026-06-17 19:19:00,Équitation,,2026-06-17 20:52:00,
4101,34382,2026-06-18 08:46:00,Équitation,,2026-06-18 09:59:00,
4102,34382,2026-06-22 18:55:00,Équitation,,2026-06-22 20:25:00,
4103,34382,2026-07-04 07:13:00,Équitation,,2026-07-04 08:57:00,Entraînement terminé.
4104,34382,2026-07-07 17:45:00,Équitation,,2026-07-07 19:20:00,Bonne séance.
4105,34382,2026-07-11 09:37:00,Équitation,,2026-07-11 11:05:00,Très bonnes sensations.
4106,34382,2026-07-16 12:51:00,Équitation,,2026-07-16 13:46:00,Bonne séance.
4107,34382,2026-07-20 18:23:00,Équitation,,2026-07-20 20:18:00,Entraînement terminé.
4108,67121,2025-07-23 12:14:00,Rugby,,2025-07-23 13:19:00,
4109,67121,2025-08-03 08:18:00,Rugby,,2025-08-03 09:29:00,Bonne séance.
4110,67121,2025-08-11 18:47:00,Rugby,,2025-08-11 19:55:00,
4111,67121,2025-09-03 09:11:00,Rugby,,2025-09-03 10:27:00,Très bonnes sensations.
4112,67121,2025-09-29 18:28:00,Rugby,,2025-09-29 20:13:00,Très bonnes sensations.
4113,67121,2025-10-11 19:34:00,Rugby,,2025-10-11 20:35:00,
4114,67121,2025-10-17 18:57:00,Rugby,,2025-10-17 20:06:00,Entraînement terminé.
4115,67121,2025-10-25 17:03:00,Rugby,,2025-10-25 18:12:00,
4116,67121,2025-10-29 09:04:00,Rugby,,2025-10-29 10:33:00,Entraînement terminé.
4117,67121,2025-11-17 19:20:00,Rugby,,2025-11-17 20:23:00,Bonne séance.
4118,67121,2025-11-30 08:10:00,Rugby,,2025-11-30 09:45:00,Entraînement terminé.
4119,67121,2025-12-10 09:11:00,Rugby,,2025-12-10 10:39:00,Entraînement terminé.
4120,67121,2026-02-25 17:06:00,Rugby,,2026-02-25 18:19:00,Bonne séance.
4121,67121,2026-04-08 12:28:00,Rugby,,2026-04-08 13:32:00,
4122,67121,2026-04-18 12:23:00,Rugby,,2026-04-18 13:23:00,Très bonnes sensations.
4123,67121,2026-04-20 19:30:00,Rugby,,2026-04-20 21:09:00,Entraînement terminé.
4124,67121,2026-04-27 18:03:00,Rugby,,2026-04-27 19:14:00,Entraînement terminé.
4125,67121,2026-05-04 07:05:00,Rugby,,2026-05-04 08:16:00,Bonne séance.
4126,67121,2026-05-16 12:10:00,Rugby,,2026-05-16 13:25:00,
4127,67121,2026-05-29 19:08:00,Rugby,,2026-05-29 20:10:00,Bonne séance.
4128,67121,2026-06-03 07:51:00,Rugby,,2026-06-03 09:28:00,
4129,67121,2026-06-19 08:10:00,Rugby,,2026-06-19 09:52:00,Bonne séance.
4130,67121,2026-06-21 09:03:00,Rugby,,2026-06-21 10:31:00,Très bonnes sensations.
4131,67121,2026-07-03 17:29:00,Rugby,,2026-07-03 19:15:00,
4132,67121,2026-07-10 18:44:00,Rugby,,2026-07-10 20:15:00,Entraînement terminé.
4133,67121,2026-07-15 07:39:00,Rugby,,2026-07-15 09:29:00,Bonne séance.
4134,67121,2026-07-19 12:23:00,Rugby,,2026-07-19 14:03:00,Bonne séance.
4135,76076,2025-07-21 12:40:00,Football,,2025-07-21 13:49:00,Entraînement terminé.
4136,76076,2025-07-25 17:55:00,Football,,2025-07-25 18:59:00,Bonne séance.
4137,76076,2025-07-29 17:02:00,Football,,2025-07-29 18:39:00,Entraînement terminé.
4138,76076,2025-08-06 09:45:00,Football,,2025-08-06 11:01:00,Bonne séance.
4139,76076,2025-08-07 08:31:00,Football,,2025-08-07 09:46:00,Bonne séance.
4140,76076,2025-08-10 19:11:00,Football,,2025-08-10 20:17:00,Bonne séance.
4141,76076,2025-08-14 07:05:00,Football,,2025-08-14 08:08:00,
4142,76076,2025-08-17 08:44:00,Football,,2025-08-17 10:06:00,Très bonnes sensations.
4143,76076,2025-08-20 19:58:00,Football,,2025-08-20 21:45:00,
4144,76076,2025-08-21 18:58:00,Football,,2025-08-21 20:02:00,Très bonnes sensations.
4145,76076,2025-08-30 19:31:00,Football,,2025-08-30 20:49:00,
4146,76076,2025-09-01 09:06:00,Football,,2025-09-01 10:43:00,Entraînement terminé.
4147,76076,2025-09-04 18:22:00,Football,,2025-09-04 19:33:00,Entraînement terminé.
4148,76076,2025-09-06 18:56:00,Football,,2025-09-06 20:44:00,
4149,76076,2025-09-07 08:09:00,Football,,2025-09-07 09:40:00,Très bonnes sensations.
4150,76076,2025-09-08 18:16:00,Football,,2025-09-08 19:31:00,Bonne séance.
4151,76076,2025-09-15 07:23:00,Football,,2025-09-15 08:41:00,Bonne séance.
4152,76076,2025-09-17 08:07:00,Football,,2025-09-17 09:31:00,Bonne séance.
4153,76076,2025-09-19 12:43:00,Football,,2025-09-19 14:03:00,Entraînement terminé.
4154,76076,2025-09-22 08:47:00,Football,,2025-09-22 10:34:00,
4155,76076,2025-09-24 18:34:00,Football,,2025-09-24 19:46:00,Bonne séance.
4156,76076,2025-09-26 09:18:00,Football,,2025-09-26 10:37:00,Très bonnes sensations.
4157,76076,2025-09-30 17:53:00,Football,,2025-09-30 19:26:00,Très bonnes sensations.
4158,76076,2025-10-07 07:17:00,Football,,2025-10-07 08:46:00,
4159,76076,2025-10-09 19:10:00,Football,,2025-10-09 20:10:00,Entraînement terminé.
4160,76076,2025-10-11 17:43:00,Football,,2025-10-11 19:07:00,Entraînement terminé.
4161,76076,2025-10-16 19:55:00,Football,,2025-10-16 21:15:00,Bonne séance.
4162,76076,2025-10-21 17:44:00,Football,,2025-10-21 18:55:00,Très bonnes sensations.
4163,76076,2025-10-22 12:40:00,Football,,2025-10-22 14:22:00,Bonne séance.
4164,76076,2025-10-25 08:56:00,Football,,2025-10-25 10:34:00,Entraînement terminé.
4165,76076,2025-10-27 08:28:00,Football,,2025-10-27 09:59:00,Très bonnes sensations.
4166,76076,2025-10-28 09:50:00,Football,,2025-10-28 11:00:00,Bonne séance.
4167,76076,2025-11-03 07:26:00,Football,,2025-11-03 08:31:00,Très bonnes sensations.
4168,76076,2025-11-06 09:34:00,Football,,2025-11-06 10:39:00,Bonne séance.
4169,76076,2025-11-09 17:46:00,Football,,2025-11-09 18:56:00,Bonne séance.
4170,76076,2025-11-10 17:18:00,Football,,2025-11-10 18:25:00,
4171,76076,2025-11-11 09:59:00,Football,,2025-11-11 11:48:00,Très bonnes sensations.
4172,76076,2025-11-16 08:37:00,Football,,2025-11-16 09:57:00,Entraînement terminé.
4173,76076,2025-11-26 08:27:00,Football,,2025-11-26 09:42:00,Très bonnes sensations.
4174,76076,2025-11-27 18:46:00,Football,,2025-11-27 19:55:00,Très bonnes sensations.
4175,76076,2025-11-28 08:52:00,Football,,2025-11-28 10:31:00,Entraînement terminé.
4176,76076,2025-11-30 12:24:00,Football,,2025-11-30 13:28:00,Entraînement terminé.
4177,76076,2025-12-01 18:16:00,Football,,2025-12-01 19:55:00,
4178,76076,2025-12-06 18:42:00,Football,,2025-12-06 20:17:00,Entraînement terminé.
4179,76076,2025-12-08 08:46:00,Football,,2025-12-08 09:52:00,Bonne séance.
4180,76076,2025-12-14 09:36:00,Football,,2025-12-14 11:10:00,Bonne séance.
4181,76076,2025-12-18 18:54:00,Football,,2025-12-18 20:04:00,
4182,76076,2025-12-19 19:41:00,Football,,2025-12-19 20:46:00,Bonne séance.
4183,76076,2025-12-21 19:11:00,Football,,2025-12-21 21:01:00,
4184,76076,2025-12-30 17:42:00,Football,,2025-12-30 18:49:00,Entraînement terminé.
4185,76076,2026-01-02 17:09:00,Football,,2026-01-02 18:36:00,Très bonnes sensations.
4186,76076,2026-01-06 07:06:00,Football,,2026-01-06 08:54:00,
4187,76076,2026-01-07 17:20:00,Football,,2026-01-07 18:36:00,
4188,76076,2026-01-10 12:19:00,Football,,2026-01-10 13:38:00,Bonne séance.
4189,76076,2026-01-11 08:36:00,Football,,2026-01-11 10:08:00,Très bonnes sensations.
4190,76076,2026-01-14 12:40:00,Football,,2026-01-14 14:13:00,Très bonnes sensations.
4191,76076,2026-01-17 08:53:00,Football,,2026-01-17 10:13:00,Entraînement terminé.
4192,76076,2026-01-21 09:55:00,Football,,2026-01-21 11:20:00,Entraînement terminé.
4193,76076,2026-01-23 19:47:00,Football,,2026-01-23 20:54:00,Très bonnes sensations.
4194,76076,2026-01-24 18:08:00,Football,,2026-01-24 19:21:00,Entraînement terminé.
4195,76076,2026-01-25 08:45:00,Football,,2026-01-25 10:12:00,Bonne séance.
4196,76076,2026-01-26 08:04:00,Football,,2026-01-26 09:16:00,Bonne séance.
4197,76076,2026-01-29 07:19:00,Football,,2026-01-29 09:03:00,
4198,76076,2026-02-03 08:39:00,Football,,2026-02-03 09:55:00,Bonne séance.
4199,76076,2026-02-10 18:31:00,Football,,2026-02-10 20:03:00,
4200,76076,2026-02-18 19:39:00,Football,,2026-02-18 21:07:00,Bonne séance.
4201,76076,2026-02-26 17:39:00,Football,,2026-02-26 18:56:00,
4202,76076,2026-02-28 18:10:00,Football,,2026-02-28 19:42:00,Bonne séance.
4203,76076,2026-03-06 17:01:00,Football,,2026-03-06 18:04:00,Bonne séance.
4204,76076,2026-03-11 07:47:00,Football,,2026-03-11 09:31:00,Bonne séance.
4205,76076,2026-03-14 18:00:00,Football,,2026-03-14 19:03:00,
4206,76076,2026-03-16 08:34:00,Football,,2026-03-16 09:55:00,Bonne séance.
4207,76076,2026-03-20 17:25:00,Football,,2026-03-20 18:37:00,
4208,76076,2026-03-24 18:02:00,Football,,2026-03-24 19:22:00,Bonne séance.
4209,76076,2026-03-30 08:35:00,Football,,2026-03-30 10:20:00,
4210,76076,2026-04-02 09:35:00,Football,,2026-04-02 11:19:00,Bonne séance.
4211,76076,2026-04-09 08:42:00,Football,,2026-04-09 10:31:00,
4212,76076,2026-04-11 07:28:00,Football,,2026-04-11 08:53:00,Très bonnes sensations.
4213,76076,2026-04-18 12:48:00,Football,,2026-04-18 14:15:00,Bonne séance.
4214,76076,2026-04-20 19:35:00,Football,,2026-04-20 20:48:00,Très bonnes sensations.
4215,76076,2026-04-27 19:30:00,Football,,2026-04-27 20:56:00,
4216,76076,2026-05-01 17:21:00,Football,,2026-05-01 19:01:00,
4217,76076,2026-05-02 18:34:00,Football,,2026-05-02 20:22:00,Très bonnes sensations.
4218,76076,2026-05-06 12:06:00,Football,,2026-05-06 13:21:00,Très bonnes sensations.
4219,76076,2026-05-10 07:12:00,Football,,2026-05-10 08:21:00,Bonne séance.
4220,76076,2026-05-12 08:57:00,Football,,2026-05-12 10:11:00,Bonne séance.
4221,76076,2026-05-15 07:43:00,Football,,2026-05-15 09:17:00,Bonne séance.
4222,76076,2026-05-18 18:38:00,Football,,2026-05-18 20:24:00,
4223,76076,2026-05-20 17:30:00,Football,,2026-05-20 18:50:00,
4224,76076,2026-05-27 12:06:00,Football,,2026-05-27 13:47:00,
4225,76076,2026-05-30 12:48:00,Football,,2026-05-30 14:28:00,Entraînement terminé.
4226,76076,2026-05-31 17:06:00,Football,,2026-05-31 18:47:00,Entraînement terminé.
4227,76076,2026-06-01 08:49:00,Football,,2026-06-01 09:53:00,Bonne séance.
4228,76076,2026-06-04 12:38:00,Football,,2026-06-04 14:06:00,Très bonnes sensations.
4229,76076,2026-06-10 17:44:00,Football,,2026-06-10 18:51:00,Entraînement terminé.
4230,76076,2026-06-17 18:15:00,Football,,2026-06-17 19:49:00,Entraînement terminé.
4231,76076,2026-06-18 09:42:00,Football,,2026-06-18 11:13:00,Bonne séance.
4232,76076,2026-06-19 18:43:00,Football,,2026-06-19 19:44:00,Bonne séance.
4233,76076,2026-06-23 18:52:00,Football,,2026-06-23 20:17:00,Très bonnes sensations.
4234,76076,2026-06-24 19:10:00,Football,,2026-06-24 20:49:00,Entraînement terminé.
4235,76076,2026-06-27 17:53:00,Football,,2026-06-27 18:59:00,Bonne séance.
4236,76076,2026-06-29 09:39:00,Football,,2026-06-29 11:11:00,Bonne séance.
4237,76076,2026-07-01 09:20:00,Football,,2026-07-01 10:34:00,Entraînement terminé.
4238,76076,2026-07-05 19:28:00,Football,,2026-07-05 21:15:00,Entraînement terminé.
4239,76076,2026-07-08 08:37:00,Football,,2026-07-08 10:15:00,
4240,76076,2026-07-10 12:17:00,Football,,2026-07-10 13:57:00,Très bonnes sensations.
4241,76076,2026-07-18 17:26:00,Football,,2026-07-18 18:53:00,Entraînement terminé.
4242,76076,2026-07-20 17:39:00,Football,,2026-07-20 19:04:00,Très bonnes sensations.
4243,23842,2025-07-29 18:43:00,Voile,,2025-07-29 21:50:00,Entraînement terminé.
4244,23842,2025-08-08 17:54:00,Voile,,2025-08-08 21:20:00,Entraînement terminé.
4245,23842,2025-08-12 07:32:00,Voile,,2025-08-12 09:21:00,Entraînement terminé.
4246,23842,2025-08-27 08:18:00,Voile,,2025-08-27 11:15:00,Entraînement terminé.
4247,23842,2025-09-12 17:34:00,Voile,,2025-09-12 20:50:00,
4248,23842,2025-09-16 19:37:00,Voile,,2025-09-16 22:53:00,
4249,23842,2025-09-23 09:00:00,Voile,,2025-09-23 12:34:00,Bonne séance.
4250,23842,2025-09-28 09:10:00,Voile,,2025-09-28 10:40:00,
4251,23842,2025-10-13 12:02:00,Voile,,2025-10-13 14:43:00,Très bonnes sensations.
4252,23842,2025-10-23 17:57:00,Voile,,2025-10-23 19:12:00,
4253,23842,2025-11-06 19:16:00,Voile,,2025-11-06 21:47:00,
4254,23842,2025-12-10 09:42:00,Voile,,2025-12-10 13:00:00,Bonne séance.
4255,23842,2025-12-16 19:54:00,Voile,,2025-12-16 21:21:00,Entraînement terminé.
4256,23842,2025-12-27 08:00:00,Voile,,2025-12-27 09:38:00,Très bonnes sensations.
4257,23842,2025-12-28 07:00:00,Voile,,2025-12-28 08:54:00,
4258,23842,2026-01-09 12:48:00,Voile,,2026-01-09 16:41:00,Très bonnes sensations.
4259,23842,2026-01-23 08:01:00,Voile,,2026-01-23 10:32:00,Très bonnes sensations.
4260,23842,2026-01-25 17:16:00,Voile,,2026-01-25 20:40:00,Bonne séance.
4261,23842,2026-02-05 18:54:00,Voile,,2026-02-05 21:09:00,Très bonnes sensations.
4262,23842,2026-02-12 07:32:00,Voile,,2026-02-12 10:34:00,
4263,23842,2026-02-23 12:56:00,Voile,,2026-02-23 16:40:00,
4264,23842,2026-03-24 18:07:00,Voile,,2026-03-24 19:19:00,Bonne séance.
4265,23842,2026-03-31 09:16:00,Voile,,2026-03-31 10:49:00,
4266,23842,2026-04-08 09:42:00,Voile,,2026-04-08 12:09:00,Très bonnes sensations.
4267,23842,2026-04-18 09:10:00,Voile,,2026-04-18 11:27:00,
4268,23842,2026-04-20 19:49:00,Voile,,2026-04-20 21:21:00,
4269,23842,2026-04-28 17:38:00,Voile,,2026-04-28 20:29:00,Très bonnes sensations.
4270,23842,2026-05-13 19:11:00,Voile,,2026-05-13 20:58:00,Bonne séance.
4271,23842,2026-06-01 08:59:00,Voile,,2026-06-01 12:41:00,Entraînement terminé.
4272,23842,2026-06-13 07:16:00,Voile,,2026-06-13 10:23:00,Entraînement terminé.
4273,23842,2026-06-17 09:34:00,Voile,,2026-06-17 11:47:00,Entraînement terminé.
4274,23842,2026-06-25 08:38:00,Voile,,2026-06-25 11:29:00,Entraînement terminé.
4275,66386,2025-07-20 08:18:00,Badminton,,2025-07-20 09:09:00,Entraînement terminé.
4276,66386,2025-07-26 08:06:00,Badminton,,2025-07-26 08:46:00,
4277,66386,2025-08-01 08:25:00,Badminton,,2025-08-01 09:03:00,Bonne séance.
4278,66386,2025-08-09 07:59:00,Badminton,,2025-08-09 09:14:00,Très bonnes sensations.
4279,66386,2025-08-16 18:09:00,Badminton,,2025-08-16 19:19:00,Très bonnes sensations.
4280,66386,2025-08-18 19:17:00,Badminton,,2025-08-18 20:21:00,Bonne séance.
4281,66386,2025-08-20 17:22:00,Badminton,,2025-08-20 18:27:00,Entraînement terminé.
4282,66386,2025-08-26 09:10:00,Badminton,,2025-08-26 09:51:00,Entraînement terminé.
4283,66386,2025-08-28 08:43:00,Badminton,,2025-08-28 10:06:00,Entraînement terminé.
4284,66386,2025-08-29 08:45:00,Badminton,,2025-08-29 10:09:00,Entraînement terminé.
4285,66386,2025-09-03 07:32:00,Badminton,,2025-09-03 08:22:00,Très bonnes sensations.
4286,66386,2025-09-07 12:04:00,Badminton,,2025-09-07 12:37:00,Entraînement terminé.
4287,66386,2025-09-11 07:33:00,Badminton,,2025-09-11 08:57:00,
4288,66386,2025-09-16 07:16:00,Badminton,,2025-09-16 08:14:00,Très bonnes sensations.
4289,66386,2025-09-18 09:17:00,Badminton,,2025-09-18 10:17:00,Bonne séance.
4290,66386,2025-09-22 09:49:00,Badminton,,2025-09-22 10:28:00,Entraînement terminé.
4291,66386,2025-09-26 12:55:00,Badminton,,2025-09-26 13:58:00,Entraînement terminé.
4292,66386,2025-10-04 19:54:00,Badminton,,2025-10-04 20:53:00,
4293,66386,2025-10-07 18:51:00,Badminton,,2025-10-07 19:57:00,Très bonnes sensations.
4294,66386,2025-10-09 08:16:00,Badminton,,2025-10-09 09:04:00,Bonne séance.
4295,66386,2025-10-14 08:31:00,Badminton,,2025-10-14 09:33:00,
4296,66386,2025-10-20 07:33:00,Badminton,,2025-10-20 08:16:00,Très bonnes sensations.
4297,66386,2025-11-01 19:04:00,Badminton,,2025-11-01 20:18:00,Bonne séance.
4298,66386,2025-11-08 18:33:00,Badminton,,2025-11-08 20:01:00,Bonne séance.
4299,66386,2025-11-09 12:32:00,Badminton,,2025-11-09 13:36:00,Bonne séance.
4300,66386,2025-11-13 19:58:00,Badminton,,2025-11-13 21:03:00,
4301,66386,2025-11-17 12:34:00,Badminton,,2025-11-17 13:34:00,Bonne séance.
4302,66386,2025-11-22 07:18:00,Badminton,,2025-11-22 08:40:00,Très bonnes sensations.
4303,66386,2025-11-25 18:04:00,Badminton,,2025-11-25 18:54:00,Bonne séance.
4304,66386,2025-12-03 18:19:00,Badminton,,2025-12-03 19:15:00,Entraînement terminé.
4305,66386,2025-12-08 12:51:00,Badminton,,2025-12-08 14:12:00,
4306,66386,2025-12-09 07:32:00,Badminton,,2025-12-09 08:38:00,
4307,66386,2025-12-13 09:27:00,Badminton,,2025-12-13 10:40:00,Très bonnes sensations.
4308,66386,2025-12-16 09:55:00,Badminton,,2025-12-16 10:49:00,Très bonnes sensations.
4309,66386,2025-12-26 12:28:00,Badminton,,2025-12-26 13:45:00,Très bonnes sensations.
4310,66386,2026-01-01 19:25:00,Badminton,,2026-01-01 20:32:00,
4311,66386,2026-01-05 19:25:00,Badminton,,2026-01-05 20:03:00,Entraînement terminé.
4312,66386,2026-01-10 12:40:00,Badminton,,2026-01-10 14:00:00,Très bonnes sensations.
4313,66386,2026-01-11 17:37:00,Badminton,,2026-01-11 18:43:00,
4314,66386,2026-01-13 18:02:00,Badminton,,2026-01-13 18:39:00,
4315,66386,2026-01-20 12:14:00,Badminton,,2026-01-20 13:20:00,
4316,66386,2026-01-22 17:57:00,Badminton,,2026-01-22 18:41:00,Entraînement terminé.
4317,66386,2026-01-24 08:06:00,Badminton,,2026-01-24 09:21:00,
4318,66386,2026-01-28 09:57:00,Badminton,,2026-01-28 10:45:00,Bonne séance.
4319,66386,2026-01-29 18:18:00,Badminton,,2026-01-29 19:12:00,Entraînement terminé.
4320,66386,2026-01-31 18:32:00,Badminton,,2026-01-31 19:51:00,Entraînement terminé.
4321,66386,2026-02-05 18:29:00,Badminton,,2026-02-05 19:36:00,Entraînement terminé.
4322,66386,2026-02-06 12:10:00,Badminton,,2026-02-06 13:15:00,Entraînement terminé.
4323,66386,2026-02-07 19:49:00,Badminton,,2026-02-07 21:15:00,Très bonnes sensations.
4324,66386,2026-02-13 17:22:00,Badminton,,2026-02-13 18:40:00,Bonne séance.
4325,66386,2026-02-14 17:47:00,Badminton,,2026-02-14 18:24:00,
4326,66386,2026-02-16 07:28:00,Badminton,,2026-02-16 08:45:00,Très bonnes sensations.
4327,66386,2026-02-22 19:08:00,Badminton,,2026-02-22 19:57:00,Bonne séance.
4328,66386,2026-02-26 18:38:00,Badminton,,2026-02-26 20:06:00,Très bonnes sensations.
4329,66386,2026-02-28 07:29:00,Badminton,,2026-02-28 07:59:00,Entraînement terminé.
4330,66386,2026-03-03 09:51:00,Badminton,,2026-03-03 10:27:00,Entraînement terminé.
4331,66386,2026-03-05 19:59:00,Badminton,,2026-03-05 20:42:00,Très bonnes sensations.
4332,66386,2026-03-06 12:48:00,Badminton,,2026-03-06 14:13:00,Bonne séance.
4333,66386,2026-03-08 07:11:00,Badminton,,2026-03-08 08:27:00,Bonne séance.
4334,66386,2026-03-11 18:01:00,Badminton,,2026-03-11 18:44:00,Entraînement terminé.
4335,66386,2026-03-12 19:27:00,Badminton,,2026-03-12 20:51:00,
4336,66386,2026-03-19 08:39:00,Badminton,,2026-03-19 09:40:00,
4337,66386,2026-03-24 07:56:00,Badminton,,2026-03-24 09:18:00,
4338,66386,2026-03-26 18:50:00,Badminton,,2026-03-26 19:59:00,Bonne séance.
4339,66386,2026-04-01 12:36:00,Badminton,,2026-04-01 13:09:00,Entraînement terminé.
4340,66386,2026-04-06 19:27:00,Badminton,,2026-04-06 20:56:00,Très bonnes sensations.
4341,66386,2026-04-09 17:13:00,Badminton,,2026-04-09 17:57:00,Entraînement terminé.
4342,66386,2026-04-17 19:42:00,Badminton,,2026-04-17 20:32:00,
4343,66386,2026-04-19 19:53:00,Badminton,,2026-04-19 21:05:00,Entraînement terminé.
4344,66386,2026-04-22 08:08:00,Badminton,,2026-04-22 09:21:00,Très bonnes sensations.
4345,66386,2026-04-24 07:47:00,Badminton,,2026-04-24 09:04:00,
4346,66386,2026-04-30 08:50:00,Badminton,,2026-04-30 09:57:00,
4347,66386,2026-05-04 19:34:00,Badminton,,2026-05-04 20:12:00,Très bonnes sensations.
4348,66386,2026-05-11 19:20:00,Badminton,,2026-05-11 20:12:00,
4349,66386,2026-05-15 08:46:00,Badminton,,2026-05-15 09:43:00,
4350,66386,2026-05-17 09:52:00,Badminton,,2026-05-17 10:56:00,
4351,66386,2026-05-21 19:32:00,Badminton,,2026-05-21 20:47:00,
4352,66386,2026-05-22 07:18:00,Badminton,,2026-05-22 08:08:00,
4353,66386,2026-05-26 08:45:00,Badminton,,2026-05-26 09:44:00,Bonne séance.
4354,66386,2026-05-31 18:50:00,Badminton,,2026-05-31 20:10:00,Très bonnes sensations.
4355,66386,2026-06-02 08:24:00,Badminton,,2026-06-02 09:42:00,Très bonnes sensations.
4356,66386,2026-06-10 07:13:00,Badminton,,2026-06-10 08:27:00,Entraînement terminé.
4357,66386,2026-06-17 17:15:00,Badminton,,2026-06-17 17:58:00,Entraînement terminé.
4358,66386,2026-06-18 08:51:00,Badminton,,2026-06-18 10:00:00,
4359,66386,2026-06-19 18:00:00,Badminton,,2026-06-19 19:10:00,Entraînement terminé.
4360,66386,2026-06-21 09:40:00,Badminton,,2026-06-21 10:28:00,Très bonnes sensations.
4361,66386,2026-06-23 18:15:00,Badminton,,2026-06-23 18:50:00,Entraînement terminé.
4362,66386,2026-06-24 19:24:00,Badminton,,2026-06-24 20:46:00,Très bonnes sensations.
4363,66386,2026-07-02 12:36:00,Badminton,,2026-07-02 13:17:00,Entraînement terminé.
4364,66386,2026-07-05 07:24:00,Badminton,,2026-07-05 08:12:00,Bonne séance.
4365,66386,2026-07-11 12:43:00,Badminton,,2026-07-11 13:52:00,
4366,66386,2026-07-13 12:31:00,Badminton,,2026-07-13 13:12:00,Très bonnes sensations.
4367,66386,2026-07-16 07:54:00,Badminton,,2026-07-16 08:34:00,Très bonnes sensations.
4368,66386,2026-07-18 19:41:00,Badminton,,2026-07-18 20:35:00,Très bonnes sensations.
4369,66386,2026-07-20 08:18:00,Badminton,,2026-07-20 08:59:00,
4370,75791,2025-07-20 19:45:00,Runing,14189.0,2025-07-20 21:14:52,
4371,75791,2025-07-22 07:39:00,Runing,14412.0,2025-07-22 09:07:30,Reprise du sport :)
4372,75791,2025-07-28 19:52:00,Runing,13400.0,2025-07-28 20:56:15,Très bonnes sensations.
4373,75791,2025-07-29 19:16:00,Runing,3702.0,2025-07-29 19:33:17,
4374,75791,2025-07-31 07:12:00,Runing,13965.0,2025-07-31 08:32:52,
4375,75791,2025-08-06 08:00:00,Runing,7326.0,2025-08-06 08:55:57,Très bonnes sensations.
4376,75791,2025-08-13 08:59:00,Runing,17044.0,2025-08-13 10:40:42,
4377,75791,2025-08-19 18:17:00,Runing,10426.0,2025-08-19 19:38:17,Bonne sortie !
4378,75791,2025-08-22 17:20:00,Runing,16012.0,2025-08-22 19:16:11,
4379,75791,2025-08-24 12:31:00,Runing,9588.0,2025-08-24 13:38:12,
4380,75791,2025-08-27 17:11:00,Runing,5836.0,2025-08-27 17:45:54,Reprise du sport :)
4381,75791,2025-08-28 17:32:00,Runing,10443.0,2025-08-28 18:26:03,Reprise du sport :)
4382,75791,2025-08-31 08:53:00,Runing,16622.0,2025-08-31 10:18:58,Très bonnes sensations.
4383,75791,2025-09-05 08:54:00,Runing,11043.0,2025-09-05 10:19:36,Reprise du sport :)
4384,75791,2025-09-07 18:27:00,Runing,16206.0,2025-09-07 20:01:15,
4385,75791,2025-09-20 12:53:00,Runing,16633.0,2025-09-20 14:16:41,
4386,75791,2025-09-23 08:37:00,Runing,11255.0,2025-09-23 09:35:25,
4387,75791,2025-09-29 12:28:00,Runing,13680.0,2025-09-29 13:39:28,Bonne sortie !
4388,75791,2025-10-01 18:14:00,Runing,6513.0,2025-10-01 18:55:27,Très bonnes sensations.
4389,75791,2025-10-02 12:00:00,Runing,16588.0,2025-10-02 13:57:00,Bonne sortie !
4390,75791,2025-10-05 17:58:00,Runing,4846.0,2025-10-05 18:20:59,Reprise du sport :)
4391,75791,2025-10-09 08:32:00,Runing,16531.0,2025-10-09 10:03:39,Très bonnes sensations.
4392,75791,2025-10-11 07:11:00,Runing,11928.0,2025-10-11 08:43:09,Bonne sortie !
4393,75791,2025-10-13 07:59:00,Runing,7292.0,2025-10-13 08:58:04,Bonne sortie !
4394,75791,2025-10-14 19:55:00,Runing,6811.0,2025-10-14 20:28:03,
4395,75791,2025-10-21 12:08:00,Runing,3119.0,2025-10-21 12:29:44,Reprise du sport :)
4396,75791,2025-10-22 07:01:00,Runing,3927.0,2025-10-22 07:21:57,Très bonnes sensations.
4397,75791,2025-10-24 18:37:00,Runing,16743.0,2025-10-24 20:06:30,
4398,75791,2025-10-27 09:49:00,Runing,6935.0,2025-10-27 10:23:33,
4399,75791,2025-10-28 07:39:00,Runing,10908.0,2025-10-28 08:36:59,Reprise du sport :)
4400,75791,2025-11-01 07:40:00,Runing,5366.0,2025-11-01 08:20:56,Reprise du sport :)
4401,75791,2025-11-02 18:47:00,Runing,12142.0,2025-11-02 20:00:59,Très bonnes sensations.
4402,75791,2025-11-05 09:55:00,Runing,12409.0,2025-11-05 11:13:52,Bonne sortie !
4403,75791,2025-11-06 08:23:00,Runing,4280.0,2025-11-06 08:42:50,Reprise du sport :)
4404,75791,2025-11-10 09:00:00,Runing,7342.0,2025-11-10 09:36:44,Bonne sortie !
4405,75791,2025-11-19 07:06:00,Runing,11742.0,2025-11-19 08:04:51,
4406,75791,2025-11-24 09:24:00,Runing,11615.0,2025-11-24 10:36:40,Très bonnes sensations.
4407,75791,2025-11-30 12:00:00,Runing,5446.0,2025-11-30 12:31:48,Très bonnes sensations.
4408,75791,2025-12-07 08:49:00,Runing,3575.0,2025-12-07 09:18:50,Reprise du sport :)
4409,75791,2025-12-08 19:50:00,Runing,6873.0,2025-12-08 20:34:08,Très bonnes sensations.
4410,75791,2025-12-12 18:08:00,Runing,4148.0,2025-12-12 18:31:52,Bonne sortie !
4411,75791,2025-12-18 07:00:00,Runing,8553.0,2025-12-18 07:52:25,Reprise du sport :)
4412,75791,2025-12-20 07:03:00,Runing,4569.0,2025-12-20 07:30:30,Bonne sortie !
4413,75791,2025-12-25 07:01:00,Runing,16083.0,2025-12-25 08:39:47,Très bonnes sensations.
4414,75791,2025-12-27 07:12:00,Runing,15331.0,2025-12-27 08:30:48,Très bonnes sensations.
4415,75791,2025-12-29 07:06:00,Runing,6345.0,2025-12-29 07:43:10,Très bonnes sensations.
4416,75791,2026-01-04 12:56:00,Runing,4238.0,2026-01-04 13:19:16,Très bonnes sensations.
4417,75791,2026-01-08 08:11:00,Runing,4965.0,2026-01-08 08:52:40,Reprise du sport :)
4418,75791,2026-01-09 09:55:00,Runing,14631.0,2026-01-09 11:10:25,Très bonnes sensations.
4419,75791,2026-01-14 07:36:00,Runing,5739.0,2026-01-14 08:09:29,
4420,75791,2026-01-18 12:16:00,Runing,8019.0,2026-01-18 13:12:49,
4421,75791,2026-01-24 08:52:00,Runing,6695.0,2026-01-24 09:26:45,Reprise du sport :)
4422,75791,2026-01-26 09:09:00,Runing,4521.0,2026-01-26 09:33:55,
4423,75791,2026-02-03 08:13:00,Runing,17931.0,2026-02-03 09:55:12,
4424,75791,2026-02-13 18:46:00,Runing,3278.0,2026-02-13 19:04:44,Reprise du sport :)
4425,75791,2026-02-18 08:24:00,Runing,13109.0,2026-02-18 10:14:14,Bonne sortie !
4426,75791,2026-02-20 12:41:00,Runing,13248.0,2026-02-20 14:08:10,
4427,75791,2026-02-21 08:59:00,Runing,5138.0,2026-02-21 09:30:23,
4428,75791,2026-02-24 18:35:00,Runing,3394.0,2026-02-24 18:50:53,Bonne sortie !
4429,75791,2026-02-25 09:22:00,Runing,16552.0,2026-02-25 10:51:03,Reprise du sport :)
4430,75791,2026-02-26 07:24:00,Runing,3607.0,2026-02-26 07:51:47,
4431,75791,2026-03-01 17:37:00,Runing,16788.0,2026-03-01 19:50:30,Très bonnes sensations.
4432,75791,2026-03-03 17:56:00,Runing,9629.0,2026-03-03 18:40:35,Reprise du sport :)
4433,75791,2026-03-06 18:38:00,Runing,16145.0,2026-03-06 20:12:50,Très bonnes sensations.
4434,75791,2026-03-11 12:50:00,Runing,17398.0,2026-03-11 14:13:51,Très bonnes sensations.
4435,75791,2026-03-12 08:13:00,Runing,10595.0,2026-03-12 09:21:32,
4436,75791,2026-03-19 17:17:00,Runing,8111.0,2026-03-19 18:06:59,
4437,75791,2026-03-23 19:42:00,Runing,12133.0,2026-03-23 20:38:37,
4438,75791,2026-03-25 17:02:00,Runing,11039.0,2026-03-25 18:17:42,Bonne sortie !
4439,75791,2026-03-27 07:27:00,Runing,7927.0,2026-03-27 08:32:30,Très bonnes sensations.
4440,75791,2026-04-02 19:49:00,Runing,17642.0,2026-04-02 21:12:39,Bonne sortie !
4441,75791,2026-04-03 12:38:00,Runing,14966.0,2026-04-03 14:01:31,Bonne sortie !
4442,75791,2026-04-04 19:20:00,Runing,6775.0,2026-04-04 20:06:53,Reprise du sport :)
4443,75791,2026-04-07 07:32:00,Runing,5584.0,2026-04-07 08:15:29,Très bonnes sensations.
4444,75791,2026-04-08 09:17:00,Runing,10072.0,2026-04-08 10:31:23,
4445,75791,2026-04-11 08:04:00,Runing,5727.0,2026-04-11 08:45:56,Très bonnes sensations.
4446,75791,2026-04-12 09:57:00,Runing,8387.0,2026-04-12 11:08:48,Bonne sortie !
4447,75791,2026-04-13 19:13:00,Runing,3032.0,2026-04-13 19:37:42,
4448,75791,2026-04-17 17:33:00,Runing,9175.0,2026-04-17 18:37:50,Reprise du sport :)
4449,75791,2026-04-22 08:37:00,Runing,4822.0,2026-04-22 09:04:06,
4450,75791,2026-04-24 17:33:00,Runing,12367.0,2026-04-24 18:36:55,
4451,75791,2026-04-25 07:16:00,Runing,4951.0,2026-04-25 07:47:29,
4452,75791,2026-04-30 19:54:00,Runing,4512.0,2026-04-30 20:23:05,Bonne sortie !
4453,75791,2026-05-04 18:31:00,Runing,6302.0,2026-05-04 19:01:00,Très bonnes sensations.
4454,75791,2026-05-10 12:00:00,Runing,11876.0,2026-05-10 13:00:32,Reprise du sport :)
4455,75791,2026-05-14 09:34:00,Runing,16805.0,2026-05-14 10:53:21,Très bonnes sensations.
4456,75791,2026-05-15 12:16:00,Runing,9365.0,2026-05-15 13:22:21,
4457,75791,2026-05-21 19:53:00,Runing,12658.0,2026-05-21 21:08:16,Bonne sortie !
4458,75791,2026-05-27 07:56:00,Runing,4585.0,2026-05-27 08:20:16,Bonne sortie !
4459,75791,2026-05-31 17:56:00,Runing,4395.0,2026-05-31 18:25:36,Reprise du sport :)
4460,75791,2026-06-06 18:16:00,Runing,8402.0,2026-06-06 19:06:22,Reprise du sport :)
4461,75791,2026-06-07 08:40:00,Runing,7256.0,2026-06-07 09:16:48,
4462,75791,2026-06-16 08:20:00,Runing,15495.0,2026-06-16 10:10:13,Très bonnes sensations.
4463,75791,2026-06-21 09:24:00,Runing,12416.0,2026-06-21 10:34:00,Reprise du sport :)
4464,75791,2026-06-24 09:37:00,Runing,17591.0,2026-06-24 11:11:02,Très bonnes sensations.
4465,75791,2026-06-29 18:03:00,Runing,4564.0,2026-06-29 18:40:15,Bonne sortie !
4466,75791,2026-07-01 09:56:00,Runing,13550.0,2026-07-01 11:07:47,Bonne sortie !
4467,75791,2026-07-05 18:32:00,Runing,5493.0,2026-07-05 18:58:19,Bonne sortie !
4468,75791,2026-07-09 17:28:00,Runing,12772.0,2026-07-09 18:29:08,Reprise du sport :)
4469,75791,2026-07-11 07:09:00,Runing,17592.0,2026-07-11 09:01:56,
4470,75791,2026-07-12 12:16:00,Runing,14285.0,2026-07-12 13:51:47,Bonne sortie !
4471,75791,2026-07-14 12:14:00,Runing,15937.0,2026-07-14 13:30:39,Bonne sortie !
4472,75791,2026-07-16 12:19:00,Runing,5617.0,2026-07-16 12:45:31,Bonne sortie !
4473,75791,2026-07-19 07:18:00,Runing,4428.0,2026-07-19 07:51:23,
4474,75791,2026-07-20 19:35:00,Runing,5285.0,2026-07-20 20:05:45,Reprise du sport :)
4475,55153,2025-07-27 18:11:00,Boxe,,2025-07-27 19:31:00,Entraînement terminé.
4476,55153,2025-08-07 07:18:00,Boxe,,2025-08-07 08:30:00,Très bonnes sensations.
4477,55153,2025-09-04 08:14:00,Boxe,,2025-09-04 08:47:00,Entraînement terminé.
4478,55153,2025-09-10 07:03:00,Boxe,,2025-09-10 07:38:00,Bonne séance.
4479,55153,2025-09-28 07:05:00,Boxe,,2025-09-28 08:21:00,Bonne séance.
4480,55153,2025-10-19 09:05:00,Boxe,,2025-10-19 09:43:00,
4481,55153,2025-10-30 18:23:00,Boxe,,2025-10-30 18:53:00,Très bonnes sensations.
4482,55153,2025-11-05 19:20:00,Boxe,,2025-11-05 20:04:00,Entraînement terminé.
4483,55153,2025-11-12 18:02:00,Boxe,,2025-11-12 19:28:00,Entraînement terminé.
4484,55153,2025-12-03 08:54:00,Boxe,,2025-12-03 10:04:00,Entraînement terminé.
4485,55153,2025-12-13 07:06:00,Boxe,,2025-12-13 08:15:00,
4486,55153,2025-12-15 07:23:00,Boxe,,2025-12-15 08:24:00,Bonne séance.
4487,55153,2025-12-24 19:09:00,Boxe,,2025-12-24 19:55:00,Bonne séance.
4488,55153,2026-01-01 12:05:00,Boxe,,2026-01-01 13:06:00,Très bonnes sensations.
4489,55153,2026-01-24 07:47:00,Boxe,,2026-01-24 09:00:00,Bonne séance.
4490,55153,2026-01-30 08:25:00,Boxe,,2026-01-30 09:23:00,
4491,55153,2026-02-07 12:45:00,Boxe,,2026-02-07 14:06:00,Très bonnes sensations.
4492,55153,2026-02-13 19:25:00,Boxe,,2026-02-13 20:55:00,Bonne séance.
4493,55153,2026-02-22 17:56:00,Boxe,,2026-02-22 18:54:00,Très bonnes sensations.
4494,55153,2026-03-05 19:54:00,Boxe,,2026-03-05 20:41:00,Entraînement terminé.
4495,55153,2026-03-11 19:05:00,Boxe,,2026-03-11 20:17:00,Bonne séance.
4496,55153,2026-03-29 07:26:00,Boxe,,2026-03-29 08:55:00,
4497,55153,2026-04-09 17:30:00,Boxe,,2026-04-09 18:19:00,Bonne séance.
4498,55153,2026-05-02 09:51:00,Boxe,,2026-05-02 10:34:00,Entraînement terminé.
4499,55153,2026-05-15 12:56:00,Boxe,,2026-05-15 14:13:00,Très bonnes sensations.
4500,55153,2026-06-20 18:27:00,Boxe,,2026-06-20 19:50:00,Entraînement terminé.
4501,55153,2026-06-22 09:16:00,Boxe,,2026-06-22 10:22:00,Bonne séance.
4502,55153,2026-07-10 18:17:00,Boxe,,2026-07-10 19:38:00,Entraînement terminé.
4503,91916,2025-07-26 08:34:00,Rugby,,2025-07-26 10:09:00,
4504,91916,2025-08-04 07:54:00,Rugby,,2025-08-04 09:36:00,Très bonnes sensations.
4505,91916,2025-08-18 09:43:00,Rugby,,2025-08-18 11:20:00,Entraînement terminé.
4506,91916,2025-09-11 19:26:00,Rugby,,2025-09-11 21:00:00,
4507,91916,2025-09-17 09:55:00,Rugby,,2025-09-17 11:44:00,
4508,91916,2025-09-27 07:52:00,Rugby,,2025-09-27 08:58:00,
4509,91916,2025-10-21 08:42:00,Rugby,,2025-10-21 10:29:00,Entraînement terminé.
4510,91916,2025-11-30 09:39:00,Rugby,,2025-11-30 11:26:00,Très bonnes sensations.
4511,91916,2025-12-22 07:45:00,Rugby,,2025-12-22 09:31:00,Très bonnes sensations.
4512,91916,2026-02-19 19:37:00,Rugby,,2026-02-19 21:16:00,
4513,91916,2026-03-08 07:13:00,Rugby,,2026-03-08 08:32:00,Très bonnes sensations.
4514,91916,2026-04-10 07:37:00,Rugby,,2026-04-10 09:06:00,Très bonnes sensations.
4515,91916,2026-04-27 19:22:00,Rugby,,2026-04-27 21:05:00,
4516,91916,2026-05-03 17:41:00,Rugby,,2026-05-03 18:59:00,Très bonnes sensations.
4517,91916,2026-05-16 09:58:00,Rugby,,2026-05-16 10:58:00,
4518,91916,2026-06-02 08:21:00,Rugby,,2026-06-02 09:54:00,Bonne séance.
4519,91916,2026-06-22 17:33:00,Rugby,,2026-06-22 19:16:00,Très bonnes sensations.
4520,91916,2026-07-06 19:29:00,Rugby,,2026-07-06 21:07:00,
4521,91916,2026-07-19 12:06:00,Rugby,,2026-07-19 13:33:00,
4522,49419,2025-07-20 19:09:00,Natation,1031.0,2025-07-20 19:23:37,Travail d'endurance.
4523,49419,2025-07-23 17:56:00,Natation,3605.0,2025-07-23 18:58:20,Bonne séance.
4524,49419,2025-07-24 09:30:00,Natation,2508.0,2025-07-24 10:08:13,Travail d'endurance.
4525,49419,2025-07-30 09:53:00,Natation,1428.0,2025-07-30 10:33:47,Bonne séance.
4526,49419,2025-08-03 08:51:00,Natation,1674.0,2025-08-03 09:20:50,Travail d'endurance.
4527,49419,2025-08-08 18:45:00,Natation,2748.0,2025-08-08 19:41:33,Bonne séance.
4528,49419,2025-08-09 12:55:00,Natation,2550.0,2025-08-09 14:08:36,
4529,49419,2025-08-12 08:51:00,Natation,3645.0,2025-08-12 10:24:34,Bonne séance.
4530,49419,2025-08-15 08:10:00,Natation,3876.0,2025-08-15 09:50:57,Travail d'endurance.
4531,49419,2025-08-16 07:50:00,Natation,2074.0,2025-08-16 08:25:30,Bonne séance.
4532,49419,2025-08-19 12:42:00,Natation,2433.0,2025-08-19 13:53:13,Bonne séance.
4533,49419,2025-08-20 18:43:00,Natation,1960.0,2025-08-20 19:37:18,Travail d'endurance.
4534,49419,2025-08-23 18:07:00,Natation,1507.0,2025-08-23 18:33:15,Bonne séance.
4535,49419,2025-08-24 09:03:00,Natation,3513.0,2025-08-24 10:35:06,Bonne séance.
4536,49419,2025-08-25 09:52:00,Natation,1094.0,2025-08-25 10:14:06,
4537,49419,2025-08-29 12:59:00,Natation,539.0,2025-08-29 13:11:43,Bonne séance.
4538,49419,2025-09-06 18:33:00,Natation,3640.0,2025-09-06 19:55:34,
4539,49419,2025-09-08 18:47:00,Natation,3346.0,2025-09-08 20:15:00,Travail d'endurance.
4540,49419,2025-09-13 19:14:00,Natation,2867.0,2025-09-13 20:27:26,Travail d'endurance.
4541,49419,2025-09-14 08:01:00,Natation,541.0,2025-09-14 08:12:47,
4542,49419,2025-09-18 18:27:00,Natation,2960.0,2025-09-18 19:11:08,
4543,49419,2025-09-23 19:14:00,Natation,691.0,2025-09-23 19:31:30,Bonne séance.
4544,49419,2025-10-01 12:46:00,Natation,1993.0,2025-10-01 13:16:35,Travail d'endurance.
4545,49419,2025-10-07 12:45:00,Natation,3752.0,2025-10-07 14:11:10,Travail d'endurance.
4546,49419,2025-10-08 19:59:00,Natation,3016.0,2025-10-08 20:42:32,
4547,49419,2025-10-10 09:35:00,Natation,871.0,2025-10-10 09:58:24,Bonne séance.
4548,49419,2025-10-18 07:56:00,Natation,3617.0,2025-10-18 09:16:40,Bonne séance.
4549,49419,2025-10-20 12:32:00,Natation,3859.0,2025-10-20 13:29:35,Bonne séance.
4550,49419,2025-10-21 19:07:00,Natation,1810.0,2025-10-21 19:41:08,Travail d'endurance.
4551,49419,2025-10-28 19:58:00,Natation,955.0,2025-10-28 20:22:28,
4552,49419,2025-10-31 12:58:00,Natation,2518.0,2025-10-31 13:51:30,
4553,49419,2025-11-03 17:23:00,Natation,3633.0,2025-11-03 18:26:59,Travail d'endurance.
4554,49419,2025-11-11 09:16:00,Natation,1133.0,2025-11-11 09:39:07,Travail d'endurance.
4555,49419,2025-11-22 18:51:00,Natation,2951.0,2025-11-22 19:47:08,
4556,49419,2025-11-23 09:50:00,Natation,1698.0,2025-11-23 10:23:00,Travail d'endurance.
4557,49419,2025-11-24 19:23:00,Natation,3660.0,2025-11-24 20:44:19,Bonne séance.
4558,49419,2025-11-26 12:09:00,Natation,650.0,2025-11-26 12:22:28,Bonne séance.
4559,49419,2025-11-30 12:13:00,Natation,750.0,2025-11-30 12:24:04,Bonne séance.
4560,49419,2025-12-09 12:51:00,Natation,1579.0,2025-12-09 13:15:23,Bonne séance.
4561,49419,2025-12-15 18:46:00,Natation,750.0,2025-12-15 19:03:42,Bonne séance.
4562,49419,2025-12-17 09:19:00,Natation,1434.0,2025-12-17 09:44:53,
4563,49419,2025-12-19 12:18:00,Natation,3864.0,2025-12-19 14:04:14,Bonne séance.
4564,49419,2025-12-23 18:11:00,Natation,2070.0,2025-12-23 19:09:28,Travail d'endurance.
4565,49419,2025-12-24 08:21:00,Natation,1563.0,2025-12-24 08:44:53,Bonne séance.
4566,49419,2025-12-27 18:33:00,Natation,2149.0,2025-12-27 19:01:57,Bonne séance.
4567,49419,2026-01-01 17:53:00,Natation,1729.0,2026-01-01 18:16:05,Bonne séance.
4568,49419,2026-01-06 08:00:00,Natation,2324.0,2026-01-06 08:38:24,Bonne séance.
4569,49419,2026-01-07 18:13:00,Natation,1089.0,2026-01-07 18:33:27,
4570,49419,2026-01-12 18:35:00,Natation,2142.0,2026-01-12 19:15:18,Travail d'endurance.
4571,49419,2026-01-13 08:22:00,Natation,2972.0,2026-01-13 09:39:05,Travail d'endurance.
4572,49419,2026-01-17 12:46:00,Natation,2564.0,2026-01-17 13:23:37,Travail d'endurance.
4573,49419,2026-01-21 18:44:00,Natation,623.0,2026-01-21 18:53:22,Travail d'endurance.
4574,49419,2026-01-26 08:03:00,Natation,3342.0,2026-01-26 09:13:42,Bonne séance.
4575,49419,2026-01-28 19:15:00,Natation,1563.0,2026-01-28 20:01:32,
4576,49419,2026-01-29 18:33:00,Natation,3917.0,2026-01-29 19:39:57,
4577,49419,2026-02-02 12:47:00,Natation,843.0,2026-02-02 12:58:31,Bonne séance.
4578,49419,2026-02-05 17:54:00,Natation,2340.0,2026-02-05 18:39:42,Bonne séance.
4579,49419,2026-02-10 08:43:00,Natation,3187.0,2026-02-10 09:32:44,Bonne séance.
4580,49419,2026-02-15 12:32:00,Natation,2938.0,2026-02-15 13:13:56,Bonne séance.
4581,49419,2026-02-20 18:21:00,Natation,1910.0,2026-02-20 19:04:28,Bonne séance.
4582,49419,2026-02-26 18:55:00,Natation,613.0,2026-02-26 19:09:08,Travail d'endurance.
4583,49419,2026-03-02 12:13:00,Natation,2148.0,2026-03-02 12:46:16,
4584,49419,2026-03-07 12:46:00,Natation,1344.0,2026-03-07 13:18:54,Travail d'endurance.
4585,49419,2026-03-09 18:09:00,Natation,2474.0,2026-03-09 19:14:44,
4586,49419,2026-03-17 18:56:00,Natation,2507.0,2026-03-17 19:45:05,
4587,49419,2026-03-21 12:06:00,Natation,2232.0,2026-03-21 13:01:33,Bonne séance.
4588,49419,2026-03-26 17:23:00,Natation,967.0,2026-03-26 17:44:19,Travail d'endurance.
4589,49419,2026-04-02 08:02:00,Natation,2035.0,2026-04-02 08:52:03,
4590,49419,2026-04-04 19:27:00,Natation,2869.0,2026-04-04 20:52:14,Travail d'endurance.
4591,49419,2026-04-06 07:57:00,Natation,1238.0,2026-04-06 08:16:12,Travail d'endurance.
4592,49419,2026-04-12 08:43:00,Natation,2128.0,2026-04-12 09:30:48,
4593,49419,2026-04-14 07:27:00,Natation,2737.0,2026-04-14 08:46:36,
4594,49419,2026-04-18 12:29:00,Natation,3610.0,2026-04-18 14:14:45,
4595,49419,2026-04-22 08:28:00,Natation,3688.0,2026-04-22 10:13:27,Bonne séance.
4596,49419,2026-04-26 17:12:00,Natation,1354.0,2026-04-26 17:45:00,Bonne séance.
4597,49419,2026-04-28 08:16:00,Natation,1645.0,2026-04-28 08:49:33,
4598,49419,2026-05-02 19:07:00,Natation,3810.0,2026-05-02 20:20:42,Travail d'endurance.
4599,49419,2026-05-06 12:15:00,Natation,2774.0,2026-05-06 13:37:40,
4600,49419,2026-05-09 17:02:00,Natation,3536.0,2026-05-09 18:12:51,Bonne séance.
4601,49419,2026-05-10 09:39:00,Natation,3484.0,2026-05-10 10:38:11,Travail d'endurance.
4602,49419,2026-05-11 09:06:00,Natation,3362.0,2026-05-11 10:03:29,Travail d'endurance.
4603,49419,2026-05-18 18:10:00,Natation,3605.0,2026-05-18 19:16:54,Travail d'endurance.
4604,49419,2026-05-20 19:05:00,Natation,1155.0,2026-05-20 19:21:21,
4605,49419,2026-05-23 19:24:00,Natation,1410.0,2026-05-23 19:53:29,
4606,49419,2026-05-28 19:27:00,Natation,743.0,2026-05-28 19:46:16,Bonne séance.
4607,49419,2026-05-30 18:26:00,Natation,2353.0,2026-05-30 19:13:15,Bonne séance.
4608,49419,2026-06-03 19:10:00,Natation,2764.0,2026-06-03 19:55:55,Bonne séance.
4609,49419,2026-06-11 12:16:00,Natation,3053.0,2026-06-11 13:03:18,Travail d'endurance.
4610,49419,2026-06-14 18:00:00,Natation,2571.0,2026-06-14 18:37:11,Bonne séance.
4611,49419,2026-06-17 09:52:00,Natation,511.0,2026-06-17 10:02:04,Bonne séance.
4612,49419,2026-06-24 19:55:00,Natation,588.0,2026-06-24 20:09:33,Travail d'endurance.
4613,49419,2026-06-27 07:42:00,Natation,3428.0,2026-06-27 08:29:46,Travail d'endurance.
4614,49419,2026-07-02 07:10:00,Natation,1262.0,2026-07-02 07:29:16,Bonne séance.
4615,49419,2026-07-06 17:02:00,Natation,1644.0,2026-07-06 17:39:15,Travail d'endurance.
4616,49419,2026-07-11 07:37:00,Natation,1422.0,2026-07-11 08:12:04,
4617,49419,2026-07-13 08:11:00,Natation,526.0,2026-07-13 08:18:11,
4618,49419,2026-07-18 09:04:00,Natation,666.0,2026-07-18 09:20:45,Bonne séance.
4619,49419,2026-07-19 19:03:00,Natation,964.0,2026-07-19 19:19:19,Travail d'endurance.
4620,49419,2026-07-20 08:21:00,Natation,1661.0,2026-07-20 08:56:19,Travail d'endurance.
4621,30945,2025-07-21 19:25:00,Runing,12517.0,2025-07-21 20:39:55,Reprise du sport :)
4622,30945,2025-07-28 08:48:00,Runing,15710.0,2025-07-28 10:39:14,Bonne sortie !
4623,30945,2025-07-31 09:54:00,Runing,7035.0,2025-07-31 10:39:04,Bonne sortie !
4624,30945,2025-08-02 17:27:00,Runing,5166.0,2025-08-02 18:11:00,
4625,30945,2025-08-07 18:34:00,Runing,13569.0,2025-08-07 20:11:07,Bonne sortie !
4626,30945,2025-08-08 19:50:00,Runing,7414.0,2025-08-08 20:28:38,
4627,30945,2025-08-14 07:28:00,Runing,15780.0,2025-08-14 09:13:12,Très bonnes sensations.
4628,30945,2025-08-21 17:39:00,Runing,5193.0,2025-08-21 18:03:31,
4629,30945,2025-08-23 08:15:00,Runing,11133.0,2025-08-23 09:26:00,
4630,30945,2025-08-26 17:23:00,Runing,7552.0,2025-08-26 18:19:55,
4631,30945,2025-08-27 12:11:00,Runing,12753.0,2025-08-27 13:16:41,Reprise du sport :)
4632,30945,2025-08-31 12:21:00,Runing,13193.0,2025-08-31 13:22:17,
4633,30945,2025-09-01 17:08:00,Runing,5962.0,2025-09-01 17:46:10,
4634,30945,2025-09-04 18:14:00,Runing,4636.0,2025-09-04 18:42:08,Bonne sortie !
4635,30945,2025-09-08 19:17:00,Runing,10757.0,2025-09-08 20:29:26,Très bonnes sensations.
4636,30945,2025-09-10 09:24:00,Runing,4685.0,2025-09-10 09:46:42,Bonne sortie !
4637,30945,2025-09-13 18:01:00,Runing,17587.0,2025-09-13 19:39:23,
4638,30945,2025-09-15 07:00:00,Runing,12356.0,2025-09-15 08:10:13,Reprise du sport :)
4639,30945,2025-09-20 09:55:00,Runing,5251.0,2025-09-20 10:31:32,Bonne sortie !
4640,30945,2025-09-26 07:04:00,Runing,8797.0,2025-09-26 07:51:21,Reprise du sport :)
4641,30945,2025-09-28 07:17:00,Runing,6438.0,2025-09-28 07:51:08,Bonne sortie !
4642,30945,2025-09-30 07:37:00,Runing,13483.0,2025-09-30 09:23:01,Bonne sortie !
4643,30945,2025-10-05 19:28:00,Runing,10948.0,2025-10-05 20:20:32,Très bonnes sensations.
4644,30945,2025-10-09 18:08:00,Runing,7275.0,2025-10-09 18:52:33,Bonne sortie !
4645,30945,2025-10-11 09:44:00,Runing,15144.0,2025-10-11 11:30:48,Bonne sortie !
4646,30945,2025-10-12 17:34:00,Runing,6870.0,2025-10-12 18:10:39,Reprise du sport :)
4647,30945,2025-10-21 18:59:00,Runing,11842.0,2025-10-21 19:59:29,Bonne sortie !
4648,30945,2025-10-24 18:59:00,Runing,3121.0,2025-10-24 19:20:15,Très bonnes sensations.
4649,30945,2025-10-25 12:02:00,Runing,10068.0,2025-10-25 13:02:40,Très bonnes sensations.
4650,30945,2025-10-27 19:10:00,Runing,12648.0,2025-10-27 20:22:01,Très bonnes sensations.
4651,30945,2025-10-31 09:06:00,Runing,8864.0,2025-10-31 09:49:28,
4652,30945,2025-11-01 08:21:00,Runing,10655.0,2025-11-01 09:17:35,Reprise du sport :)
4653,30945,2025-11-02 17:21:00,Runing,13429.0,2025-11-02 18:41:24,Reprise du sport :)
4654,30945,2025-11-04 18:33:00,Runing,11690.0,2025-11-04 19:59:02,Bonne sortie !
4655,30945,2025-11-12 18:50:00,Runing,10828.0,2025-11-12 20:13:11,Bonne sortie !
4656,30945,2025-11-14 07:47:00,Runing,11321.0,2025-11-14 09:06:01,Très bonnes sensations.
4657,30945,2025-11-21 17:49:00,Runing,5757.0,2025-11-21 18:26:39,Bonne sortie !
4658,30945,2025-11-25 07:50:00,Runing,12594.0,2025-11-25 09:10:49,Bonne sortie !
4659,30945,2025-11-28 08:11:00,Runing,17247.0,2025-11-28 10:04:41,
4660,30945,2025-11-29 17:11:00,Runing,8778.0,2025-11-29 17:57:18,Très bonnes sensations.
4661,30945,2025-12-06 09:28:00,Runing,5819.0,2025-12-06 10:01:51,Bonne sortie !
4662,30945,2025-12-08 18:00:00,Runing,4485.0,2025-12-08 18:22:14,Bonne sortie !
4663,30945,2025-12-09 19:10:00,Runing,7025.0,2025-12-09 19:43:38,
4664,30945,2025-12-13 09:36:00,Runing,12394.0,2025-12-13 11:08:23,
4665,30945,2025-12-18 18:41:00,Runing,9840.0,2025-12-18 19:44:02,Très bonnes sensations.
4666,30945,2025-12-22 12:25:00,Runing,3004.0,2025-12-22 12:46:01,Reprise du sport :)
4667,30945,2026-01-01 09:27:00,Runing,6181.0,2026-01-01 10:12:43,Très bonnes sensations.
4668,30945,2026-01-04 07:45:00,Runing,6794.0,2026-01-04 08:23:09,
4669,30945,2026-01-09 18:48:00,Runing,4382.0,2026-01-09 19:13:10,Bonne sortie !
4670,30945,2026-01-12 17:39:00,Runing,5910.0,2026-01-12 18:24:25,Reprise du sport :)
4671,30945,2026-01-17 19:29:00,Runing,4534.0,2026-01-17 20:05:10,Bonne sortie !
4672,30945,2026-01-18 18:02:00,Runing,9879.0,2026-01-18 18:48:21,Bonne sortie !
4673,30945,2026-01-24 12:31:00,Runing,13798.0,2026-01-24 14:25:36,Très bonnes sensations.
4674,30945,2026-01-25 18:47:00,Runing,9848.0,2026-01-25 19:36:18,
4675,30945,2026-01-28 12:27:00,Runing,17259.0,2026-01-28 14:40:07,Reprise du sport :)
4676,30945,2026-02-06 17:45:00,Runing,8799.0,2026-02-06 18:59:46,Reprise du sport :)
4677,30945,2026-02-11 08:12:00,Runing,7446.0,2026-02-11 08:58:49,Très bonnes sensations.
4678,30945,2026-02-16 19:14:00,Runing,14031.0,2026-02-16 21:03:47,Bonne sortie !
4679,30945,2026-02-20 19:26:00,Runing,4878.0,2026-02-20 20:07:22,Reprise du sport :)
4680,30945,2026-02-22 12:19:00,Runing,5248.0,2026-02-22 12:43:56,
4681,30945,2026-02-27 12:22:00,Runing,7522.0,2026-02-27 12:58:24,Reprise du sport :)
4682,30945,2026-03-06 08:29:00,Runing,5927.0,2026-03-06 09:05:21,Très bonnes sensations.
4683,30945,2026-03-10 19:02:00,Runing,9913.0,2026-03-10 19:50:57,Bonne sortie !
4684,30945,2026-03-11 19:16:00,Runing,12902.0,2026-03-11 20:44:26,
4685,30945,2026-03-13 19:17:00,Runing,17417.0,2026-03-13 21:06:11,
4686,30945,2026-03-17 07:32:00,Runing,12019.0,2026-03-17 08:46:45,
4687,30945,2026-03-21 19:54:00,Runing,11100.0,2026-03-21 20:56:08,Bonne sortie !
4688,30945,2026-03-24 18:11:00,Runing,3674.0,2026-03-24 18:28:56,Reprise du sport :)
4689,30945,2026-03-30 09:49:00,Runing,7379.0,2026-03-30 10:48:18,Très bonnes sensations.
4690,30945,2026-03-31 08:14:00,Runing,7401.0,2026-03-31 09:02:57,Reprise du sport :)
4691,30945,2026-04-01 19:12:00,Runing,11208.0,2026-04-01 20:08:18,Reprise du sport :)
4692,30945,2026-04-05 08:22:00,Runing,17322.0,2026-04-05 10:20:38,Reprise du sport :)
4693,30945,2026-04-09 18:14:00,Runing,9201.0,2026-04-09 18:59:48,Bonne sortie !
4694,30945,2026-04-16 07:17:00,Runing,14275.0,2026-04-16 08:44:21,Bonne sortie !
4695,30945,2026-04-18 17:27:00,Runing,15024.0,2026-04-18 18:47:13,
4696,30945,2026-04-19 09:14:00,Runing,11206.0,2026-04-19 10:08:54,Reprise du sport :)
4697,30945,2026-04-23 12:47:00,Runing,7389.0,2026-04-23 13:42:06,Très bonnes sensations.
4698,30945,2026-04-25 18:17:00,Runing,6841.0,2026-04-25 19:02:59,
4699,30945,2026-04-30 19:14:00,Runing,10814.0,2026-04-30 20:17:36,Reprise du sport :)
4700,30945,2026-05-03 12:54:00,Runing,13609.0,2026-05-03 14:09:32,
4701,30945,2026-05-05 09:14:00,Runing,10464.0,2026-05-05 10:16:35,Reprise du sport :)
4702,30945,2026-05-06 09:13:00,Runing,10488.0,2026-05-06 10:39:07,Très bonnes sensations.
4703,30945,2026-05-14 19:28:00,Runing,16815.0,2026-05-14 21:00:28,Reprise du sport :)
4704,30945,2026-05-19 19:29:00,Runing,5152.0,2026-05-19 19:56:54,Très bonnes sensations.
4705,30945,2026-05-20 19:14:00,Runing,9621.0,2026-05-20 20:09:56,
4706,30945,2026-05-26 18:05:00,Runing,11510.0,2026-05-26 19:19:46,
4707,30945,2026-05-29 07:09:00,Runing,10418.0,2026-05-29 08:12:27,Bonne sortie !
4708,30945,2026-05-31 19:33:00,Runing,8047.0,2026-05-31 20:26:36,Très bonnes sensations.
4709,30945,2026-06-05 18:53:00,Runing,16723.0,2026-06-05 20:29:44,
4710,30945,2026-06-06 09:15:00,Runing,8952.0,2026-06-06 10:11:43,Très bonnes sensations.
4711,30945,2026-06-09 07:14:00,Runing,14565.0,2026-06-09 08:56:58,Reprise du sport :)
4712,30945,2026-06-18 08:13:00,Runing,3443.0,2026-06-18 08:35:02,Très bonnes sensations.
4713,30945,2026-06-20 18:13:00,Runing,3364.0,2026-06-20 18:29:57,Très bonnes sensations.
4714,30945,2026-06-21 08:11:00,Runing,15040.0,2026-06-21 10:02:24,Très bonnes sensations.
4715,30945,2026-06-25 19:30:00,Runing,17929.0,2026-06-25 21:12:58,Reprise du sport :)
4716,30945,2026-06-27 19:05:00,Runing,13064.0,2026-06-27 20:55:27,Très bonnes sensations.
4717,30945,2026-07-01 09:13:00,Runing,11231.0,2026-07-01 10:11:18,
4718,30945,2026-07-02 12:30:00,Runing,15311.0,2026-07-02 14:21:36,Très bonnes sensations.
4719,30945,2026-07-03 08:19:00,Runing,14136.0,2026-07-03 09:30:24,Très bonnes sensations.
4720,30945,2026-07-05 19:20:00,Runing,16087.0,2026-07-05 20:34:27,Reprise du sport :)
4721,30945,2026-07-10 19:01:00,Runing,16825.0,2026-07-10 20:32:34,Reprise du sport :)
4722,30945,2026-07-12 18:29:00,Runing,3961.0,2026-07-12 18:56:43,Très bonnes sensations.
4723,30945,2026-07-13 19:44:00,Runing,15531.0,2026-07-13 21:48:48,Très bonnes sensations.
4724,30945,2026-07-18 18:46:00,Runing,10254.0,2026-07-18 20:11:42,Très bonnes sensations.
4725,30945,2026-07-19 19:03:00,Runing,15493.0,2026-07-19 21:08:18,Bonne sortie !
4726,29793,2025-07-20 19:37:00,Runing,12524.0,2025-07-20 21:10:11,
4727,29793,2025-07-21 18:36:00,Runing,16375.0,2025-07-21 20:12:09,Bonne sortie !
4728,29793,2025-07-23 12:07:00,Runing,12205.0,2025-07-23 13:39:25,Reprise du sport :)
4729,29793,2025-08-02 19:14:00,Runing,10596.0,2025-08-02 20:38:17,
4730,29793,2025-08-05 09:10:00,Runing,9639.0,2025-08-05 10:04:57,Bonne sortie !
4731,29793,2025-08-06 07:13:00,Runing,14763.0,2025-08-06 08:32:17,Bonne sortie !
4732,29793,2025-08-07 07:43:00,Runing,15633.0,2025-08-07 09:34:20,Reprise du sport :)
4733,29793,2025-08-15 17:44:00,Runing,3315.0,2025-08-15 18:09:54,Reprise du sport :)
4734,29793,2025-08-16 19:36:00,Runing,13002.0,2025-08-16 20:36:37,Très bonnes sensations.
4735,29793,2025-08-20 17:11:00,Runing,4040.0,2025-08-20 17:33:39,Très bonnes sensations.
4736,29793,2025-08-24 09:16:00,Runing,12949.0,2025-08-24 10:32:18,Reprise du sport :)
4737,29793,2025-09-04 17:47:00,Runing,15710.0,2025-09-04 19:35:45,Bonne sortie !
4738,29793,2025-09-12 08:50:00,Runing,17279.0,2025-09-12 10:22:53,
4739,29793,2025-09-18 07:26:00,Runing,10724.0,2025-09-18 08:30:16,
4740,29793,2025-09-19 12:40:00,Runing,9175.0,2025-09-19 13:23:16,Reprise du sport :)
4741,29793,2025-09-21 09:56:00,Runing,13570.0,2025-09-21 11:16:05,
4742,29793,2025-09-22 07:24:00,Runing,13657.0,2025-09-22 08:31:41,Bonne sortie !
4743,29793,2025-09-26 19:41:00,Runing,11372.0,2025-09-26 21:11:16,
4744,29793,2025-10-01 19:02:00,Runing,4874.0,2025-10-01 19:31:40,Bonne sortie !
4745,29793,2025-10-07 07:28:00,Runing,17415.0,2025-10-07 09:51:23,
4746,29793,2025-10-10 17:40:00,Runing,11837.0,2025-10-10 19:18:48,
4747,29793,2025-10-13 08:33:00,Runing,5713.0,2025-10-13 09:05:20,Très bonnes sensations.
4748,29793,2025-10-15 17:11:00,Runing,13670.0,2025-10-15 18:18:07,Reprise du sport :)
4749,29793,2025-10-23 09:48:00,Runing,3494.0,2025-10-23 10:07:07,
4750,29793,2025-10-25 12:09:00,Runing,11459.0,2025-10-25 13:17:26,Reprise du sport :)
4751,29793,2025-10-27 18:17:00,Runing,4455.0,2025-10-27 18:52:52,
4752,29793,2025-10-29 12:59:00,Runing,12704.0,2025-10-29 14:07:36,Très bonnes sensations.
4753,29793,2025-10-31 19:07:00,Runing,5809.0,2025-10-31 19:36:32,Très bonnes sensations.
4754,29793,2025-11-02 17:02:00,Runing,11689.0,2025-11-02 18:31:54,
4755,29793,2025-11-03 08:39:00,Runing,4966.0,2025-11-03 09:09:36,Bonne sortie !
4756,29793,2025-11-10 09:17:00,Runing,7412.0,2025-11-10 10:10:31,Très bonnes sensations.
4757,29793,2025-11-14 18:41:00,Runing,6012.0,2025-11-14 19:14:14,Reprise du sport :)
4758,29793,2025-11-16 07:11:00,Runing,3179.0,2025-11-16 07:27:43,Reprise du sport :)
4759,29793,2025-11-19 19:42:00,Runing,13776.0,2025-11-19 21:27:13,Bonne sortie !
4760,29793,2025-11-21 18:56:00,Runing,9126.0,2025-11-21 20:02:03,
4761,29793,2025-11-23 12:23:00,Runing,7073.0,2025-11-23 13:23:10,Reprise du sport :)
4762,29793,2025-11-24 17:28:00,Runing,9636.0,2025-11-24 18:16:26,
4763,29793,2025-11-28 08:39:00,Runing,9172.0,2025-11-28 09:29:31,Très bonnes sensations.
4764,29793,2025-12-01 19:18:00,Runing,6969.0,2025-12-01 20:03:11,Bonne sortie !
4765,29793,2025-12-07 09:14:00,Runing,14442.0,2025-12-07 10:28:48,Reprise du sport :)
4766,29793,2025-12-09 17:48:00,Runing,4296.0,2025-12-09 18:11:01,Très bonnes sensations.
4767,29793,2025-12-13 19:23:00,Runing,15761.0,2025-12-13 20:37:45,
4768,29793,2025-12-20 12:52:00,Runing,14496.0,2025-12-20 14:32:46,Bonne sortie !
4769,29793,2025-12-23 19:45:00,Runing,12338.0,2025-12-23 21:01:14,Très bonnes sensations.
4770,29793,2026-01-01 09:17:00,Runing,14670.0,2026-01-01 10:50:38,Bonne sortie !
4771,29793,2026-01-05 08:27:00,Runing,3629.0,2026-01-05 08:50:27,Très bonnes sensations.
4772,29793,2026-01-15 12:18:00,Runing,12589.0,2026-01-15 13:59:30,Reprise du sport :)
4773,29793,2026-01-16 17:19:00,Runing,12288.0,2026-01-16 18:20:58,Bonne sortie !
4774,29793,2026-01-17 08:47:00,Runing,3827.0,2026-01-17 09:05:04,Bonne sortie !
4775,29793,2026-01-19 08:26:00,Runing,12235.0,2026-01-19 09:34:29,
4776,29793,2026-01-21 12:26:00,Runing,9523.0,2026-01-21 13:42:50,Très bonnes sensations.
4777,29793,2026-01-22 17:37:00,Runing,9687.0,2026-01-22 18:49:06,Reprise du sport :)
4778,29793,2026-01-29 17:42:00,Runing,16453.0,2026-01-29 19:46:33,Bonne sortie !
4779,29793,2026-01-31 08:20:00,Runing,15312.0,2026-01-31 09:49:03,Très bonnes sensations.
4780,29793,2026-02-05 12:45:00,Runing,11117.0,2026-02-05 13:53:43,Bonne sortie !
4781,29793,2026-02-07 09:58:00,Runing,15795.0,2026-02-07 11:36:41,Reprise du sport :)
4782,29793,2026-02-09 09:33:00,Runing,5828.0,2026-02-09 10:20:57,Reprise du sport :)
4783,29793,2026-02-15 09:12:00,Runing,12881.0,2026-02-15 10:28:01,Bonne sortie !
4784,29793,2026-02-16 19:38:00,Runing,4386.0,2026-02-16 20:11:11,Bonne sortie !
4785,29793,2026-02-21 12:00:00,Runing,3480.0,2026-02-21 12:29:43,
4786,29793,2026-02-22 18:42:00,Runing,14442.0,2026-02-22 20:10:26,Très bonnes sensations.
4787,29793,2026-02-24 08:53:00,Runing,13107.0,2026-02-24 10:02:19,
4788,29793,2026-03-06 18:14:00,Runing,16974.0,2026-03-06 20:35:24,Reprise du sport :)
4789,29793,2026-03-07 18:59:00,Runing,12240.0,2026-03-07 20:37:55,Reprise du sport :)
4790,29793,2026-03-08 08:33:00,Runing,16296.0,2026-03-08 10:06:34,Reprise du sport :)
4791,29793,2026-03-20 19:34:00,Runing,10701.0,2026-03-20 20:56:22,Très bonnes sensations.
4792,29793,2026-03-24 09:10:00,Runing,15161.0,2026-03-24 10:27:39,Bonne sortie !
4793,29793,2026-03-25 09:58:00,Runing,3186.0,2026-03-25 10:19:18,Bonne sortie !
4794,29793,2026-03-27 07:33:00,Runing,5992.0,2026-03-27 08:15:48,Bonne sortie !
4795,29793,2026-04-02 12:27:00,Runing,10014.0,2026-04-02 13:23:24,
4796,29793,2026-04-07 12:08:00,Runing,17997.0,2026-04-07 13:33:31,
4797,29793,2026-04-09 18:54:00,Runing,9062.0,2026-04-09 19:51:45,Bonne sortie !
4798,29793,2026-04-10 07:05:00,Runing,10763.0,2026-04-10 08:03:57,Bonne sortie !
4799,29793,2026-04-12 12:26:00,Runing,4646.0,2026-04-12 12:48:05,Très bonnes sensations.
4800,29793,2026-04-15 17:21:00,Runing,10869.0,2026-04-15 18:43:22,Reprise du sport :)
4801,29793,2026-04-16 19:54:00,Runing,3110.0,2026-04-16 20:15:04,Reprise du sport :)
4802,29793,2026-04-19 18:10:00,Runing,8209.0,2026-04-19 19:08:58,
4803,29793,2026-04-21 18:12:00,Runing,10899.0,2026-04-21 19:11:39,Reprise du sport :)
4804,29793,2026-04-26 07:31:00,Runing,11031.0,2026-04-26 08:37:21,Bonne sortie !
4805,29793,2026-05-02 07:31:00,Runing,8728.0,2026-05-02 08:42:02,Très bonnes sensations.
4806,29793,2026-05-09 17:48:00,Runing,13866.0,2026-05-09 19:31:01,
4807,29793,2026-05-15 09:53:00,Runing,13191.0,2026-05-15 11:02:02,
4808,29793,2026-05-18 08:13:00,Runing,10530.0,2026-05-18 09:40:15,Reprise du sport :)
4809,29793,2026-05-20 18:11:00,Runing,16277.0,2026-05-20 20:02:26,Reprise du sport :)
4810,29793,2026-05-21 09:54:00,Runing,10349.0,2026-05-21 11:05:13,
4811,29793,2026-05-27 07:28:00,Runing,15284.0,2026-05-27 08:39:55,Très bonnes sensations.
4812,29793,2026-05-30 19:08:00,Runing,15688.0,2026-05-30 21:00:41,
4813,29793,2026-06-05 19:30:00,Runing,9775.0,2026-06-05 20:35:41,
4814,29793,2026-06-07 18:35:00,Runing,16980.0,2026-06-07 20:02:10,Reprise du sport :)
4815,29793,2026-06-12 07:30:00,Runing,14388.0,2026-06-12 09:12:22,Bonne sortie !
4816,29793,2026-06-14 09:22:00,Runing,9283.0,2026-06-14 10:30:18,Reprise du sport :)
4817,29793,2026-06-16 07:38:00,Runing,16335.0,2026-06-16 09:49:44,Reprise du sport :)
4818,29793,2026-06-18 17:00:00,Runing,8641.0,2026-06-18 17:57:07,
4819,29793,2026-06-21 19:28:00,Runing,7269.0,2026-06-21 20:18:33,Très bonnes sensations.
4820,29793,2026-06-23 18:23:00,Runing,7077.0,2026-06-23 19:03:00,
4821,29793,2026-06-26 12:03:00,Runing,13594.0,2026-06-26 13:24:58,Très bonnes sensations.
4822,29793,2026-06-28 09:00:00,Runing,12631.0,2026-06-28 10:29:25,
4823,29793,2026-07-07 07:34:00,Runing,7526.0,2026-07-07 08:08:59,Bonne sortie !
4824,29793,2026-07-10 17:59:00,Runing,15918.0,2026-07-10 19:23:44,Bonne sortie !
4825,29793,2026-07-11 08:05:00,Runing,16177.0,2026-07-11 09:39:48,Bonne sortie !
4826,29793,2026-07-13 19:47:00,Runing,14983.0,2026-07-13 21:51:11,Reprise du sport :)
4827,29793,2026-07-15 19:34:00,Runing,12087.0,2026-07-15 20:51:11,Reprise du sport :)
4828,29793,2026-07-18 18:44:00,Runing,15185.0,2026-07-18 20:51:51,Très bonnes sensations.
4829,29793,2026-07-19 12:20:00,Runing,5579.0,2026-07-19 12:51:26,Reprise du sport :)
4830,29793,2026-07-20 07:57:00,Runing,9260.0,2026-07-20 09:00:54,Très bonnes sensations.
4831,41293,2025-07-26 08:46:00,Randonnée,11757.0,2025-07-26 11:41:09,Nouveau sentier découvert.
4832,41293,2025-07-28 07:59:00,Randonnée,10221.0,2025-07-28 10:06:22,Nouveau sentier découvert.
4833,41293,2025-08-03 17:58:00,Randonnée,20620.0,2025-08-03 21:35:03,Nouveau sentier découvert.
4834,41293,2025-08-05 12:02:00,Randonnée,20567.0,2025-08-05 16:01:10,Nouveau sentier découvert.
4835,41293,2025-08-14 08:02:00,Randonnée,7849.0,2025-08-14 09:40:09,
4836,41293,2025-08-19 19:14:00,Randonnée,6584.0,2025-08-19 21:14:36,Très beau parcours.
4837,41293,2025-08-22 19:24:00,Randonnée,16405.0,2025-08-23 00:22:12,Une randonnée à refaire.
4838,41293,2025-08-23 17:17:00,Randonnée,22138.0,2025-08-23 22:47:47,
4839,41293,2025-08-25 08:11:00,Randonnée,7909.0,2025-08-25 10:33:19,Nouveau sentier découvert.
4840,41293,2025-08-27 07:18:00,Randonnée,18903.0,2025-08-27 10:48:11,Très beau parcours.
4841,41293,2025-08-31 09:14:00,Randonnée,23681.0,2025-08-31 13:22:37,
4842,41293,2025-09-09 09:45:00,Randonnée,13126.0,2025-09-09 13:07:31,
4843,41293,2025-09-10 19:34:00,Randonnée,8508.0,2025-09-10 21:02:42,Très beau parcours.
4844,41293,2025-09-17 19:04:00,Randonnée,13478.0,2025-09-17 22:17:52,
4845,41293,2025-09-22 17:17:00,Randonnée,17802.0,2025-09-22 20:26:45,Nouveau sentier découvert.
4846,41293,2025-09-23 19:24:00,Randonnée,17375.0,2025-09-24 00:30:54,Nouveau sentier découvert.
4847,41293,2025-09-25 08:15:00,Randonnée,14705.0,2025-09-25 11:07:41,Nouveau sentier découvert.
4848,41293,2025-09-30 08:00:00,Randonnée,8517.0,2025-09-30 09:37:23,
4849,41293,2025-10-05 08:23:00,Randonnée,19930.0,2025-10-05 12:02:52,Nouveau sentier découvert.
4850,41293,2025-10-07 07:13:00,Randonnée,16722.0,2025-10-07 10:53:28,
4851,41293,2025-10-09 09:59:00,Randonnée,5698.0,2025-10-09 11:20:47,
4852,41293,2025-10-13 12:53:00,Randonnée,4274.0,2025-10-13 13:55:21,Très beau parcours.
4853,41293,2025-10-15 18:33:00,Randonnée,6874.0,2025-10-15 19:56:28,Nouveau sentier découvert.
4854,41293,2025-10-19 17:34:00,Randonnée,23259.0,2025-10-20 00:29:05,Très beau parcours.
4855,41293,2025-10-25 17:02:00,Randonnée,23410.0,2025-10-26 00:00:41,Très beau parcours.
4856,41293,2025-11-01 18:15:00,Randonnée,24941.0,2025-11-02 02:19:51,Une randonnée à refaire.
4857,41293,2025-11-02 17:16:00,Randonnée,15107.0,2025-11-02 21:36:54,Très beau parcours.
4858,41293,2025-11-11 17:29:00,Randonnée,23577.0,2025-11-11 23:14:02,
4859,41293,2025-11-15 17:41:00,Randonnée,10116.0,2025-11-15 19:23:45,
4860,41293,2025-11-20 18:34:00,Randonnée,18102.0,2025-11-21 00:21:07,Nouveau sentier découvert.
4861,41293,2025-11-26 09:42:00,Randonnée,14540.0,2025-11-26 13:33:12,Une randonnée à refaire.
4862,41293,2025-11-29 18:37:00,Randonnée,8491.0,2025-11-29 21:19:41,Une randonnée à refaire.
4863,41293,2025-12-02 18:18:00,Randonnée,14793.0,2025-12-02 22:19:30,
4864,41293,2025-12-04 07:35:00,Randonnée,4533.0,2025-12-04 08:30:36,
4865,41293,2025-12-06 18:35:00,Randonnée,23504.0,2025-12-07 00:13:22,Une randonnée à refaire.
4866,41293,2025-12-08 19:21:00,Randonnée,17046.0,2025-12-08 22:13:09,Très beau parcours.
4867,41293,2025-12-09 19:10:00,Randonnée,23566.0,2025-12-09 23:32:41,Une randonnée à refaire.
4868,41293,2025-12-12 08:07:00,Randonnée,20165.0,2025-12-12 12:16:29,
4869,41293,2025-12-17 12:00:00,Randonnée,11691.0,2025-12-17 13:58:43,Nouveau sentier découvert.
4870,41293,2025-12-19 07:51:00,Randonnée,17762.0,2025-12-19 11:04:02,Une randonnée à refaire.
4871,41293,2025-12-21 07:18:00,Randonnée,18709.0,2025-12-21 10:38:46,Très beau parcours.
4872,41293,2025-12-24 19:26:00,Randonnée,17307.0,2025-12-25 01:06:41,Très beau parcours.
4873,41293,2025-12-27 09:51:00,Randonnée,6060.0,2025-12-27 11:19:44,Une randonnée à refaire.
4874,41293,2025-12-28 09:12:00,Randonnée,4143.0,2025-12-28 10:29:36,Très beau parcours.
4875,41293,2026-01-04 12:31:00,Randonnée,7076.0,2026-01-04 14:18:32,
4876,41293,2026-01-09 09:33:00,Randonnée,18419.0,2026-01-09 13:27:20,Une randonnée à refaire.
4877,41293,2026-01-10 08:11:00,Randonnée,12377.0,2026-01-10 11:21:05,Très beau parcours.
4878,41293,2026-01-15 09:19:00,Randonnée,18494.0,2026-01-15 13:15:01,
4879,41293,2026-01-20 08:06:00,Randonnée,14481.0,2026-01-20 10:56:56,Nouveau sentier découvert.
4880,41293,2026-01-21 17:03:00,Randonnée,14463.0,2026-01-21 19:50:55,
4881,41293,2026-01-23 17:59:00,Randonnée,6619.0,2026-01-23 19:14:17,Nouveau sentier découvert.
4882,41293,2026-01-27 19:45:00,Randonnée,17258.0,2026-01-27 23:23:21,Nouveau sentier découvert.
4883,41293,2026-01-30 09:24:00,Randonnée,8032.0,2026-01-30 11:07:23,Très beau parcours.
4884,41293,2026-02-05 12:16:00,Randonnée,24552.0,2026-02-05 17:09:56,Nouveau sentier découvert.
4885,41293,2026-02-06 12:35:00,Randonnée,4226.0,2026-02-06 13:36:30,Nouveau sentier découvert.
4886,41293,2026-02-14 08:15:00,Randonnée,19671.0,2026-02-14 11:47:56,
4887,41293,2026-02-15 19:41:00,Randonnée,7285.0,2026-02-15 21:14:11,Très beau parcours.
4888,41293,2026-02-16 07:38:00,Randonnée,15792.0,2026-02-16 11:18:29,Très beau parcours.
4889,41293,2026-02-17 08:12:00,Randonnée,8707.0,2026-02-17 09:55:02,Nouveau sentier découvert.
4890,41293,2026-02-28 18:08:00,Randonnée,10892.0,2026-02-28 20:27:09,Nouveau sentier découvert.
4891,41293,2026-03-01 08:55:00,Randonnée,22372.0,2026-03-01 12:47:51,Une randonnée à refaire.
4892,41293,2026-03-03 08:48:00,Randonnée,9369.0,2026-03-03 10:31:13,Nouveau sentier découvert.
4893,41293,2026-03-12 18:11:00,Randonnée,12463.0,2026-03-12 21:44:54,Nouveau sentier découvert.
4894,41293,2026-03-14 08:39:00,Randonnée,9224.0,2026-03-14 11:09:44,Une randonnée à refaire.
4895,41293,2026-03-15 08:43:00,Randonnée,9975.0,2026-03-15 11:58:16,
4896,41293,2026-03-16 09:44:00,Randonnée,4004.0,2026-03-16 10:59:10,Très beau parcours.
4897,41293,2026-03-21 08:48:00,Randonnée,9740.0,2026-03-21 10:56:28,Une randonnée à refaire.
4898,41293,2026-03-23 09:31:00,Randonnée,6313.0,2026-03-23 10:49:41,Très beau parcours.
4899,41293,2026-03-29 09:52:00,Randonnée,14521.0,2026-03-29 12:27:58,Une randonnée à refaire.
4900,41293,2026-04-01 19:17:00,Randonnée,15209.0,2026-04-01 23:46:56,Nouveau sentier découvert.
4901,41293,2026-04-03 07:58:00,Randonnée,18501.0,2026-04-03 12:37:33,
4902,41293,2026-04-09 08:07:00,Randonnée,4965.0,2026-04-09 09:45:56,Nouveau sentier découvert.
4903,41293,2026-04-13 18:09:00,Randonnée,10039.0,2026-04-13 20:02:13,Nouveau sentier découvert.
4904,41293,2026-04-18 18:46:00,Randonnée,8933.0,2026-04-18 20:19:22,Nouveau sentier découvert.
4905,41293,2026-04-22 08:13:00,Randonnée,6471.0,2026-04-22 09:44:31,
4906,41293,2026-04-25 12:25:00,Randonnée,13789.0,2026-04-25 15:04:24,
4907,41293,2026-04-26 17:23:00,Randonnée,5715.0,2026-04-26 18:55:19,
4908,41293,2026-04-27 09:39:00,Randonnée,14262.0,2026-04-27 13:42:54,Une randonnée à refaire.
4909,41293,2026-05-08 09:05:00,Randonnée,5231.0,2026-05-08 10:08:47,Une randonnée à refaire.
4910,41293,2026-05-10 09:01:00,Randonnée,18232.0,2026-05-10 13:08:31,Une randonnée à refaire.
4911,41293,2026-05-11 17:10:00,Randonnée,18025.0,2026-05-11 21:18:02,Très beau parcours.
4912,41293,2026-05-13 09:36:00,Randonnée,4079.0,2026-05-13 10:20:18,Nouveau sentier découvert.
4913,41293,2026-05-17 19:02:00,Randonnée,12031.0,2026-05-17 21:23:00,Très beau parcours.
4914,41293,2026-05-26 19:16:00,Randonnée,17488.0,2026-05-26 22:38:18,Une randonnée à refaire.
4915,41293,2026-05-27 17:28:00,Randonnée,12757.0,2026-05-27 20:42:01,Nouveau sentier découvert.
4916,41293,2026-05-29 18:37:00,Randonnée,10844.0,2026-05-29 21:53:22,Très beau parcours.
4917,41293,2026-06-03 18:36:00,Randonnée,21749.0,2026-06-03 22:50:40,
4918,41293,2026-06-04 09:38:00,Randonnée,20583.0,2026-06-04 14:26:26,Une randonnée à refaire.
4919,41293,2026-06-05 19:20:00,Randonnée,4465.0,2026-06-05 20:07:50,Très beau parcours.
4920,41293,2026-06-13 12:49:00,Randonnée,18303.0,2026-06-13 17:31:19,Très beau parcours.
4921,41293,2026-06-19 08:37:00,Randonnée,12429.0,2026-06-19 10:48:18,
4922,41293,2026-06-21 08:45:00,Randonnée,21958.0,2026-06-21 13:21:57,
4923,41293,2026-06-28 17:18:00,Randonnée,22428.0,2026-06-28 21:10:05,Très beau parcours.
4924,41293,2026-06-30 09:01:00,Randonnée,4133.0,2026-06-30 09:49:38,Très beau parcours.
4925,41293,2026-07-04 18:28:00,Randonnée,18317.0,2026-07-04 21:58:23,Très beau parcours.
4926,41293,2026-07-06 19:37:00,Randonnée,21401.0,2026-07-06 23:48:18,Une randonnée à refaire.
4927,41293,2026-07-13 19:56:00,Randonnée,24872.0,2026-07-14 03:04:14,Nouveau sentier découvert.
4928,41293,2026-07-14 18:29:00,Randonnée,20515.0,2026-07-14 22:30:55,
4929,41293,2026-07-19 08:28:00,Randonnée,21231.0,2026-07-19 12:46:27,Nouveau sentier découvert.
4930,41293,2026-07-20 07:21:00,Randonnée,21912.0,2026-07-20 11:03:10,Une randonnée à refaire.
4931,42472,2025-08-01 07:46:00,Randonnée,10551.0,2025-08-01 09:50:17,Une randonnée à refaire.
4932,42472,2025-08-06 09:29:00,Randonnée,22840.0,2025-08-06 14:14:36,Une randonnée à refaire.
4933,42472,2025-08-10 19:43:00,Randonnée,14635.0,2025-08-10 22:56:10,Nouveau sentier découvert.
4934,42472,2025-08-21 19:50:00,Randonnée,16675.0,2025-08-22 00:29:36,Très beau parcours.
4935,42472,2025-09-01 08:25:00,Randonnée,7910.0,2025-09-01 10:55:34,
4936,42472,2025-09-14 12:25:00,Randonnée,8338.0,2025-09-14 15:10:32,Nouveau sentier découvert.
4937,42472,2025-09-23 09:46:00,Randonnée,18733.0,2025-09-23 13:28:26,Nouveau sentier découvert.
4938,42472,2025-09-30 12:42:00,Randonnée,21129.0,2025-09-30 16:19:02,Une randonnée à refaire.
4939,42472,2025-10-11 19:22:00,Randonnée,20172.0,2025-10-12 00:20:23,Très beau parcours.
4940,42472,2025-10-15 12:17:00,Randonnée,4187.0,2025-10-15 13:40:10,Nouveau sentier découvert.
4941,42472,2025-10-21 17:50:00,Randonnée,17596.0,2025-10-21 21:04:36,Très beau parcours.
4942,42472,2025-10-31 07:22:00,Randonnée,6336.0,2025-10-31 08:51:34,Une randonnée à refaire.
4943,42472,2025-11-04 07:09:00,Randonnée,9738.0,2025-11-04 08:51:57,Une randonnée à refaire.
4944,42472,2025-11-09 19:32:00,Randonnée,23291.0,2025-11-10 00:21:02,Une randonnée à refaire.
4945,42472,2025-12-18 12:01:00,Randonnée,20795.0,2025-12-18 15:55:14,Une randonnée à refaire.
4946,42472,2025-12-27 07:46:00,Randonnée,6081.0,2025-12-27 09:09:43,Très beau parcours.
4947,42472,2025-12-29 07:56:00,Randonnée,24388.0,2025-12-29 14:11:41,Une randonnée à refaire.
4948,42472,2026-01-18 08:02:00,Randonnée,14904.0,2026-01-18 10:54:10,Très beau parcours.
4949,42472,2026-02-06 07:13:00,Randonnée,12818.0,2026-02-06 09:46:42,
4950,42472,2026-02-13 07:52:00,Randonnée,23903.0,2026-02-13 13:15:58,Nouveau sentier découvert.
4951,42472,2026-02-16 19:17:00,Randonnée,15030.0,2026-02-16 21:48:03,Une randonnée à refaire.
4952,42472,2026-03-11 17:17:00,Randonnée,21256.0,2026-03-12 00:16:35,Une randonnée à refaire.
4953,42472,2026-03-23 09:48:00,Randonnée,16374.0,2026-03-23 12:54:56,Nouveau sentier découvert.
4954,42472,2026-04-02 07:36:00,Randonnée,14546.0,2026-04-02 10:50:10,Très beau parcours.
4955,42472,2026-04-10 07:56:00,Randonnée,15035.0,2026-04-10 11:05:47,
4956,42472,2026-04-19 08:45:00,Randonnée,24217.0,2026-04-19 15:12:10,Très beau parcours.
4957,42472,2026-05-21 17:48:00,Randonnée,8584.0,2026-05-21 19:56:53,Une randonnée à refaire.
4958,42472,2026-06-01 19:19:00,Randonnée,9032.0,2026-06-01 22:12:33,
4959,42472,2026-06-12 12:30:00,Randonnée,13361.0,2026-06-12 15:24:22,Nouveau sentier découvert.
4960,42472,2026-06-18 09:07:00,Randonnée,14117.0,2026-06-18 13:31:41,Nouveau sentier découvert.
4961,42472,2026-06-26 17:46:00,Randonnée,9209.0,2026-06-26 20:19:18,Très beau parcours.
4962,42472,2026-07-04 18:33:00,Randonnée,16990.0,2026-07-04 21:53:19,Une randonnée à refaire.
4963,42472,2026-07-13 08:41:00,Randonnée,11201.0,2026-07-13 11:52:45,Nouveau sentier découvert.
4964,69938,2025-07-24 12:45:00,Randonnée,24404.0,2025-07-24 17:22:50,Très beau parcours.
4965,69938,2025-07-25 12:26:00,Randonnée,19747.0,2025-07-25 17:31:33,Très beau parcours.
4966,69938,2025-08-02 12:12:00,Randonnée,4081.0,2025-08-02 13:10:59,Très beau parcours.
4967,69938,2025-08-03 09:05:00,Randonnée,21354.0,2025-08-03 12:47:03,
4968,69938,2025-08-04 12:34:00,Randonnée,20405.0,2025-08-04 18:29:00,Très beau parcours.
4969,69938,2025-08-08 12:52:00,Randonnée,15855.0,2025-08-08 15:46:04,Une randonnée à refaire.
4970,69938,2025-08-14 17:53:00,Randonnée,4766.0,2025-08-14 18:42:18,Très beau parcours.
4971,69938,2025-08-16 08:08:00,Randonnée,19078.0,2025-08-16 11:49:12,Très beau parcours.
4972,69938,2025-08-17 17:32:00,Randonnée,22981.0,2025-08-18 00:59:33,Très beau parcours.
4973,69938,2025-08-20 08:14:00,Randonnée,19450.0,2025-08-20 12:05:39,
4974,69938,2025-08-23 07:45:00,Randonnée,18038.0,2025-08-23 12:19:04,Une randonnée à refaire.
4975,69938,2025-08-27 07:42:00,Randonnée,22094.0,2025-08-27 13:27:04,Nouveau sentier découvert.
4976,69938,2025-08-28 12:37:00,Randonnée,14582.0,2025-08-28 15:28:13,
4977,69938,2025-08-29 18:50:00,Randonnée,18587.0,2025-08-29 23:11:39,Une randonnée à refaire.
4978,69938,2025-09-01 17:04:00,Randonnée,21846.0,2025-09-01 21:47:34,
4979,69938,2025-09-04 19:28:00,Randonnée,10885.0,2025-09-04 21:56:50,
4980,69938,2025-09-07 09:31:00,Randonnée,23743.0,2025-09-07 16:59:48,Une randonnée à refaire.
4981,69938,2025-09-11 09:32:00,Randonnée,23940.0,2025-09-11 14:03:43,Nouveau sentier découvert.
4982,69938,2025-09-17 19:35:00,Randonnée,10884.0,2025-09-17 21:59:35,Nouveau sentier découvert.
4983,69938,2025-09-22 07:55:00,Randonnée,9097.0,2025-09-22 09:27:51,Nouveau sentier découvert.
4984,69938,2025-09-25 12:05:00,Randonnée,8945.0,2025-09-25 14:29:32,Nouveau sentier découvert.
4985,69938,2025-09-28 18:50:00,Randonnée,23746.0,2025-09-29 02:32:03,Une randonnée à refaire.
4986,69938,2025-09-29 18:05:00,Randonnée,21930.0,2025-09-29 21:58:29,
4987,69938,2025-10-04 08:59:00,Randonnée,22581.0,2025-10-04 13:33:12,Nouveau sentier découvert.
4988,69938,2025-10-05 19:08:00,Randonnée,4870.0,2025-10-05 20:07:04,Nouveau sentier découvert.
4989,69938,2025-10-09 07:58:00,Randonnée,17165.0,2025-10-09 12:05:20,
4990,69938,2025-10-11 19:07:00,Randonnée,5542.0,2025-10-11 20:23:12,Très beau parcours.
4991,69938,2025-10-15 19:09:00,Randonnée,23316.0,2025-10-16 00:08:55,Nouveau sentier découvert.
4992,69938,2025-10-20 09:57:00,Randonnée,20756.0,2025-10-20 14:06:39,Nouveau sentier découvert.
4993,69938,2025-10-23 18:19:00,Randonnée,23905.0,2025-10-23 22:30:21,
4994,69938,2025-10-24 08:45:00,Randonnée,14360.0,2025-10-24 13:20:02,Nouveau sentier découvert.
4995,69938,2025-10-29 17:26:00,Randonnée,20992.0,2025-10-29 21:21:29,Très beau parcours.
4996,69938,2025-10-30 08:21:00,Randonnée,15610.0,2025-10-30 11:25:41,
4997,69938,2025-11-03 18:06:00,Randonnée,9597.0,2025-11-03 19:50:19,Très beau parcours.
4998,69938,2025-11-05 07:20:00,Randonnée,14789.0,2025-11-05 11:00:41,
4999,69938,2025-11-11 18:57:00,Randonnée,5072.0,2025-11-11 20:11:44,
5000,69938,2025-11-12 17:30:00,Randonnée,24246.0,2025-11-12 22:32:25,Très beau parcours.
5001,69938,2025-11-15 17:17:00,Randonnée,13180.0,2025-11-15 20:45:39,Une randonnée à refaire.
5002,69938,2025-11-20 08:06:00,Randonnée,6501.0,2025-11-20 09:45:09,Une randonnée à refaire.
5003,69938,2025-11-22 12:03:00,Randonnée,7355.0,2025-11-22 13:26:56,Très beau parcours.
5004,69938,2025-11-23 08:25:00,Randonnée,21555.0,2025-11-23 12:01:35,
5005,69938,2025-11-25 09:40:00,Randonnée,16895.0,2025-11-25 12:45:45,
5006,69938,2025-11-29 18:02:00,Randonnée,23096.0,2025-11-29 22:43:51,Nouveau sentier découvert.
5007,69938,2025-11-30 19:56:00,Randonnée,8657.0,2025-11-30 22:16:31,Une randonnée à refaire.
5008,69938,2025-12-03 19:49:00,Randonnée,24563.0,2025-12-04 02:16:44,Nouveau sentier découvert.
5009,69938,2025-12-04 17:18:00,Randonnée,12631.0,2025-12-04 20:16:54,Nouveau sentier découvert.
5010,69938,2025-12-07 19:14:00,Randonnée,17869.0,2025-12-07 22:41:06,Nouveau sentier découvert.
5011,69938,2025-12-09 09:52:00,Randonnée,4709.0,2025-12-09 11:20:19,Très beau parcours.
5012,69938,2025-12-13 08:39:00,Randonnée,14462.0,2025-12-13 11:54:28,Nouveau sentier découvert.
5013,69938,2025-12-14 09:37:00,Randonnée,20325.0,2025-12-14 14:34:34,Très beau parcours.
5014,69938,2025-12-15 17:58:00,Randonnée,8826.0,2025-12-15 19:44:10,Très beau parcours.
5015,69938,2025-12-19 07:32:00,Randonnée,16894.0,2025-12-19 10:24:14,Très beau parcours.
5016,69938,2025-12-21 19:05:00,Randonnée,14860.0,2025-12-21 22:15:37,Une randonnée à refaire.
5017,69938,2025-12-22 18:10:00,Randonnée,11430.0,2025-12-22 21:16:22,Une randonnée à refaire.
5018,69938,2025-12-25 07:24:00,Randonnée,16217.0,2025-12-25 12:27:25,Une randonnée à refaire.
5019,69938,2025-12-30 08:37:00,Randonnée,18183.0,2025-12-30 11:59:22,
5020,69938,2026-01-01 12:58:00,Randonnée,10792.0,2026-01-01 15:44:03,Nouveau sentier découvert.
5021,69938,2026-01-02 19:30:00,Randonnée,12342.0,2026-01-02 22:27:44,
5022,69938,2026-01-09 17:22:00,Randonnée,21851.0,2026-01-09 23:02:30,
5023,69938,2026-01-10 18:31:00,Randonnée,12773.0,2026-01-10 20:57:45,
5024,69938,2026-01-11 07:21:00,Randonnée,4430.0,2026-01-11 08:06:29,Très beau parcours.
5025,69938,2026-01-14 07:32:00,Randonnée,7081.0,2026-01-14 09:12:50,
5026,69938,2026-01-18 08:50:00,Randonnée,13825.0,2026-01-18 11:20:27,Nouveau sentier découvert.
5027,69938,2026-01-20 12:44:00,Randonnée,5919.0,2026-01-20 13:53:25,Une randonnée à refaire.
5028,69938,2026-01-24 19:35:00,Randonnée,10664.0,2026-01-24 21:40:54,Nouveau sentier découvert.
5029,69938,2026-01-25 08:37:00,Randonnée,8108.0,2026-01-25 10:22:34,Une randonnée à refaire.
5030,69938,2026-01-30 18:40:00,Randonnée,11909.0,2026-01-30 20:40:50,
5031,69938,2026-02-04 19:40:00,Randonnée,15399.0,2026-02-04 22:16:24,
5032,69938,2026-02-12 12:45:00,Randonnée,10133.0,2026-02-12 15:46:30,Très beau parcours.
5033,69938,2026-02-13 12:24:00,Randonnée,18824.0,2026-02-13 16:41:55,Nouveau sentier découvert.
5034,69938,2026-02-14 12:26:00,Randonnée,18270.0,2026-02-14 15:33:08,
5035,69938,2026-02-17 18:25:00,Randonnée,11881.0,2026-02-17 21:30:57,
5036,69938,2026-02-28 19:53:00,Randonnée,8194.0,2026-02-28 22:17:34,Très beau parcours.
5037,69938,2026-03-05 17:02:00,Randonnée,6371.0,2026-03-05 18:09:05,Très beau parcours.
5038,69938,2026-03-07 18:28:00,Randonnée,17873.0,2026-03-07 22:18:04,Nouveau sentier découvert.
5039,69938,2026-03-10 18:01:00,Randonnée,7073.0,2026-03-10 19:36:57,Nouveau sentier découvert.
5040,69938,2026-03-12 17:04:00,Randonnée,14728.0,2026-03-12 21:20:12,Une randonnée à refaire.
5041,69938,2026-03-18 07:17:00,Randonnée,13626.0,2026-03-18 11:42:23,Très beau parcours.
5042,69938,2026-03-21 08:15:00,Randonnée,15483.0,2026-03-21 13:06:24,Une randonnée à refaire.
5043,69938,2026-03-24 09:08:00,Randonnée,16350.0,2026-03-24 12:08:19,
5044,69938,2026-03-25 17:24:00,Randonnée,12071.0,2026-03-25 20:06:04,Très beau parcours.
5045,69938,2026-03-29 17:37:00,Randonnée,15688.0,2026-03-29 20:37:50,Nouveau sentier découvert.
5046,69938,2026-03-30 17:40:00,Randonnée,14972.0,2026-03-30 21:20:49,Très beau parcours.
5047,69938,2026-04-06 12:54:00,Randonnée,12608.0,2026-04-06 15:13:10,Une randonnée à refaire.
5048,69938,2026-04-08 17:02:00,Randonnée,4862.0,2026-04-08 18:21:57,Une randonnée à refaire.
5049,69938,2026-04-10 07:11:00,Randonnée,14961.0,2026-04-10 10:53:45,Très beau parcours.
5050,69938,2026-04-14 18:16:00,Randonnée,22000.0,2026-04-14 23:30:26,Très beau parcours.
5051,69938,2026-04-18 08:34:00,Randonnée,21561.0,2026-04-18 14:24:57,
5052,69938,2026-04-20 08:04:00,Randonnée,12280.0,2026-04-20 10:11:34,Une randonnée à refaire.
5053,69938,2026-04-22 12:46:00,Randonnée,6742.0,2026-04-22 14:24:09,Nouveau sentier découvert.
5054,69938,2026-04-27 08:22:00,Randonnée,7040.0,2026-04-27 10:28:20,Nouveau sentier découvert.
5055,69938,2026-04-30 17:33:00,Randonnée,19288.0,2026-04-30 21:35:40,Une randonnée à refaire.
5056,69938,2026-05-03 08:55:00,Randonnée,4264.0,2026-05-03 10:01:08,Une randonnée à refaire.
5057,69938,2026-05-11 12:41:00,Randonnée,18268.0,2026-05-11 16:57:24,Très beau parcours.
5058,69938,2026-05-13 07:44:00,Randonnée,21312.0,2026-05-13 11:40:13,
5059,69938,2026-05-17 18:44:00,Randonnée,21560.0,2026-05-17 23:35:16,Très beau parcours.
5060,69938,2026-05-26 08:37:00,Randonnée,6762.0,2026-05-26 10:19:06,
5061,69938,2026-06-01 12:34:00,Randonnée,17518.0,2026-06-01 17:33:14,
5062,69938,2026-06-03 19:00:00,Randonnée,19921.0,2026-06-03 22:41:32,
5063,69938,2026-06-07 17:42:00,Randonnée,17283.0,2026-06-07 21:13:57,Une randonnée à refaire.
5064,69938,2026-06-10 12:19:00,Randonnée,8222.0,2026-06-10 14:22:35,Nouveau sentier découvert.
5065,69938,2026-06-12 19:03:00,Randonnée,17321.0,2026-06-12 22:33:56,
5066,69938,2026-06-20 12:52:00,Randonnée,22946.0,2026-06-20 17:29:02,Très beau parcours.
5067,69938,2026-06-21 08:45:00,Randonnée,10428.0,2026-06-21 12:11:02,
5068,69938,2026-06-23 07:11:00,Randonnée,10397.0,2026-06-23 10:28:15,Nouveau sentier découvert.
5069,69938,2026-06-26 19:21:00,Randonnée,14981.0,2026-06-26 21:57:52,
5070,69938,2026-06-29 09:47:00,Randonnée,7131.0,2026-06-29 11:57:09,Très beau parcours.
5071,69938,2026-06-30 07:25:00,Randonnée,17397.0,2026-06-30 11:20:02,
5072,69938,2026-07-03 09:04:00,Randonnée,12391.0,2026-07-03 12:11:47,Très beau parcours.
5073,69938,2026-07-05 19:25:00,Randonnée,17907.0,2026-07-05 22:34:12,Très beau parcours.
5074,69938,2026-07-13 08:54:00,Randonnée,8477.0,2026-07-13 11:06:40,
5075,69938,2026-07-16 09:14:00,Randonnée,23238.0,2026-07-16 16:05:07,Très beau parcours.
5076,69938,2026-07-17 07:23:00,Randonnée,16379.0,2026-07-17 12:10:24,
5077,69938,2026-07-19 19:04:00,Randonnée,7731.0,2026-07-19 20:31:57,Une randonnée à refaire.
5078,70933,2025-07-21 17:06:00,Tennis,,2025-07-21 18:15:00,Bonne séance.
5079,70933,2025-07-28 17:24:00,Tennis,,2025-07-28 18:23:00,Bonne séance.
5080,70933,2025-07-29 08:15:00,Tennis,,2025-07-29 09:32:00,Entraînement terminé.
5081,70933,2025-08-02 19:55:00,Tennis,,2025-08-02 21:32:00,Entraînement terminé.
5082,70933,2025-08-04 09:11:00,Tennis,,2025-08-04 11:00:00,Très bonnes sensations.
5083,70933,2025-08-09 09:49:00,Tennis,,2025-08-09 11:12:00,Très bonnes sensations.
5084,70933,2025-08-10 08:16:00,Tennis,,2025-08-10 10:15:00,Très bonnes sensations.
5085,70933,2025-08-16 12:12:00,Tennis,,2025-08-16 13:31:00,Bonne séance.
5086,70933,2025-08-17 09:15:00,Tennis,,2025-08-17 10:55:00,Très bonnes sensations.
5087,70933,2025-08-21 18:42:00,Tennis,,2025-08-21 20:27:00,Bonne séance.
5088,70933,2025-08-22 09:42:00,Tennis,,2025-08-22 11:40:00,Entraînement terminé.
5089,70933,2025-08-28 12:53:00,Tennis,,2025-08-28 14:07:00,Entraînement terminé.
5090,70933,2025-08-31 09:44:00,Tennis,,2025-08-31 10:51:00,Très bonnes sensations.
5091,70933,2025-09-06 12:23:00,Tennis,,2025-09-06 13:50:00,
5092,70933,2025-09-10 08:23:00,Tennis,,2025-09-10 09:39:00,
5093,70933,2025-09-13 17:58:00,Tennis,,2025-09-13 19:36:00,Très bonnes sensations.
5094,70933,2025-09-14 12:50:00,Tennis,,2025-09-14 14:22:00,Bonne séance.
5095,70933,2025-09-16 08:25:00,Tennis,,2025-09-16 10:24:00,Entraînement terminé.
5096,70933,2025-09-23 12:49:00,Tennis,,2025-09-23 14:08:00,Très bonnes sensations.
5097,70933,2025-09-30 18:14:00,Tennis,,2025-09-30 19:42:00,Bonne séance.
5098,70933,2025-10-03 17:37:00,Tennis,,2025-10-03 19:14:00,Bonne séance.
5099,70933,2025-10-09 09:47:00,Tennis,,2025-10-09 11:03:00,Bonne séance.
5100,70933,2025-10-10 09:12:00,Tennis,,2025-10-10 10:46:00,Très bonnes sensations.
5101,70933,2025-10-11 17:09:00,Tennis,,2025-10-11 18:32:00,
5102,70933,2025-10-12 08:41:00,Tennis,,2025-10-12 10:24:00,Très bonnes sensations.
5103,70933,2025-10-15 08:47:00,Tennis,,2025-10-15 10:42:00,Bonne séance.
5104,70933,2025-10-20 18:18:00,Tennis,,2025-10-20 19:55:00,Entraînement terminé.
5105,70933,2025-10-21 17:47:00,Tennis,,2025-10-21 19:26:00,Bonne séance.
5106,70933,2025-10-26 19:06:00,Tennis,,2025-10-26 20:41:00,Bonne séance.
5107,70933,2025-10-29 09:36:00,Tennis,,2025-10-29 11:21:00,Bonne séance.
5108,70933,2025-10-30 17:38:00,Tennis,,2025-10-30 19:32:00,
5109,70933,2025-11-02 19:14:00,Tennis,,2025-11-02 21:03:00,
5110,70933,2025-11-04 07:25:00,Tennis,,2025-11-04 09:15:00,Bonne séance.
5111,70933,2025-11-09 08:01:00,Tennis,,2025-11-09 09:49:00,Bonne séance.
5112,70933,2025-11-12 12:08:00,Tennis,,2025-11-12 13:41:00,
5113,70933,2025-11-14 12:44:00,Tennis,,2025-11-14 13:50:00,
5114,70933,2025-11-18 17:39:00,Tennis,,2025-11-18 19:18:00,Très bonnes sensations.
5115,70933,2025-11-23 08:24:00,Tennis,,2025-11-23 09:44:00,Bonne séance.
5116,70933,2025-11-27 07:08:00,Tennis,,2025-11-27 08:08:00,Entraînement terminé.
5117,70933,2025-11-28 12:50:00,Tennis,,2025-11-28 14:00:00,Entraînement terminé.
5118,70933,2025-12-01 09:41:00,Tennis,,2025-12-01 11:01:00,Bonne séance.
5119,70933,2025-12-03 18:37:00,Tennis,,2025-12-03 19:43:00,Très bonnes sensations.
5120,70933,2025-12-09 08:58:00,Tennis,,2025-12-09 10:07:00,
5121,70933,2025-12-10 12:08:00,Tennis,,2025-12-10 14:07:00,Entraînement terminé.
5122,70933,2025-12-13 07:13:00,Tennis,,2025-12-13 08:48:00,Entraînement terminé.
5123,70933,2025-12-14 18:07:00,Tennis,,2025-12-14 19:15:00,Très bonnes sensations.
5124,70933,2025-12-19 18:58:00,Tennis,,2025-12-19 20:32:00,Entraînement terminé.
5125,70933,2025-12-20 17:29:00,Tennis,,2025-12-20 18:25:00,Très bonnes sensations.
5126,70933,2025-12-21 12:43:00,Tennis,,2025-12-21 14:38:00,Bonne séance.
5127,70933,2025-12-26 08:21:00,Tennis,,2025-12-26 09:34:00,
5128,70933,2025-12-28 12:06:00,Tennis,,2025-12-28 13:12:00,Entraînement terminé.
5129,70933,2026-01-04 19:45:00,Tennis,,2026-01-04 21:01:00,Entraînement terminé.
5130,70933,2026-01-07 18:37:00,Tennis,,2026-01-07 19:26:00,
5131,70933,2026-01-10 08:14:00,Tennis,,2026-01-10 09:28:00,Entraînement terminé.
5132,70933,2026-01-12 18:26:00,Tennis,,2026-01-12 20:12:00,Bonne séance.
5133,70933,2026-01-14 18:17:00,Tennis,,2026-01-14 20:10:00,
5134,70933,2026-01-18 17:51:00,Tennis,,2026-01-18 19:09:00,
5135,70933,2026-01-22 18:03:00,Tennis,,2026-01-22 18:57:00,Très bonnes sensations.
5136,70933,2026-01-26 07:04:00,Tennis,,2026-01-26 08:21:00,
5137,70933,2026-01-29 07:25:00,Tennis,,2026-01-29 08:11:00,Entraînement terminé.
5138,70933,2026-02-05 18:42:00,Tennis,,2026-02-05 19:37:00,
5139,70933,2026-02-06 07:54:00,Tennis,,2026-02-06 09:18:00,Bonne séance.
5140,70933,2026-02-07 07:09:00,Tennis,,2026-02-07 09:01:00,Très bonnes sensations.
5141,70933,2026-02-08 17:02:00,Tennis,,2026-02-08 17:56:00,
5142,70933,2026-02-11 08:18:00,Tennis,,2026-02-11 09:21:00,
5143,70933,2026-02-17 17:57:00,Tennis,,2026-02-17 19:24:00,Entraînement terminé.
5144,70933,2026-02-22 08:20:00,Tennis,,2026-02-22 09:30:00,
5145,70933,2026-02-23 12:03:00,Tennis,,2026-02-23 13:49:00,
5146,70933,2026-02-24 12:53:00,Tennis,,2026-02-24 14:53:00,
5147,70933,2026-03-05 12:03:00,Tennis,,2026-03-05 12:58:00,Entraînement terminé.
5148,70933,2026-03-08 07:50:00,Tennis,,2026-03-08 09:38:00,
5149,70933,2026-03-13 08:56:00,Tennis,,2026-03-13 09:58:00,
5150,70933,2026-03-15 08:19:00,Tennis,,2026-03-15 10:03:00,
5151,70933,2026-03-17 08:59:00,Tennis,,2026-03-17 10:50:00,
5152,70933,2026-03-20 09:05:00,Tennis,,2026-03-20 10:05:00,Bonne séance.
5153,70933,2026-03-24 09:08:00,Tennis,,2026-03-24 10:55:00,
5154,70933,2026-03-25 19:59:00,Tennis,,2026-03-25 21:11:00,Très bonnes sensations.
5155,70933,2026-03-27 12:54:00,Tennis,,2026-03-27 14:44:00,Entraînement terminé.
5156,70933,2026-03-31 19:27:00,Tennis,,2026-03-31 20:36:00,
5157,70933,2026-04-01 08:35:00,Tennis,,2026-04-01 09:30:00,
5158,70933,2026-04-07 07:42:00,Tennis,,2026-04-07 09:15:00,
5159,70933,2026-04-08 19:36:00,Tennis,,2026-04-08 20:57:00,Bonne séance.
5160,70933,2026-04-09 08:41:00,Tennis,,2026-04-09 09:45:00,
5161,70933,2026-04-12 07:45:00,Tennis,,2026-04-12 09:00:00,
5162,70933,2026-04-14 09:13:00,Tennis,,2026-04-14 10:40:00,
5163,70933,2026-04-23 12:42:00,Tennis,,2026-04-23 13:50:00,Très bonnes sensations.
5164,70933,2026-04-24 07:26:00,Tennis,,2026-04-24 09:21:00,Entraînement terminé.
5165,70933,2026-04-27 09:11:00,Tennis,,2026-04-27 10:59:00,Entraînement terminé.
5166,70933,2026-04-28 07:00:00,Tennis,,2026-04-28 08:02:00,Entraînement terminé.
5167,70933,2026-05-06 19:04:00,Tennis,,2026-05-06 20:48:00,Entraînement terminé.
5168,70933,2026-05-08 17:33:00,Tennis,,2026-05-08 19:03:00,Très bonnes sensations.
5169,70933,2026-05-12 17:36:00,Tennis,,2026-05-12 18:49:00,
5170,70933,2026-05-14 07:23:00,Tennis,,2026-05-14 08:21:00,Entraînement terminé.
5171,70933,2026-05-19 18:58:00,Tennis,,2026-05-19 20:34:00,Bonne séance.
5172,70933,2026-05-20 09:23:00,Tennis,,2026-05-20 11:12:00,Entraînement terminé.
5173,70933,2026-05-30 08:28:00,Tennis,,2026-05-30 09:24:00,Très bonnes sensations.
5174,70933,2026-06-03 12:08:00,Tennis,,2026-06-03 13:39:00,Très bonnes sensations.
5175,70933,2026-06-07 12:55:00,Tennis,,2026-06-07 13:41:00,Très bonnes sensations.
5176,70933,2026-06-09 07:42:00,Tennis,,2026-06-09 08:32:00,
5177,70933,2026-06-19 09:07:00,Tennis,,2026-06-19 10:20:00,
5178,70933,2026-06-20 19:24:00,Tennis,,2026-06-20 21:14:00,Très bonnes sensations.
5179,70933,2026-06-23 07:50:00,Tennis,,2026-06-23 09:40:00,Très bonnes sensations.
5180,70933,2026-06-28 07:40:00,Tennis,,2026-06-28 09:17:00,Très bonnes sensations.
5181,70933,2026-07-05 19:48:00,Tennis,,2026-07-05 20:45:00,Très bonnes sensations.
5182,70933,2026-07-07 08:34:00,Tennis,,2026-07-07 09:37:00,
5183,70933,2026-07-09 12:26:00,Tennis,,2026-07-09 13:32:00,Bonne séance.
5184,70933,2026-07-12 09:55:00,Tennis,,2026-07-12 11:00:00,Bonne séance.
5185,70933,2026-07-17 08:09:00,Tennis,,2026-07-17 10:04:00,Bonne séance.
5186,70933,2026-07-18 08:11:00,Tennis,,2026-07-18 10:07:00,Bonne séance.
5187,70933,2026-07-19 12:20:00,Tennis,,2026-07-19 13:24:00,Bonne séance.
5188,70933,2026-07-20 09:38:00,Tennis,,2026-07-20 11:38:00,Entraînement terminé.
5189,46903,2025-07-20 07:46:00,Escalade,,2025-07-20 10:22:00,Entraînement terminé.
5190,46903,2025-07-31 19:07:00,Escalade,,2025-07-31 20:36:00,Entraînement terminé.
5191,46903,2025-08-29 07:52:00,Escalade,,2025-08-29 10:41:00,Entraînement terminé.
5192,46903,2025-09-13 12:59:00,Escalade,,2025-09-13 14:17:00,Bonne séance.
5193,46903,2025-09-30 07:40:00,Escalade,,2025-09-30 10:09:00,Entraînement terminé.
5194,46903,2025-10-09 07:38:00,Escalade,,2025-10-09 10:15:00,Très bonnes sensations.
5195,46903,2025-11-23 17:18:00,Escalade,,2025-11-23 20:14:00,Entraînement terminé.
5196,46903,2025-12-07 17:21:00,Escalade,,2025-12-07 20:12:00,Bonne séance.
5197,46903,2025-12-23 12:35:00,Escalade,,2025-12-23 14:27:00,Très bonnes sensations.
5198,46903,2026-01-02 18:08:00,Escalade,,2026-01-02 20:18:00,
5199,46903,2026-02-02 19:22:00,Escalade,,2026-02-02 21:25:00,
5200,46903,2026-02-19 17:49:00,Escalade,,2026-02-19 19:03:00,Bonne séance.
5201,46903,2026-03-10 08:52:00,Escalade,,2026-03-10 11:24:00,Très bonnes sensations.
5202,46903,2026-03-28 09:35:00,Escalade,,2026-03-28 11:16:00,Entraînement terminé.
5203,46903,2026-04-04 09:37:00,Escalade,,2026-04-04 11:50:00,Entraînement terminé.
5204,46903,2026-04-13 17:57:00,Escalade,,2026-04-13 20:31:00,
5205,46903,2026-04-23 12:36:00,Escalade,,2026-04-23 14:57:00,
5206,46903,2026-04-28 08:33:00,Escalade,,2026-04-28 10:50:00,Très bonnes sensations.
5207,46903,2026-05-10 18:03:00,Escalade,,2026-05-10 19:52:00,Entraînement terminé.
5208,46903,2026-05-20 08:14:00,Escalade,,2026-05-20 10:11:00,Entraînement terminé.
5209,46903,2026-05-27 07:05:00,Escalade,,2026-05-27 08:56:00,Entraînement terminé.
5210,46903,2026-06-10 07:59:00,Escalade,,2026-06-10 09:27:00,Très bonnes sensations.
5211,46903,2026-06-25 17:03:00,Escalade,,2026-06-25 18:20:00,Entraînement terminé.
5212,46903,2026-07-13 12:46:00,Escalade,,2026-07-13 14:37:00,Bonne séance.
5213,46903,2026-07-20 09:19:00,Escalade,,2026-07-20 11:17:00,Très bonnes sensations.
5214,93699,2025-07-20 09:43:00,Runing,6017.0,2025-07-20 10:25:46,Bonne sortie !
5215,93699,2025-07-22 09:11:00,Runing,6483.0,2025-07-22 09:55:09,
5216,93699,2025-07-24 19:02:00,Runing,7487.0,2025-07-24 20:02:03,Bonne sortie !
5217,93699,2025-07-27 08:55:00,Runing,9526.0,2025-07-27 09:48:55,Reprise du sport :)
5218,93699,2025-07-29 17:21:00,Runing,8166.0,2025-07-29 18:11:15,
5219,93699,2025-07-31 12:11:00,Runing,16665.0,2025-07-31 13:51:03,Très bonnes sensations.
5220,93699,2025-08-01 07:10:00,Runing,7547.0,2025-08-01 08:06:42,Très bonnes sensations.
5221,93699,2025-08-04 18:09:00,Runing,13167.0,2025-08-04 19:16:08,Reprise du sport :)
5222,93699,2025-08-08 09:11:00,Runing,6641.0,2025-08-08 09:43:57,Reprise du sport :)
5223,93699,2025-08-09 18:34:00,Runing,16278.0,2025-08-09 20:38:39,Très bonnes sensations.
5224,93699,2025-08-10 19:08:00,Runing,12913.0,2025-08-10 20:28:37,Bonne sortie !
5225,93699,2025-08-12 18:39:00,Runing,12831.0,2025-08-12 20:21:03,Bonne sortie !
5226,93699,2025-08-16 07:31:00,Runing,7841.0,2025-08-16 08:08:01,Bonne sortie !
5227,93699,2025-08-17 12:29:00,Runing,11873.0,2025-08-17 13:25:42,Bonne sortie !
5228,93699,2025-08-19 07:22:00,Runing,14214.0,2025-08-19 09:03:00,Bonne sortie !
5229,93699,2025-08-23 12:24:00,Runing,12897.0,2025-08-23 13:57:41,
5230,93699,2025-08-24 08:07:00,Runing,16746.0,2025-08-24 10:06:51,Bonne sortie !
5231,93699,2025-08-25 17:02:00,Runing,7949.0,2025-08-25 17:48:48,Reprise du sport :)
5232,93699,2025-08-26 07:11:00,Runing,5477.0,2025-08-26 07:56:12,
5233,93699,2025-08-30 18:37:00,Runing,3798.0,2025-08-30 19:06:50,Bonne sortie !
5234,93699,2025-09-01 17:31:00,Runing,4388.0,2025-09-01 17:55:47,
5235,93699,2025-09-02 07:41:00,Runing,3355.0,2025-09-02 08:05:51,Reprise du sport :)
5236,93699,2025-09-03 12:06:00,Runing,9173.0,2025-09-03 13:15:52,Reprise du sport :)
5237,93699,2025-09-05 12:45:00,Runing,14762.0,2025-09-05 14:05:04,Très bonnes sensations.
5238,93699,2025-09-06 07:32:00,Runing,15123.0,2025-09-06 09:10:31,Reprise du sport :)
5239,93699,2025-09-10 17:51:00,Runing,17721.0,2025-09-10 20:06:21,
5240,93699,2025-09-11 09:50:00,Runing,15773.0,2025-09-11 11:34:24,Bonne sortie !
5241,93699,2025-09-12 08:47:00,Runing,6839.0,2025-09-12 09:41:44,Très bonnes sensations.
5242,93699,2025-09-14 09:24:00,Runing,7745.0,2025-09-14 10:12:10,Reprise du sport :)
5243,93699,2025-09-15 19:15:00,Runing,10273.0,2025-09-15 20:42:06,
5244,93699,2025-09-17 17:18:00,Runing,15401.0,2025-09-17 18:59:22,
5245,93699,2025-09-19 07:42:00,Runing,10395.0,2025-09-19 08:30:34,Très bonnes sensations.
5246,93699,2025-09-20 12:45:00,Runing,10012.0,2025-09-20 13:51:27,Reprise du sport :)
5247,93699,2025-09-24 07:08:00,Runing,3434.0,2025-09-24 07:25:36,Bonne sortie !
5248,93699,2025-09-26 17:05:00,Runing,16457.0,2025-09-26 18:33:09,Reprise du sport :)
5249,93699,2025-09-27 12:35:00,Runing,3900.0,2025-09-27 12:59:47,
5250,93699,2025-09-28 07:43:00,Runing,4865.0,2025-09-28 08:14:14,Très bonnes sensations.
5251,93699,2025-09-29 07:24:00,Runing,13308.0,2025-09-29 08:30:47,Très bonnes sensations.
5252,93699,2025-10-02 08:21:00,Runing,7031.0,2025-10-02 09:15:00,Bonne sortie !
5253,93699,2025-10-03 18:31:00,Runing,5016.0,2025-10-03 19:00:24,Bonne sortie !
5254,93699,2025-10-04 07:55:00,Runing,5261.0,2025-10-04 08:29:03,Reprise du sport :)
5255,93699,2025-10-06 07:05:00,Runing,7686.0,2025-10-06 07:43:12,Reprise du sport :)
5256,93699,2025-10-07 08:01:00,Runing,3656.0,2025-10-07 08:31:35,Bonne sortie !
5257,93699,2025-10-08 12:53:00,Runing,8515.0,2025-10-08 13:36:54,Bonne sortie !
5258,93699,2025-10-09 17:48:00,Runing,11812.0,2025-10-09 18:56:14,Bonne sortie !
5259,93699,2025-10-11 19:15:00,Runing,14518.0,2025-10-11 20:32:53,Bonne sortie !
5260,93699,2025-10-14 17:42:00,Runing,13262.0,2025-10-14 19:01:28,Très bonnes sensations.
5261,93699,2025-10-15 12:39:00,Runing,6419.0,2025-10-15 13:28:38,Très bonnes sensations.
5262,93699,2025-10-18 19:34:00,Runing,14691.0,2025-10-18 21:17:08,Très bonnes sensations.
5263,93699,2025-10-20 17:04:00,Runing,17456.0,2025-10-20 18:25:07,Bonne sortie !
5264,93699,2025-10-22 17:08:00,Runing,3675.0,2025-10-22 17:37:09,Reprise du sport :)
5265,93699,2025-10-23 18:55:00,Runing,3496.0,2025-10-23 19:12:39,Reprise du sport :)
5266,93699,2025-10-24 08:44:00,Runing,10011.0,2025-10-24 09:48:11,Bonne sortie !
5267,93699,2025-10-25 12:28:00,Runing,17185.0,2025-10-25 13:55:42,Bonne sortie !
5268,93699,2025-10-26 09:20:00,Runing,8659.0,2025-10-26 10:22:25,Bonne sortie !
5269,93699,2025-10-27 12:53:00,Runing,8987.0,2025-10-27 13:41:52,Reprise du sport :)
5270,93699,2025-10-29 19:24:00,Runing,13053.0,2025-10-29 20:43:47,Très bonnes sensations.
5271,93699,2025-10-31 09:33:00,Runing,10230.0,2025-10-31 10:33:58,Très bonnes sensations.
5272,93699,2025-11-03 09:45:00,Runing,9022.0,2025-11-03 10:30:10,
5273,93699,2025-11-04 09:26:00,Runing,13247.0,2025-11-04 11:07:32,
5274,93699,2025-11-06 12:37:00,Runing,5123.0,2025-11-06 13:00:58,Très bonnes sensations.
5275,93699,2025-11-09 08:52:00,Runing,14012.0,2025-11-09 10:46:46,Très bonnes sensations.
5276,93699,2025-11-11 19:08:00,Runing,15299.0,2025-11-11 20:42:47,Très bonnes sensations.
5277,93699,2025-11-12 18:31:00,Runing,5938.0,2025-11-12 19:04:40,Bonne sortie !
5278,93699,2025-11-13 18:20:00,Runing,14504.0,2025-11-13 20:22:02,Très bonnes sensations.
5279,93699,2025-11-16 07:08:00,Runing,12429.0,2025-11-16 08:45:20,Très bonnes sensations.
5280,93699,2025-11-17 19:50:00,Runing,13760.0,2025-11-17 21:19:28,
5281,93699,2025-11-18 08:09:00,Runing,15901.0,2025-11-18 10:05:42,Très bonnes sensations.
5282,93699,2025-11-20 12:35:00,Runing,17041.0,2025-11-20 14:06:48,
5283,93699,2025-11-22 09:58:00,Runing,8650.0,2025-11-22 10:38:26,Très bonnes sensations.
5284,93699,2025-11-23 09:44:00,Runing,13738.0,2025-11-23 11:36:44,
5285,93699,2025-11-25 08:14:00,Runing,13645.0,2025-11-25 09:30:46,Bonne sortie !
5286,93699,2025-11-27 07:18:00,Runing,10418.0,2025-11-27 08:18:30,Bonne sortie !
5287,93699,2025-12-01 18:03:00,Runing,12296.0,2025-12-01 19:08:55,Reprise du sport :)
5288,93699,2025-12-03 09:04:00,Runing,14759.0,2025-12-03 10:14:39,Très bonnes sensations.
5289,93699,2025-12-06 12:49:00,Runing,14957.0,2025-12-06 14:21:47,Très bonnes sensations.
5290,93699,2025-12-08 18:08:00,Runing,16905.0,2025-12-08 19:31:18,Très bonnes sensations.
5291,93699,2025-12-10 08:00:00,Runing,4848.0,2025-12-10 08:39:17,Bonne sortie !
5292,93699,2025-12-12 19:52:00,Runing,5482.0,2025-12-12 20:37:55,
5293,93699,2025-12-14 12:52:00,Runing,7147.0,2025-12-14 13:28:51,Bonne sortie !
5294,93699,2025-12-16 08:48:00,Runing,6481.0,2025-12-16 09:28:46,Très bonnes sensations.
5295,93699,2025-12-18 18:36:00,Runing,9242.0,2025-12-18 19:53:41,Bonne sortie !
5296,93699,2025-12-19 18:34:00,Runing,12916.0,2025-12-19 19:56:09,
5297,93699,2025-12-20 18:13:00,Runing,9245.0,2025-12-20 19:31:39,Reprise du sport :)
5298,93699,2025-12-22 17:08:00,Runing,3393.0,2025-12-22 17:27:37,Reprise du sport :)
5299,93699,2025-12-23 12:17:00,Runing,12310.0,2025-12-23 13:22:25,
5300,93699,2025-12-25 07:55:00,Runing,6076.0,2025-12-25 08:41:18,Reprise du sport :)
5301,93699,2025-12-26 19:55:00,Runing,4533.0,2025-12-26 20:16:51,Bonne sortie !
5302,93699,2025-12-27 09:03:00,Runing,16514.0,2025-12-27 10:33:45,
5303,93699,2025-12-28 12:07:00,Runing,10785.0,2025-12-28 13:18:21,
5304,93699,2025-12-30 17:56:00,Runing,3799.0,2025-12-30 18:23:28,
5305,93699,2026-01-02 09:16:00,Runing,13453.0,2026-01-02 11:04:57,Reprise du sport :)
5306,93699,2026-01-04 09:25:00,Runing,9307.0,2026-01-04 10:10:10,Reprise du sport :)
5307,93699,2026-01-05 07:43:00,Runing,6499.0,2026-01-05 08:15:29,Bonne sortie !
5308,93699,2026-01-06 17:40:00,Runing,13723.0,2026-01-06 19:28:05,Bonne sortie !
5309,93699,2026-01-13 17:03:00,Runing,6229.0,2026-01-13 17:54:32,
5310,93699,2026-01-14 07:59:00,Runing,9607.0,2026-01-14 08:56:05,Reprise du sport :)
5311,93699,2026-01-15 12:18:00,Runing,10329.0,2026-01-15 13:38:54,Très bonnes sensations.
5312,93699,2026-01-17 17:16:00,Runing,3591.0,2026-01-17 17:44:33,
5313,93699,2026-01-18 12:57:00,Runing,12933.0,2026-01-18 14:13:21,Bonne sortie !
5314,93699,2026-01-21 12:44:00,Runing,4684.0,2026-01-21 13:13:14,
5315,93699,2026-01-23 09:33:00,Runing,9377.0,2026-01-23 10:31:56,Très bonnes sensations.
5316,93699,2026-01-25 12:52:00,Runing,16625.0,2026-01-25 14:39:07,Reprise du sport :)
5317,93699,2026-01-29 17:47:00,Runing,14678.0,2026-01-29 19:13:57,Bonne sortie !
5318,93699,2026-01-30 08:26:00,Runing,4075.0,2026-01-30 08:50:48,
5319,93699,2026-02-01 08:16:00,Runing,8841.0,2026-02-01 09:04:50,
5320,93699,2026-02-02 17:22:00,Runing,9913.0,2026-02-02 18:28:22,Bonne sortie !
5321,93699,2026-02-03 17:23:00,Runing,7045.0,2026-02-03 18:09:00,Bonne sortie !
5322,93699,2026-02-04 08:37:00,Runing,13750.0,2026-02-04 09:55:08,Bonne sortie !
5323,93699,2026-02-07 09:10:00,Runing,9355.0,2026-02-07 10:09:42,Bonne sortie !
5324,93699,2026-02-11 09:35:00,Runing,3709.0,2026-02-11 10:05:05,Reprise du sport :)
5325,93699,2026-02-13 17:52:00,Runing,7385.0,2026-02-13 18:27:14,Très bonnes sensations.
5326,93699,2026-02-14 17:31:00,Runing,12908.0,2026-02-14 18:34:25,
5327,93699,2026-02-15 09:13:00,Runing,5581.0,2026-02-15 09:40:00,Très bonnes sensations.
5328,93699,2026-02-16 08:30:00,Runing,15352.0,2026-02-16 10:08:59,Bonne sortie !
5329,93699,2026-02-19 09:20:00,Runing,4140.0,2026-02-19 09:42:56,
5330,93699,2026-02-23 09:19:00,Runing,9987.0,2026-02-23 10:37:27,Bonne sortie !
5331,93699,2026-02-24 07:51:00,Runing,11918.0,2026-02-24 09:03:57,Bonne sortie !
5332,93699,2026-02-26 07:34:00,Runing,12245.0,2026-02-26 08:32:34,Bonne sortie !
5333,93699,2026-03-01 19:45:00,Runing,16838.0,2026-03-01 21:51:16,Très bonnes sensations.
5334,93699,2026-03-02 19:30:00,Runing,10686.0,2026-03-02 20:35:52,
5335,93699,2026-03-03 07:56:00,Runing,15451.0,2026-03-03 09:28:38,Bonne sortie !
5336,93699,2026-03-04 09:08:00,Runing,14358.0,2026-03-04 10:23:36,Très bonnes sensations.
5337,93699,2026-03-07 08:00:00,Runing,15783.0,2026-03-07 09:29:13,
5338,93699,2026-03-08 19:09:00,Runing,14736.0,2026-03-08 20:21:48,Bonne sortie !
5339,93699,2026-03-09 08:18:00,Runing,14061.0,2026-03-09 09:54:31,Bonne sortie !
5340,93699,2026-03-12 18:03:00,Runing,8714.0,2026-03-12 18:48:44,Très bonnes sensations.
5341,93699,2026-03-14 19:52:00,Runing,14333.0,2026-03-14 21:10:22,Très bonnes sensations.
5342,93699,2026-03-18 07:43:00,Runing,12496.0,2026-03-18 08:54:26,Très bonnes sensations.
5343,93699,2026-03-19 07:24:00,Runing,8976.0,2026-03-19 08:11:50,Très bonnes sensations.
5344,93699,2026-03-21 09:49:00,Runing,9533.0,2026-03-21 10:49:45,Très bonnes sensations.
5345,93699,2026-03-22 17:54:00,Runing,6842.0,2026-03-22 18:44:15,Reprise du sport :)
5346,93699,2026-03-24 07:01:00,Runing,13076.0,2026-03-24 08:10:33,Bonne sortie !
5347,93699,2026-03-25 08:59:00,Runing,16502.0,2026-03-25 10:21:15,Bonne sortie !
5348,93699,2026-03-26 18:24:00,Runing,14176.0,2026-03-26 19:39:26,Bonne sortie !
5349,93699,2026-03-30 19:05:00,Runing,12493.0,2026-03-30 20:45:32,Reprise du sport :)
5350,93699,2026-04-02 08:39:00,Runing,14524.0,2026-04-02 10:42:05,
5351,93699,2026-04-03 09:44:00,Runing,7661.0,2026-04-03 10:30:34,Bonne sortie !
5352,93699,2026-04-04 12:03:00,Runing,15488.0,2026-04-04 14:03:56,Très bonnes sensations.
5353,93699,2026-04-05 18:44:00,Runing,4575.0,2026-04-05 19:21:48,Très bonnes sensations.
5354,93699,2026-04-07 18:53:00,Runing,17901.0,2026-04-07 21:08:49,
5355,93699,2026-04-09 07:32:00,Runing,3535.0,2026-04-09 07:59:10,Reprise du sport :)
5356,93699,2026-04-10 17:36:00,Runing,14759.0,2026-04-10 19:23:17,Reprise du sport :)
5357,93699,2026-04-11 19:29:00,Runing,17905.0,2026-04-11 21:28:08,Très bonnes sensations.
5358,93699,2026-04-13 17:32:00,Runing,14693.0,2026-04-13 19:18:58,Très bonnes sensations.
5359,93699,2026-04-14 07:38:00,Runing,6062.0,2026-04-14 08:25:34,Très bonnes sensations.
5360,93699,2026-04-16 12:36:00,Runing,4495.0,2026-04-16 12:58:39,Très bonnes sensations.
5361,93699,2026-04-17 08:57:00,Runing,14647.0,2026-04-17 10:24:36,Très bonnes sensations.
5362,93699,2026-04-18 18:24:00,Runing,16976.0,2026-04-18 20:21:03,Bonne sortie !
5363,93699,2026-04-19 12:44:00,Runing,5272.0,2026-04-19 13:10:34,Très bonnes sensations.
5364,93699,2026-04-20 12:23:00,Runing,5396.0,2026-04-20 12:50:44,Bonne sortie !
5365,93699,2026-04-25 09:25:00,Runing,11826.0,2026-04-25 10:43:51,Bonne sortie !
5366,93699,2026-04-26 07:51:00,Runing,3563.0,2026-04-26 08:10:12,Bonne sortie !
5367,93699,2026-04-27 07:34:00,Runing,9408.0,2026-04-27 08:25:23,
5368,93699,2026-04-28 09:42:00,Runing,15227.0,2026-04-28 11:20:39,
5369,93699,2026-04-29 09:05:00,Runing,12653.0,2026-04-29 10:51:16,Reprise du sport :)
5370,93699,2026-05-01 09:13:00,Runing,16498.0,2026-05-01 11:18:57,
5371,93699,2026-05-03 08:20:00,Runing,17722.0,2026-05-03 10:11:38,Bonne sortie !
5372,93699,2026-05-04 12:38:00,Runing,14677.0,2026-05-04 13:54:04,Bonne sortie !
5373,93699,2026-05-08 19:00:00,Runing,4464.0,2026-05-08 19:21:32,
5374,93699,2026-05-09 18:02:00,Runing,12655.0,2026-05-09 19:45:48,Bonne sortie !
5375,93699,2026-05-13 07:46:00,Runing,3058.0,2026-05-13 08:01:28,Reprise du sport :)
5376,93699,2026-05-14 19:52:00,Runing,11711.0,2026-05-14 20:46:53,Bonne sortie !
5377,93699,2026-05-16 17:41:00,Runing,6778.0,2026-05-16 18:26:07,Reprise du sport :)
5378,93699,2026-05-19 19:11:00,Runing,13239.0,2026-05-19 20:22:35,Bonne sortie !
5379,93699,2026-05-21 07:59:00,Runing,7300.0,2026-05-21 08:37:59,Très bonnes sensations.
5380,93699,2026-05-22 12:27:00,Runing,4450.0,2026-05-22 12:58:35,Très bonnes sensations.
5381,93699,2026-05-24 08:08:00,Runing,14049.0,2026-05-24 09:25:58,
5382,93699,2026-05-25 09:54:00,Runing,17175.0,2026-05-25 11:23:06,Reprise du sport :)
5383,93699,2026-05-28 19:29:00,Runing,17649.0,2026-05-28 21:03:41,Reprise du sport :)
5384,93699,2026-05-29 19:29:00,Runing,16874.0,2026-05-29 21:53:10,Reprise du sport :)
5385,93699,2026-05-31 18:35:00,Runing,6474.0,2026-05-31 19:10:10,Bonne sortie !
5386,93699,2026-06-01 07:55:00,Runing,13041.0,2026-06-01 09:16:32,Bonne sortie !
5387,93699,2026-06-04 17:28:00,Runing,13137.0,2026-06-04 18:46:38,Bonne sortie !
5388,93699,2026-06-05 07:35:00,Runing,12576.0,2026-06-05 08:33:23,Reprise du sport :)
5389,93699,2026-06-06 08:42:00,Runing,9917.0,2026-06-06 09:37:56,Très bonnes sensations.
5390,93699,2026-06-07 12:51:00,Runing,10959.0,2026-06-07 13:59:46,
5391,93699,2026-06-09 17:31:00,Runing,10843.0,2026-06-09 18:40:18,Bonne sortie !
5392,93699,2026-06-11 18:33:00,Runing,11891.0,2026-06-11 19:33:09,Bonne sortie !
5393,93699,2026-06-12 12:59:00,Runing,6869.0,2026-06-12 13:41:57,Reprise du sport :)
5394,93699,2026-06-14 19:50:00,Runing,13483.0,2026-06-14 21:31:31,Très bonnes sensations.
5395,93699,2026-06-17 08:37:00,Runing,5603.0,2026-06-17 09:18:29,Très bonnes sensations.
5396,93699,2026-06-19 12:28:00,Runing,11433.0,2026-06-19 13:25:14,
5397,93699,2026-06-22 12:05:00,Runing,9474.0,2026-06-22 12:48:56,Reprise du sport :)
5398,93699,2026-06-23 08:11:00,Runing,12016.0,2026-06-23 09:08:40,
5399,93699,2026-06-24 12:18:00,Runing,12515.0,2026-06-24 13:29:30,Reprise du sport :)
5400,93699,2026-06-26 17:34:00,Runing,4739.0,2026-06-26 18:10:23,Reprise du sport :)
5401,93699,2026-06-27 17:30:00,Runing,10868.0,2026-06-27 18:36:37,Très bonnes sensations.
5402,93699,2026-06-30 07:35:00,Runing,16739.0,2026-06-30 09:38:34,Reprise du sport :)
5403,93699,2026-07-01 18:34:00,Runing,3403.0,2026-07-01 18:56:56,
5404,93699,2026-07-02 18:59:00,Runing,7766.0,2026-07-02 19:59:08,Très bonnes sensations.
5405,93699,2026-07-03 07:57:00,Runing,15791.0,2026-07-03 09:38:36,Très bonnes sensations.
5406,93699,2026-07-05 17:55:00,Runing,8775.0,2026-07-05 18:38:08,Reprise du sport :)
5407,93699,2026-07-06 19:05:00,Runing,11755.0,2026-07-06 20:14:10,
5408,93699,2026-07-08 18:07:00,Runing,16787.0,2026-07-08 19:25:19,Très bonnes sensations.
5409,93699,2026-07-09 07:03:00,Runing,17303.0,2026-07-09 08:38:10,
5410,93699,2026-07-11 07:45:00,Runing,12887.0,2026-07-11 09:20:26,Reprise du sport :)
5411,93699,2026-07-13 19:56:00,Runing,11049.0,2026-07-13 21:08:52,Très bonnes sensations.
5412,93699,2026-07-14 07:40:00,Runing,6816.0,2026-07-14 08:17:40,Bonne sortie !
5413,93699,2026-07-15 17:12:00,Runing,3295.0,2026-07-15 17:37:32,Bonne sortie !
5414,93699,2026-07-17 09:40:00,Runing,3216.0,2026-07-17 10:06:08,Très bonnes sensations.
5415,93699,2026-07-18 19:40:00,Runing,3591.0,2026-07-18 20:01:38,Bonne sortie !
5416,93699,2026-07-19 18:41:00,Runing,12842.0,2026-07-19 20:05:58,Bonne sortie !
5417,93699,2026-07-20 08:14:00,Runing,16942.0,2026-07-20 10:18:58,Bonne sortie !
5418,78962,2025-07-20 08:56:00,Boxe,,2025-07-20 09:28:00,
5419,78962,2025-07-23 19:31:00,Boxe,,2025-07-23 20:41:00,Bonne séance.
5420,78962,2025-07-24 07:08:00,Boxe,,2025-07-24 08:29:00,Entraînement terminé.
5421,78962,2025-07-30 18:45:00,Boxe,,2025-07-30 19:42:00,Bonne séance.
5422,78962,2025-08-07 12:23:00,Boxe,,2025-08-07 13:08:00,Très bonnes sensations.
5423,78962,2025-08-08 19:47:00,Boxe,,2025-08-08 20:57:00,Entraînement terminé.
5424,78962,2025-08-15 19:20:00,Boxe,,2025-08-15 20:21:00,
5425,78962,2025-08-19 12:42:00,Boxe,,2025-08-19 13:50:00,Entraînement terminé.
5426,78962,2025-08-22 12:43:00,Boxe,,2025-08-22 14:02:00,Très bonnes sensations.
5427,78962,2025-08-23 09:03:00,Boxe,,2025-08-23 10:19:00,Très bonnes sensations.
5428,78962,2025-08-25 18:19:00,Boxe,,2025-08-25 19:05:00,Entraînement terminé.
5429,78962,2025-08-26 08:16:00,Boxe,,2025-08-26 09:07:00,
5430,78962,2025-08-27 09:24:00,Boxe,,2025-08-27 10:35:00,Très bonnes sensations.
5431,78962,2025-09-03 09:59:00,Boxe,,2025-09-03 11:24:00,Bonne séance.
5432,78962,2025-09-04 18:47:00,Boxe,,2025-09-04 20:12:00,Entraînement terminé.
5433,78962,2025-09-05 17:12:00,Boxe,,2025-09-05 18:32:00,Entraînement terminé.
5434,78962,2025-09-08 18:35:00,Boxe,,2025-09-08 20:05:00,Très bonnes sensations.
5435,78962,2025-09-09 18:10:00,Boxe,,2025-09-09 19:34:00,Très bonnes sensations.
5436,78962,2025-09-12 19:31:00,Boxe,,2025-09-12 20:14:00,Très bonnes sensations.
5437,78962,2025-09-16 17:20:00,Boxe,,2025-09-16 18:05:00,Bonne séance.
5438,78962,2025-09-20 07:55:00,Boxe,,2025-09-20 09:07:00,Très bonnes sensations.
5439,78962,2025-09-23 12:00:00,Boxe,,2025-09-23 13:29:00,Entraînement terminé.
5440,78962,2025-09-25 08:10:00,Boxe,,2025-09-25 09:29:00,Très bonnes sensations.
5441,78962,2025-09-29 09:15:00,Boxe,,2025-09-29 10:40:00,Très bonnes sensations.
5442,78962,2025-09-30 17:44:00,Boxe,,2025-09-30 18:35:00,
5443,78962,2025-10-02 09:01:00,Boxe,,2025-10-02 10:19:00,Entraînement terminé.
5444,78962,2025-10-05 09:46:00,Boxe,,2025-10-05 10:18:00,Bonne séance.
5445,78962,2025-10-11 17:17:00,Boxe,,2025-10-11 18:12:00,Très bonnes sensations.
5446,78962,2025-10-17 19:00:00,Boxe,,2025-10-17 19:33:00,Très bonnes sensations.
5447,78962,2025-10-21 08:58:00,Boxe,,2025-10-21 10:16:00,Bonne séance.
5448,78962,2025-10-26 12:14:00,Boxe,,2025-10-26 13:42:00,Très bonnes sensations.
5449,78962,2025-10-29 08:54:00,Boxe,,2025-10-29 10:01:00,Entraînement terminé.
5450,78962,2025-10-31 09:40:00,Boxe,,2025-10-31 11:00:00,Entraînement terminé.
5451,78962,2025-11-02 08:35:00,Boxe,,2025-11-02 10:04:00,
5452,78962,2025-11-07 07:26:00,Boxe,,2025-11-07 08:04:00,Entraînement terminé.
5453,78962,2025-11-08 17:22:00,Boxe,,2025-11-08 17:59:00,Entraînement terminé.
5454,78962,2025-11-14 08:44:00,Boxe,,2025-11-14 09:58:00,
5455,78962,2025-11-16 18:11:00,Boxe,,2025-11-16 19:16:00,
5456,78962,2025-11-18 09:13:00,Boxe,,2025-11-18 10:04:00,Bonne séance.
5457,78962,2025-11-24 12:38:00,Boxe,,2025-11-24 13:24:00,Bonne séance.
5458,78962,2025-12-06 12:39:00,Boxe,,2025-12-06 14:03:00,Entraînement terminé.
5459,78962,2025-12-07 19:46:00,Boxe,,2025-12-07 21:02:00,
5460,78962,2025-12-15 08:42:00,Boxe,,2025-12-15 09:34:00,
5461,78962,2025-12-22 12:22:00,Boxe,,2025-12-22 13:03:00,Très bonnes sensations.
5462,78962,2025-12-27 19:16:00,Boxe,,2025-12-27 19:55:00,Très bonnes sensations.
5463,78962,2025-12-29 07:44:00,Boxe,,2025-12-29 08:17:00,Entraînement terminé.
5464,78962,2025-12-30 12:14:00,Boxe,,2025-12-30 13:17:00,Bonne séance.
5465,78962,2025-12-31 17:45:00,Boxe,,2025-12-31 18:58:00,Entraînement terminé.
5466,78962,2026-01-06 07:16:00,Boxe,,2026-01-06 08:26:00,Très bonnes sensations.
5467,78962,2026-01-10 07:51:00,Boxe,,2026-01-10 08:59:00,
5468,78962,2026-01-11 07:30:00,Boxe,,2026-01-11 08:42:00,Entraînement terminé.
5469,78962,2026-01-12 09:53:00,Boxe,,2026-01-12 10:45:00,Entraînement terminé.
5470,78962,2026-01-13 19:43:00,Boxe,,2026-01-13 20:27:00,Très bonnes sensations.
5471,78962,2026-01-18 12:11:00,Boxe,,2026-01-18 13:15:00,
5472,78962,2026-01-19 12:29:00,Boxe,,2026-01-19 13:11:00,Bonne séance.
5473,78962,2026-01-21 12:16:00,Boxe,,2026-01-21 13:10:00,
5474,78962,2026-01-31 07:42:00,Boxe,,2026-01-31 08:32:00,Très bonnes sensations.
5475,78962,2026-02-04 18:48:00,Boxe,,2026-02-04 20:13:00,Bonne séance.
5476,78962,2026-02-06 19:27:00,Boxe,,2026-02-06 20:13:00,
5477,78962,2026-02-14 12:01:00,Boxe,,2026-02-14 13:03:00,Entraînement terminé.
5478,78962,2026-02-15 12:10:00,Boxe,,2026-02-15 12:40:00,
5479,78962,2026-02-18 12:36:00,Boxe,,2026-02-18 13:20:00,
5480,78962,2026-02-19 17:53:00,Boxe,,2026-02-19 18:50:00,Bonne séance.
5481,78962,2026-02-28 19:15:00,Boxe,,2026-02-28 20:44:00,Entraînement terminé.
5482,78962,2026-03-04 18:31:00,Boxe,,2026-03-04 20:01:00,
5483,78962,2026-03-08 18:21:00,Boxe,,2026-03-08 19:37:00,Bonne séance.
5484,78962,2026-03-10 19:08:00,Boxe,,2026-03-10 20:36:00,Très bonnes sensations.
5485,78962,2026-03-16 19:06:00,Boxe,,2026-03-16 20:36:00,Bonne séance.
5486,78962,2026-03-20 19:13:00,Boxe,,2026-03-20 20:00:00,Bonne séance.
5487,78962,2026-03-22 09:32:00,Boxe,,2026-03-22 10:24:00,
5488,78962,2026-03-26 18:18:00,Boxe,,2026-03-26 19:29:00,Bonne séance.
5489,78962,2026-03-28 07:09:00,Boxe,,2026-03-28 08:02:00,Bonne séance.
5490,78962,2026-03-31 07:54:00,Boxe,,2026-03-31 09:07:00,Bonne séance.
5491,78962,2026-04-04 17:11:00,Boxe,,2026-04-04 18:31:00,Bonne séance.
5492,78962,2026-04-06 09:08:00,Boxe,,2026-04-06 10:08:00,Entraînement terminé.
5493,78962,2026-04-15 12:11:00,Boxe,,2026-04-15 13:19:00,
5494,78962,2026-04-18 07:45:00,Boxe,,2026-04-18 08:36:00,Entraînement terminé.
5495,78962,2026-04-19 18:16:00,Boxe,,2026-04-19 18:58:00,
5496,78962,2026-04-21 17:54:00,Boxe,,2026-04-21 19:09:00,Bonne séance.
5497,78962,2026-04-24 18:19:00,Boxe,,2026-04-24 19:04:00,Très bonnes sensations.
5498,78962,2026-04-26 07:43:00,Boxe,,2026-04-26 08:54:00,Bonne séance.
5499,78962,2026-04-27 18:37:00,Boxe,,2026-04-27 19:37:00,Très bonnes sensations.
5500,78962,2026-04-28 07:43:00,Boxe,,2026-04-28 08:54:00,
5501,78962,2026-05-03 08:43:00,Boxe,,2026-05-03 09:50:00,
5502,78962,2026-05-06 18:59:00,Boxe,,2026-05-06 19:58:00,Bonne séance.
5503,78962,2026-05-12 19:04:00,Boxe,,2026-05-12 20:32:00,Très bonnes sensations.
5504,78962,2026-05-16 08:54:00,Boxe,,2026-05-16 09:34:00,
5505,78962,2026-05-18 17:05:00,Boxe,,2026-05-18 18:22:00,
5506,78962,2026-05-22 18:32:00,Boxe,,2026-05-22 19:33:00,Bonne séance.
5507,78962,2026-05-24 17:35:00,Boxe,,2026-05-24 18:20:00,Très bonnes sensations.
5508,78962,2026-05-25 17:57:00,Boxe,,2026-05-25 18:31:00,Entraînement terminé.
5509,78962,2026-05-30 12:13:00,Boxe,,2026-05-30 13:26:00,Très bonnes sensations.
5510,78962,2026-06-03 07:49:00,Boxe,,2026-06-03 08:20:00,Entraînement terminé.
5511,78962,2026-06-06 08:36:00,Boxe,,2026-06-06 09:38:00,Très bonnes sensations.
5512,78962,2026-06-07 18:18:00,Boxe,,2026-06-07 19:10:00,
5513,78962,2026-06-10 09:55:00,Boxe,,2026-06-10 10:37:00,
5514,78962,2026-06-16 07:00:00,Boxe,,2026-06-16 08:21:00,Bonne séance.
5515,78962,2026-06-20 07:08:00,Boxe,,2026-06-20 08:27:00,Très bonnes sensations.
5516,78962,2026-06-22 17:31:00,Boxe,,2026-06-22 18:36:00,
5517,78962,2026-06-25 08:47:00,Boxe,,2026-06-25 10:17:00,Entraînement terminé.
5518,78962,2026-06-27 18:22:00,Boxe,,2026-06-27 19:48:00,
5519,78962,2026-07-02 09:32:00,Boxe,,2026-07-02 10:27:00,Très bonnes sensations.
5520,78962,2026-07-05 18:49:00,Boxe,,2026-07-05 19:22:00,Entraînement terminé.
5521,78962,2026-07-06 07:38:00,Boxe,,2026-07-06 08:57:00,Bonne séance.
5522,78962,2026-07-15 18:29:00,Boxe,,2026-07-15 19:42:00,Entraînement terminé.
5523,78962,2026-07-17 09:40:00,Boxe,,2026-07-17 10:14:00,Bonne séance.
5524,78962,2026-07-20 17:32:00,Boxe,,2026-07-20 18:08:00,
5525,90813,2025-08-04 07:03:00,Natation,3573.0,2025-08-04 08:20:00,
5526,90813,2025-08-20 07:06:00,Natation,2734.0,2025-08-20 08:05:05,
5527,90813,2025-09-27 08:11:00,Natation,629.0,2025-09-27 08:20:37,Travail d'endurance.
5528,90813,2025-10-16 07:46:00,Natation,3693.0,2025-10-16 08:47:40,
5529,90813,2025-10-25 07:15:00,Natation,2701.0,2025-10-25 08:02:29,Travail d'endurance.
5530,90813,2025-11-03 18:24:00,Natation,2958.0,2025-11-03 19:51:22,Travail d'endurance.
5531,90813,2025-11-14 12:27:00,Natation,2474.0,2025-11-14 13:27:20,
5532,90813,2025-11-24 07:16:00,Natation,3362.0,2025-11-24 08:09:11,
5533,90813,2025-11-30 12:07:00,Natation,2276.0,2025-11-30 12:59:27,Travail d'endurance.
5534,90813,2025-12-13 19:01:00,Natation,3754.0,2025-12-13 20:02:57,Travail d'endurance.
5535,90813,2025-12-14 08:13:00,Natation,2379.0,2025-12-14 09:23:48,Bonne séance.
5536,90813,2026-01-17 18:19:00,Natation,1981.0,2026-01-17 19:03:52,Bonne séance.
5537,90813,2026-01-22 12:09:00,Natation,3026.0,2026-01-22 13:09:45,Bonne séance.
5538,90813,2026-01-31 07:38:00,Natation,1262.0,2026-01-31 08:02:10,Bonne séance.
5539,90813,2026-02-18 18:43:00,Natation,3821.0,2026-02-18 20:23:05,Travail d'endurance.
5540,90813,2026-02-28 08:54:00,Natation,2243.0,2026-02-28 09:45:44,Bonne séance.
5541,90813,2026-03-01 08:47:00,Natation,2145.0,2026-03-01 09:19:54,Bonne séance.
5542,90813,2026-03-12 08:01:00,Natation,2024.0,2026-03-12 08:42:45,
5543,90813,2026-03-15 08:34:00,Natation,3965.0,2026-03-15 09:31:36,Bonne séance.
5544,90813,2026-03-28 07:10:00,Natation,3487.0,2026-03-28 08:39:03,Travail d'endurance.
5545,90813,2026-04-03 12:04:00,Natation,1736.0,2026-04-03 12:41:59,Bonne séance.
5546,90813,2026-04-06 12:27:00,Natation,1338.0,2026-04-06 12:48:01,
5547,90813,2026-04-17 07:04:00,Natation,3799.0,2026-04-17 08:16:32,
5548,90813,2026-04-20 18:42:00,Natation,918.0,2026-04-20 19:00:45,Bonne séance.
5549,90813,2026-05-14 18:26:00,Natation,1348.0,2026-05-14 18:45:11,Bonne séance.
5550,90813,2026-05-20 07:53:00,Natation,1525.0,2026-05-20 08:23:48,Bonne séance.
5551,90813,2026-05-28 17:57:00,Natation,2478.0,2026-05-28 18:31:26,
5552,90813,2026-06-04 17:49:00,Natation,1447.0,2026-06-04 18:32:15,Bonne séance.
5553,90813,2026-06-19 17:58:00,Natation,3124.0,2026-06-19 19:10:57,Travail d'endurance.
5554,90813,2026-07-09 08:47:00,Natation,1093.0,2026-07-09 09:03:36,Travail d'endurance.
5555,31222,2025-07-23 09:38:00,Natation,1413.0,2025-07-23 10:09:24,
5556,31222,2025-07-27 18:59:00,Natation,3308.0,2025-07-27 20:23:00,
5557,31222,2025-07-30 07:34:00,Natation,2350.0,2025-07-30 08:32:07,Travail d'endurance.
5558,31222,2025-08-05 12:07:00,Natation,2624.0,2025-08-05 13:10:27,
5559,31222,2025-08-10 19:25:00,Natation,3170.0,2025-08-10 20:54:09,Bonne séance.
5560,31222,2025-08-13 09:43:00,Natation,2335.0,2025-08-13 10:25:16,Travail d'endurance.
5561,31222,2025-08-14 19:53:00,Natation,3478.0,2025-08-14 20:56:12,Bonne séance.
5562,31222,2025-08-19 17:28:00,Natation,3057.0,2025-08-19 18:20:24,Bonne séance.
5563,31222,2025-08-20 08:59:00,Natation,1052.0,2025-08-20 09:26:51,
5564,31222,2025-08-21 07:17:00,Natation,2737.0,2025-08-21 07:56:43,Bonne séance.
5565,31222,2025-08-26 18:06:00,Natation,2764.0,2025-08-26 18:52:43,Travail d'endurance.
5566,31222,2025-08-28 07:57:00,Natation,538.0,2025-08-28 08:07:28,Bonne séance.
5567,31222,2025-09-05 19:43:00,Natation,3998.0,2025-09-05 20:37:36,Travail d'endurance.
5568,31222,2025-09-08 07:26:00,Natation,1319.0,2025-09-08 07:45:26,
5569,31222,2025-09-10 17:29:00,Natation,2001.0,2025-09-10 17:58:25,Bonne séance.
5570,31222,2025-09-19 19:48:00,Natation,2197.0,2025-09-19 20:46:22,Travail d'endurance.
5571,31222,2025-09-24 08:31:00,Natation,2796.0,2025-09-24 09:22:20,
5572,31222,2025-09-25 17:53:00,Natation,1365.0,2025-09-25 18:17:43,Travail d'endurance.
5573,31222,2025-10-02 17:03:00,Natation,2105.0,2025-10-02 17:40:58,
5574,31222,2025-10-03 18:03:00,Natation,966.0,2025-10-03 18:17:50,Travail d'endurance.
5575,31222,2025-10-04 19:00:00,Natation,2546.0,2025-10-04 20:09:41,Bonne séance.
5576,31222,2025-10-06 18:10:00,Natation,970.0,2025-10-06 18:29:35,Travail d'endurance.
5577,31222,2025-10-10 08:26:00,Natation,993.0,2025-10-10 08:40:52,
5578,31222,2025-10-15 17:55:00,Natation,2658.0,2025-10-15 18:51:29,Travail d'endurance.
5579,31222,2025-10-25 19:02:00,Natation,1771.0,2025-10-25 19:30:32,
5580,31222,2025-10-29 18:10:00,Natation,2963.0,2025-10-29 19:11:27,Bonne séance.
5581,31222,2025-11-04 17:14:00,Natation,1899.0,2025-11-04 17:44:29,
5582,31222,2025-11-06 18:38:00,Natation,2900.0,2025-11-06 19:29:38,
5583,31222,2025-11-12 19:17:00,Natation,3500.0,2025-11-12 20:39:32,Travail d'endurance.
5584,31222,2025-11-17 09:49:00,Natation,1900.0,2025-11-17 10:39:20,Bonne séance.
5585,31222,2025-11-29 17:44:00,Natation,3530.0,2025-11-29 19:10:05,Travail d'endurance.
5586,31222,2025-12-05 18:53:00,Natation,3905.0,2025-12-05 20:21:55,Bonne séance.
5587,31222,2025-12-07 19:45:00,Natation,1246.0,2025-12-07 20:04:51,Bonne séance.
5588,31222,2025-12-08 19:02:00,Natation,997.0,2025-12-08 19:18:00,Bonne séance.
5589,31222,2025-12-18 17:16:00,Natation,1966.0,2025-12-18 18:00:35,
5590,31222,2025-12-23 09:14:00,Natation,884.0,2025-12-23 09:33:03,
5591,31222,2025-12-25 19:03:00,Natation,2970.0,2025-12-25 20:11:23,Bonne séance.
5592,31222,2025-12-27 17:25:00,Natation,2635.0,2025-12-27 18:08:16,Bonne séance.
5593,31222,2025-12-28 12:44:00,Natation,3209.0,2025-12-28 13:53:39,Travail d'endurance.
5594,31222,2026-01-01 17:29:00,Natation,1055.0,2026-01-01 17:46:43,Travail d'endurance.
5595,31222,2026-01-02 07:35:00,Natation,3568.0,2026-01-02 08:35:41,
5596,31222,2026-01-04 18:49:00,Natation,1270.0,2026-01-04 19:16:00,
5597,31222,2026-01-07 12:25:00,Natation,2581.0,2026-01-07 13:36:40,
5598,31222,2026-01-09 08:39:00,Natation,2427.0,2026-01-09 09:37:43,Bonne séance.
5599,31222,2026-01-11 18:08:00,Natation,995.0,2026-01-11 18:26:40,
5600,31222,2026-01-14 18:18:00,Natation,545.0,2026-01-14 18:26:41,
5601,31222,2026-01-19 08:41:00,Natation,1199.0,2026-01-19 08:59:45,Bonne séance.
5602,31222,2026-01-23 07:44:00,Natation,3026.0,2026-01-23 08:38:48,Travail d'endurance.
5603,31222,2026-01-31 19:03:00,Natation,2186.0,2026-01-31 19:38:36,
5604,31222,2026-02-06 08:27:00,Natation,1780.0,2026-02-06 09:05:32,
5605,31222,2026-02-12 07:41:00,Natation,3739.0,2026-02-12 09:01:51,Bonne séance.
5606,31222,2026-02-17 19:35:00,Natation,3993.0,2026-02-17 21:04:30,Travail d'endurance.
5607,31222,2026-02-22 08:51:00,Natation,3927.0,2026-02-22 09:51:39,
5608,31222,2026-02-23 18:38:00,Natation,1760.0,2026-02-23 19:12:05,Bonne séance.
5609,31222,2026-02-24 18:57:00,Natation,872.0,2026-02-24 19:19:48,Travail d'endurance.
5610,31222,2026-03-01 09:26:00,Natation,1622.0,2026-03-01 10:14:10,Travail d'endurance.
5611,31222,2026-03-04 09:06:00,Natation,1765.0,2026-03-04 09:38:43,
5612,31222,2026-03-06 17:34:00,Natation,3039.0,2026-03-06 18:22:25,
5613,31222,2026-03-08 09:53:00,Natation,3106.0,2026-03-08 11:12:47,Bonne séance.
5614,31222,2026-03-10 07:43:00,Natation,3094.0,2026-03-10 08:35:10,Travail d'endurance.
5615,31222,2026-03-18 19:04:00,Natation,3233.0,2026-03-18 19:49:36,
5616,31222,2026-03-27 08:20:00,Natation,2070.0,2026-03-27 09:04:23,Bonne séance.
5617,31222,2026-04-03 17:37:00,Natation,1218.0,2026-04-03 18:12:00,
5618,31222,2026-04-08 12:45:00,Natation,2063.0,2026-04-08 13:25:10,Travail d'endurance.
5619,31222,2026-04-13 19:10:00,Natation,2834.0,2026-04-13 20:09:18,
5620,31222,2026-04-16 17:24:00,Natation,882.0,2026-04-16 17:39:28,
5621,31222,2026-04-24 19:34:00,Natation,3704.0,2026-04-24 20:31:11,Travail d'endurance.
5622,31222,2026-04-26 19:50:00,Natation,1751.0,2026-04-26 20:35:21,Travail d'endurance.
5623,31222,2026-04-27 18:54:00,Natation,1109.0,2026-04-27 19:18:20,Bonne séance.
5624,31222,2026-04-30 12:43:00,Natation,1227.0,2026-04-30 13:05:26,
5625,31222,2026-05-04 08:51:00,Natation,1728.0,2026-05-04 09:19:08,Travail d'endurance.
5626,31222,2026-05-06 17:14:00,Natation,1475.0,2026-05-06 17:47:29,Bonne séance.
5627,31222,2026-05-10 17:24:00,Natation,2286.0,2026-05-10 17:56:13,Bonne séance.
5628,31222,2026-05-15 18:02:00,Natation,2579.0,2026-05-15 18:52:08,Bonne séance.
5629,31222,2026-05-18 08:46:00,Natation,2802.0,2026-05-18 09:54:52,Travail d'endurance.
5630,31222,2026-05-19 08:35:00,Natation,1850.0,2026-05-19 09:13:50,Bonne séance.
5631,31222,2026-05-25 19:53:00,Natation,588.0,2026-05-25 20:03:15,Bonne séance.
5632,31222,2026-05-26 08:48:00,Natation,3992.0,2026-05-26 09:58:29,Travail d'endurance.
5633,31222,2026-06-02 12:53:00,Natation,3086.0,2026-06-02 13:37:28,
5634,31222,2026-06-04 17:27:00,Natation,3804.0,2026-06-04 18:20:34,Bonne séance.
5635,31222,2026-06-06 09:20:00,Natation,1358.0,2026-06-06 09:49:02,
5636,31222,2026-06-09 07:16:00,Natation,2375.0,2026-06-09 08:17:39,Travail d'endurance.
5637,31222,2026-06-10 17:12:00,Natation,518.0,2026-06-10 17:26:51,Travail d'endurance.
5638,31222,2026-06-15 17:32:00,Natation,2365.0,2026-06-15 18:28:04,Bonne séance.
5639,31222,2026-06-16 09:47:00,Natation,3488.0,2026-06-16 10:46:21,Bonne séance.
5640,31222,2026-06-20 18:24:00,Natation,2614.0,2026-06-20 18:59:35,Bonne séance.
5641,31222,2026-06-25 17:37:00,Natation,1557.0,2026-06-25 18:06:44,Bonne séance.
5642,31222,2026-06-27 18:06:00,Natation,2374.0,2026-06-27 18:43:59,Travail d'endurance.
5643,31222,2026-07-04 19:55:00,Natation,2274.0,2026-07-04 20:34:26,
5644,31222,2026-07-08 07:05:00,Natation,607.0,2026-07-08 07:13:16,
5645,31222,2026-07-09 19:33:00,Natation,1567.0,2026-07-09 19:56:34,Travail d'endurance.
5646,31222,2026-07-12 12:30:00,Natation,3896.0,2026-07-12 13:50:43,Bonne séance.
5647,31222,2026-07-14 18:20:00,Natation,500.0,2026-07-14 18:28:16,
5648,31222,2026-07-19 18:06:00,Natation,2074.0,2026-07-19 18:44:33,Bonne séance.
5649,31222,2026-07-20 09:36:00,Natation,3462.0,2026-07-20 10:32:01,
5650,90207,2025-07-31 18:27:00,Tennis,,2025-07-31 20:25:00,Entraînement terminé.
5651,90207,2025-08-12 19:58:00,Tennis,,2025-08-12 20:45:00,Entraînement terminé.
5652,90207,2025-08-20 19:45:00,Tennis,,2025-08-20 21:43:00,Bonne séance.
5653,90207,2025-08-26 09:02:00,Tennis,,2025-08-26 10:04:00,Entraînement terminé.
5654,90207,2025-09-07 12:53:00,Tennis,,2025-09-07 14:46:00,Bonne séance.
5655,90207,2025-09-20 12:07:00,Tennis,,2025-09-20 13:30:00,
5656,90207,2025-09-28 19:43:00,Tennis,,2025-09-28 20:58:00,Entraînement terminé.
5657,90207,2025-10-08 18:11:00,Tennis,,2025-10-08 19:44:00,Entraînement terminé.
5658,90207,2025-10-25 19:15:00,Tennis,,2025-10-25 21:06:00,Entraînement terminé.
5659,90207,2025-11-08 17:55:00,Tennis,,2025-11-08 18:46:00,Très bonnes sensations.
5660,90207,2025-11-20 09:14:00,Tennis,,2025-11-20 10:01:00,
5661,90207,2025-12-18 17:24:00,Tennis,,2025-12-18 18:51:00,
5662,90207,2026-01-09 17:55:00,Tennis,,2026-01-09 19:27:00,Bonne séance.
5663,90207,2026-01-14 09:33:00,Tennis,,2026-01-14 11:06:00,Très bonnes sensations.
5664,90207,2026-02-03 12:09:00,Tennis,,2026-02-03 13:00:00,Bonne séance.
5665,90207,2026-02-09 09:19:00,Tennis,,2026-02-09 10:40:00,Bonne séance.
5666,90207,2026-02-18 17:49:00,Tennis,,2026-02-18 19:22:00,Bonne séance.
5667,90207,2026-04-08 18:26:00,Tennis,,2026-04-08 19:22:00,Très bonnes sensations.
5668,90207,2026-04-20 19:07:00,Tennis,,2026-04-20 20:49:00,Entraînement terminé.
5669,90207,2026-05-02 09:29:00,Tennis,,2026-05-02 11:13:00,Très bonnes sensations.
5670,90207,2026-05-11 12:15:00,Tennis,,2026-05-11 13:50:00,Très bonnes sensations.
5671,90207,2026-05-22 07:32:00,Tennis,,2026-05-22 09:27:00,Très bonnes sensations.
5672,90207,2026-05-26 19:31:00,Tennis,,2026-05-26 21:03:00,Entraînement terminé.
5673,90207,2026-06-05 08:18:00,Tennis,,2026-06-05 10:07:00,Entraînement terminé.
5674,90207,2026-06-20 08:28:00,Tennis,,2026-06-20 10:11:00,Entraînement terminé.
5675,90207,2026-07-08 12:26:00,Tennis,,2026-07-08 14:22:00,Très bonnes sensations.
5676,90207,2026-07-12 09:55:00,Tennis,,2026-07-12 10:59:00,
5677,90207,2026-07-20 12:22:00,Tennis,,2026-07-20 13:17:00,Entraînement terminé.
5678,48260,2025-07-21 07:04:00,Voile,,2025-07-21 09:25:00,Très bonnes sensations.
5679,48260,2025-07-22 19:13:00,Voile,,2025-07-22 22:59:00,Bonne séance.
5680,48260,2025-07-31 17:03:00,Voile,,2025-07-31 18:11:00,
5681,48260,2025-08-03 19:26:00,Voile,,2025-08-03 22:01:00,Très bonnes sensations.
5682,48260,2025-08-05 09:46:00,Voile,,2025-08-05 12:55:00,Bonne séance.
5683,48260,2025-08-09 08:47:00,Voile,,2025-08-09 11:01:00,Entraînement terminé.
5684,48260,2025-08-11 19:21:00,Voile,,2025-08-11 23:08:00,Très bonnes sensations.
5685,48260,2025-08-14 09:15:00,Voile,,2025-08-14 11:42:00,Bonne séance.
5686,48260,2025-08-23 18:08:00,Voile,,2025-08-23 20:53:00,Très bonnes sensations.
5687,48260,2025-08-29 18:58:00,Voile,,2025-08-29 22:49:00,
5688,48260,2025-09-02 12:01:00,Voile,,2025-09-02 15:27:00,
5689,48260,2025-09-07 18:15:00,Voile,,2025-09-07 20:33:00,Entraînement terminé.
5690,48260,2025-09-14 17:44:00,Voile,,2025-09-14 21:17:00,Très bonnes sensations.
5691,48260,2025-09-20 19:20:00,Voile,,2025-09-20 20:40:00,
5692,48260,2025-09-21 17:13:00,Voile,,2025-09-21 20:07:00,Entraînement terminé.
5693,48260,2025-09-23 12:27:00,Voile,,2025-09-23 13:46:00,Entraînement terminé.
5694,48260,2025-09-26 18:19:00,Voile,,2025-09-26 21:19:00,Très bonnes sensations.
5695,48260,2025-09-28 18:48:00,Voile,,2025-09-28 22:33:00,Très bonnes sensations.
5696,48260,2025-10-02 17:31:00,Voile,,2025-10-02 21:22:00,
5697,48260,2025-10-08 18:37:00,Voile,,2025-10-08 21:22:00,Très bonnes sensations.
5698,48260,2025-10-10 18:41:00,Voile,,2025-10-10 21:19:00,Bonne séance.
5699,48260,2025-10-12 18:08:00,Voile,,2025-10-12 20:42:00,Très bonnes sensations.
5700,48260,2025-10-14 09:38:00,Voile,,2025-10-14 13:08:00,Entraînement terminé.
5701,48260,2025-10-16 07:33:00,Voile,,2025-10-16 11:17:00,
5702,48260,2025-10-20 18:14:00,Voile,,2025-10-20 22:11:00,Bonne séance.
5703,48260,2025-10-24 07:46:00,Voile,,2025-10-24 09:32:00,Bonne séance.
5704,48260,2025-10-28 19:01:00,Voile,,2025-10-28 21:21:00,Entraînement terminé.
5705,48260,2025-10-29 19:30:00,Voile,,2025-10-29 23:24:00,Bonne séance.
5706,48260,2025-11-03 08:04:00,Voile,,2025-11-03 10:08:00,
5707,48260,2025-11-05 09:04:00,Voile,,2025-11-05 10:59:00,
5708,48260,2025-11-06 17:24:00,Voile,,2025-11-06 20:00:00,
5709,48260,2025-11-11 12:55:00,Voile,,2025-11-11 14:57:00,Bonne séance.
5710,48260,2025-11-12 17:37:00,Voile,,2025-11-12 19:00:00,Entraînement terminé.
5711,48260,2025-11-21 17:21:00,Voile,,2025-11-21 19:03:00,Entraînement terminé.
5712,48260,2025-11-22 12:19:00,Voile,,2025-11-22 14:36:00,Bonne séance.
5713,48260,2025-11-24 09:38:00,Voile,,2025-11-24 11:45:00,Entraînement terminé.
5714,48260,2025-11-30 18:55:00,Voile,,2025-11-30 22:47:00,Bonne séance.
5715,48260,2025-12-08 18:14:00,Voile,,2025-12-08 20:45:00,
5716,48260,2025-12-10 17:58:00,Voile,,2025-12-10 21:52:00,Très bonnes sensations.
5717,48260,2025-12-11 12:19:00,Voile,,2025-12-11 15:26:00,Très bonnes sensations.
5718,48260,2025-12-14 07:13:00,Voile,,2025-12-14 09:46:00,
5719,48260,2025-12-15 17:43:00,Voile,,2025-12-15 19:31:00,
5720,48260,2025-12-23 17:23:00,Voile,,2025-12-23 19:13:00,Entraînement terminé.
5721,48260,2025-12-30 17:52:00,Voile,,2025-12-30 19:12:00,Entraînement terminé.
5722,48260,2026-01-03 08:39:00,Voile,,2026-01-03 11:53:00,Entraînement terminé.
5723,48260,2026-01-04 12:35:00,Voile,,2026-01-04 16:09:00,Entraînement terminé.
5724,48260,2026-01-05 09:56:00,Voile,,2026-01-05 13:35:00,
5725,48260,2026-01-09 19:36:00,Voile,,2026-01-09 22:49:00,Entraînement terminé.
5726,48260,2026-01-11 17:24:00,Voile,,2026-01-11 19:48:00,Entraînement terminé.
5727,48260,2026-01-12 19:33:00,Voile,,2026-01-12 21:01:00,Très bonnes sensations.
5728,48260,2026-01-16 12:22:00,Voile,,2026-01-16 16:00:00,Bonne séance.
5729,48260,2026-01-22 08:54:00,Voile,,2026-01-22 10:18:00,Bonne séance.
5730,48260,2026-01-29 07:35:00,Voile,,2026-01-29 08:45:00,
5731,48260,2026-01-31 08:34:00,Voile,,2026-01-31 09:50:00,Entraînement terminé.
5732,48260,2026-02-02 08:45:00,Voile,,2026-02-02 12:20:00,Bonne séance.
5733,48260,2026-02-03 09:58:00,Voile,,2026-02-03 11:38:00,
5734,48260,2026-02-10 12:47:00,Voile,,2026-02-10 14:48:00,
5735,48260,2026-02-12 19:37:00,Voile,,2026-02-12 21:03:00,Bonne séance.
5736,48260,2026-02-14 07:32:00,Voile,,2026-02-14 09:52:00,Bonne séance.
5737,48260,2026-02-16 07:05:00,Voile,,2026-02-16 09:20:00,Très bonnes sensations.
5738,48260,2026-02-17 07:12:00,Voile,,2026-02-17 09:15:00,
5739,48260,2026-02-24 09:12:00,Voile,,2026-02-24 10:25:00,
5740,48260,2026-02-27 09:14:00,Voile,,2026-02-27 10:23:00,Bonne séance.
5741,48260,2026-03-07 09:18:00,Voile,,2026-03-07 10:20:00,Très bonnes sensations.
5742,48260,2026-03-08 18:45:00,Voile,,2026-03-08 20:10:00,
5743,48260,2026-03-12 17:56:00,Voile,,2026-03-12 20:40:00,Entraînement terminé.
5744,48260,2026-03-17 09:29:00,Voile,,2026-03-17 12:13:00,Très bonnes sensations.
5745,48260,2026-03-19 08:47:00,Voile,,2026-03-19 11:05:00,Entraînement terminé.
5746,48260,2026-03-20 09:07:00,Voile,,2026-03-20 12:29:00,Bonne séance.
5747,48260,2026-03-22 12:39:00,Voile,,2026-03-22 16:12:00,Entraînement terminé.
5748,48260,2026-03-23 09:09:00,Voile,,2026-03-23 10:23:00,Très bonnes sensations.
5749,48260,2026-03-26 09:43:00,Voile,,2026-03-26 11:04:00,
5750,48260,2026-04-01 07:58:00,Voile,,2026-04-01 11:55:00,Très bonnes sensations.
5751,48260,2026-04-08 07:01:00,Voile,,2026-04-08 08:16:00,Bonne séance.
5752,48260,2026-04-09 08:42:00,Voile,,2026-04-09 10:46:00,Bonne séance.
5753,48260,2026-04-10 19:47:00,Voile,,2026-04-10 21:18:00,Très bonnes sensations.
5754,48260,2026-04-13 08:09:00,Voile,,2026-04-13 12:04:00,
5755,48260,2026-04-15 18:51:00,Voile,,2026-04-15 21:58:00,Entraînement terminé.
5756,48260,2026-04-16 18:25:00,Voile,,2026-04-16 20:08:00,Très bonnes sensations.
5757,48260,2026-04-20 07:33:00,Voile,,2026-04-20 09:22:00,Entraînement terminé.
5758,48260,2026-04-22 12:36:00,Voile,,2026-04-22 13:58:00,
5759,48260,2026-04-23 07:22:00,Voile,,2026-04-23 10:47:00,Bonne séance.
5760,48260,2026-05-01 19:40:00,Voile,,2026-05-01 23:22:00,Entraînement terminé.
5761,48260,2026-05-04 17:40:00,Voile,,2026-05-04 20:36:00,
5762,48260,2026-05-09 18:12:00,Voile,,2026-05-09 19:52:00,Bonne séance.
5763,48260,2026-05-10 18:42:00,Voile,,2026-05-10 21:40:00,Entraînement terminé.
5764,48260,2026-05-19 18:08:00,Voile,,2026-05-19 20:13:00,Bonne séance.
5765,48260,2026-05-20 17:29:00,Voile,,2026-05-20 19:00:00,Bonne séance.
5766,48260,2026-05-21 17:22:00,Voile,,2026-05-21 18:44:00,Entraînement terminé.
5767,48260,2026-05-25 19:02:00,Voile,,2026-05-25 21:26:00,
5768,48260,2026-05-29 18:59:00,Voile,,2026-05-29 20:36:00,Très bonnes sensations.
5769,48260,2026-06-06 12:02:00,Voile,,2026-06-06 14:15:00,
5770,48260,2026-06-13 19:11:00,Voile,,2026-06-13 21:18:00,
5771,48260,2026-06-16 19:19:00,Voile,,2026-06-16 22:21:00,Entraînement terminé.
5772,48260,2026-06-20 12:51:00,Voile,,2026-06-20 15:33:00,Entraînement terminé.
5773,48260,2026-06-26 17:01:00,Voile,,2026-06-26 19:06:00,
5774,48260,2026-07-02 17:21:00,Voile,,2026-07-02 20:12:00,Très bonnes sensations.
5775,48260,2026-07-03 18:16:00,Voile,,2026-07-03 20:08:00,
5776,48260,2026-07-04 07:57:00,Voile,,2026-07-04 10:36:00,Entraînement terminé.
5777,48260,2026-07-07 19:08:00,Voile,,2026-07-07 21:04:00,Très bonnes sensations.
5778,48260,2026-07-08 17:32:00,Voile,,2026-07-08 20:42:00,Très bonnes sensations.
5779,48260,2026-07-11 18:56:00,Voile,,2026-07-11 21:33:00,Entraînement terminé.
5780,48260,2026-07-16 17:53:00,Voile,,2026-07-16 19:53:00,
5781,48260,2026-07-17 08:24:00,Voile,,2026-07-17 12:12:00,
5782,48260,2026-07-19 19:37:00,Voile,,2026-07-19 20:42:00,
5783,48260,2026-07-20 07:51:00,Voile,,2026-07-20 09:40:00,Très bonnes sensations.
5784,46304,2025-07-23 19:37:00,Rugby,,2025-07-23 20:54:00,Très bonnes sensations.
5785,46304,2025-08-31 19:46:00,Rugby,,2025-08-31 21:32:00,Entraînement terminé.
5786,46304,2025-09-12 08:35:00,Rugby,,2025-09-12 09:45:00,Entraînement terminé.
5787,46304,2025-09-14 17:45:00,Rugby,,2025-09-14 19:33:00,
5788,46304,2025-09-24 19:36:00,Rugby,,2025-09-24 21:22:00,
5789,46304,2025-09-29 09:28:00,Rugby,,2025-09-29 10:36:00,Bonne séance.
5790,46304,2025-10-05 18:26:00,Rugby,,2025-10-05 19:56:00,Bonne séance.
5791,46304,2025-10-24 08:08:00,Rugby,,2025-10-24 09:50:00,Très bonnes sensations.
5792,46304,2025-10-26 19:35:00,Rugby,,2025-10-26 20:51:00,Très bonnes sensations.
5793,46304,2025-11-08 19:21:00,Rugby,,2025-11-08 20:45:00,Bonne séance.
5794,46304,2025-11-22 18:42:00,Rugby,,2025-11-22 20:16:00,Bonne séance.
5795,46304,2026-01-12 07:27:00,Rugby,,2026-01-12 08:59:00,Entraînement terminé.
5796,46304,2026-01-22 18:19:00,Rugby,,2026-01-22 20:02:00,Très bonnes sensations.
5797,46304,2026-01-28 18:31:00,Rugby,,2026-01-28 20:03:00,
5798,46304,2026-02-03 09:51:00,Rugby,,2026-02-03 11:26:00,Bonne séance.
5799,46304,2026-02-10 18:17:00,Rugby,,2026-02-10 19:53:00,Entraînement terminé.
5800,46304,2026-02-17 08:05:00,Rugby,,2026-02-17 09:19:00,Entraînement terminé.
5801,46304,2026-03-10 09:43:00,Rugby,,2026-03-10 11:33:00,Entraînement terminé.
5802,46304,2026-03-24 17:45:00,Rugby,,2026-03-24 19:14:00,Entraînement terminé.
5803,46304,2026-04-16 12:43:00,Rugby,,2026-04-16 13:53:00,Très bonnes sensations.
5804,46304,2026-04-21 19:07:00,Rugby,,2026-04-21 20:54:00,
5805,46304,2026-04-29 09:21:00,Rugby,,2026-04-29 10:35:00,Entraînement terminé.
5806,46304,2026-05-05 19:20:00,Rugby,,2026-05-05 20:24:00,Entraînement terminé.
5807,46304,2026-05-12 07:39:00,Rugby,,2026-05-12 09:04:00,Très bonnes sensations.
5808,46304,2026-05-18 18:00:00,Rugby,,2026-05-18 19:03:00,Bonne séance.
5809,46304,2026-05-29 17:52:00,Rugby,,2026-05-29 19:03:00,
5810,46304,2026-06-13 08:53:00,Rugby,,2026-06-13 09:55:00,
5811,46304,2026-06-18 12:41:00,Rugby,,2026-06-18 14:21:00,Bonne séance.
5812,46304,2026-06-29 08:33:00,Rugby,,2026-06-29 09:50:00,Bonne séance.
5813,46304,2026-07-11 18:38:00,Rugby,,2026-07-11 19:48:00,Très bonnes sensations.
5814,46304,2026-07-15 17:03:00,Rugby,,2026-07-15 18:39:00,Entraînement terminé.
5815,46304,2026-07-19 07:51:00,Rugby,,2026-07-19 09:31:00,
5816,73367,2025-08-07 07:04:00,Boxe,,2025-08-07 08:27:00,Entraînement terminé.
5817,73367,2025-08-22 08:23:00,Boxe,,2025-08-22 09:43:00,Très bonnes sensations.
5818,73367,2025-08-29 12:06:00,Boxe,,2025-08-29 13:35:00,Entraînement terminé.
5819,73367,2025-09-02 09:26:00,Boxe,,2025-09-02 10:52:00,
5820,73367,2025-09-08 17:09:00,Boxe,,2025-09-08 18:36:00,Très bonnes sensations.
5821,73367,2025-09-24 19:17:00,Boxe,,2025-09-24 20:46:00,Très bonnes sensations.
5822,73367,2025-10-06 07:40:00,Boxe,,2025-10-06 08:31:00,Bonne séance.
5823,73367,2025-10-17 19:50:00,Boxe,,2025-10-17 20:39:00,
5824,73367,2025-11-05 12:47:00,Boxe,,2025-11-05 13:57:00,Bonne séance.
5825,73367,2025-11-14 07:10:00,Boxe,,2025-11-14 07:45:00,Entraînement terminé.
5826,73367,2025-11-21 19:50:00,Boxe,,2025-11-21 21:01:00,Bonne séance.
5827,73367,2025-12-10 09:55:00,Boxe,,2025-12-10 10:45:00,Bonne séance.
5828,73367,2025-12-29 12:16:00,Boxe,,2025-12-29 12:59:00,Entraînement terminé.
5829,73367,2026-01-07 18:32:00,Boxe,,2026-01-07 19:19:00,Entraînement terminé.
5830,73367,2026-01-11 12:35:00,Boxe,,2026-01-11 13:44:00,
5831,73367,2026-01-24 09:05:00,Boxe,,2026-01-24 10:17:00,
5832,73367,2026-02-04 09:23:00,Boxe,,2026-02-04 09:57:00,Bonne séance.
5833,73367,2026-02-10 07:50:00,Boxe,,2026-02-10 08:39:00,Bonne séance.
5834,73367,2026-02-16 18:06:00,Boxe,,2026-02-16 19:03:00,Entraînement terminé.
5835,73367,2026-03-13 17:30:00,Boxe,,2026-03-13 18:17:00,Très bonnes sensations.
5836,73367,2026-03-18 09:24:00,Boxe,,2026-03-18 10:43:00,Entraînement terminé.
5837,73367,2026-03-29 09:20:00,Boxe,,2026-03-29 10:09:00,Entraînement terminé.
5838,73367,2026-04-13 19:27:00,Boxe,,2026-04-13 20:31:00,Très bonnes sensations.
5839,73367,2026-04-19 09:55:00,Boxe,,2026-04-19 10:51:00,Bonne séance.
5840,73367,2026-05-16 17:54:00,Boxe,,2026-05-16 19:21:00,
5841,73367,2026-05-20 18:15:00,Boxe,,2026-05-20 19:04:00,
5842,73367,2026-05-25 09:37:00,Boxe,,2026-05-25 10:36:00,Très bonnes sensations.
5843,73367,2026-07-10 09:29:00,Boxe,,2026-07-10 10:28:00,Bonne séance.
5844,73367,2026-07-16 09:15:00,Boxe,,2026-07-16 10:27:00,
5845,73367,2026-07-20 08:11:00,Boxe,,2026-07-20 09:03:00,Entraînement terminé.
5846,57589,2025-07-22 07:14:00,Runing,8613.0,2025-07-22 08:13:56,Très bonnes sensations.
5847,57589,2025-07-23 09:06:00,Runing,9447.0,2025-07-23 10:01:33,Reprise du sport :)
5848,57589,2025-07-26 12:13:00,Runing,13151.0,2025-07-26 13:24:47,Bonne sortie !
5849,57589,2025-08-02 08:34:00,Runing,9008.0,2025-08-02 09:16:13,Reprise du sport :)
5850,57589,2025-08-03 19:53:00,Runing,8636.0,2025-08-03 20:45:15,Reprise du sport :)
5851,57589,2025-08-07 19:31:00,Runing,8933.0,2025-08-07 20:13:39,
5852,57589,2025-08-08 18:26:00,Runing,9593.0,2025-08-08 19:45:13,Reprise du sport :)
5853,57589,2025-08-10 12:10:00,Runing,6904.0,2025-08-10 13:00:02,Reprise du sport :)
5854,57589,2025-08-11 12:00:00,Runing,7924.0,2025-08-11 13:06:52,
5855,57589,2025-08-15 09:25:00,Runing,16219.0,2025-08-15 10:57:11,Très bonnes sensations.
5856,57589,2025-08-17 18:31:00,Runing,13968.0,2025-08-17 19:50:31,Bonne sortie !
5857,57589,2025-08-19 09:07:00,Runing,12109.0,2025-08-19 10:26:53,Reprise du sport :)
5858,57589,2025-08-22 17:21:00,Runing,3683.0,2025-08-22 17:42:52,Bonne sortie !
5859,57589,2025-08-26 18:49:00,Runing,9593.0,2025-08-26 20:08:42,Très bonnes sensations.
5860,57589,2025-08-30 07:12:00,Runing,12969.0,2025-08-30 08:17:08,
5861,57589,2025-08-31 12:22:00,Runing,13088.0,2025-08-31 13:32:57,
5862,57589,2025-09-10 18:02:00,Runing,9278.0,2025-09-10 18:59:02,Reprise du sport :)
5863,57589,2025-09-14 12:44:00,Runing,12787.0,2025-09-14 14:19:05,Reprise du sport :)
5864,57589,2025-09-17 09:43:00,Runing,4603.0,2025-09-17 10:12:25,Bonne sortie !
5865,57589,2025-09-18 07:47:00,Runing,16076.0,2025-09-18 09:31:57,Bonne sortie !
5866,57589,2025-09-24 12:25:00,Runing,14089.0,2025-09-24 14:04:27,Bonne sortie !
5867,57589,2025-09-25 19:27:00,Runing,10975.0,2025-09-25 20:17:39,Reprise du sport :)
5868,57589,2025-09-27 18:50:00,Runing,8833.0,2025-09-27 19:37:14,Très bonnes sensations.
5869,57589,2025-10-01 07:29:00,Runing,5098.0,2025-10-01 08:08:14,Bonne sortie !
5870,57589,2025-10-05 08:14:00,Runing,16121.0,2025-10-05 10:00:37,
5871,57589,2025-10-11 19:12:00,Runing,13028.0,2025-10-11 21:02:58,Reprise du sport :)
5872,57589,2025-10-12 17:29:00,Runing,17922.0,2025-10-12 18:57:33,Bonne sortie !
5873,57589,2025-10-21 17:14:00,Runing,10081.0,2025-10-21 18:18:08,Bonne sortie !
5874,57589,2025-10-24 09:30:00,Runing,14669.0,2025-10-24 10:45:40,Très bonnes sensations.
5875,57589,2025-10-26 18:17:00,Runing,11522.0,2025-10-26 19:11:06,Bonne sortie !
5876,57589,2025-11-01 18:49:00,Runing,16994.0,2025-11-01 20:08:25,
5877,57589,2025-11-02 19:23:00,Runing,15684.0,2025-11-02 20:50:21,Reprise du sport :)
5878,57589,2025-11-03 17:52:00,Runing,5512.0,2025-11-03 18:27:25,
5879,57589,2025-11-05 17:11:00,Runing,16923.0,2025-11-05 19:03:07,Très bonnes sensations.
5880,57589,2025-11-14 12:51:00,Runing,12687.0,2025-11-14 13:51:03,
5881,57589,2025-11-20 19:48:00,Runing,11570.0,2025-11-20 21:02:19,
5882,57589,2025-11-29 08:43:00,Runing,5104.0,2025-11-29 09:07:02,Bonne sortie !
5883,57589,2025-12-02 18:42:00,Runing,5726.0,2025-12-02 19:20:27,Bonne sortie !
5884,57589,2025-12-07 17:31:00,Runing,15938.0,2025-12-07 18:59:07,Bonne sortie !
5885,57589,2025-12-13 19:21:00,Runing,16271.0,2025-12-13 20:52:08,Reprise du sport :)
5886,57589,2025-12-16 12:16:00,Runing,13308.0,2025-12-16 13:30:06,Très bonnes sensations.
5887,57589,2025-12-20 09:44:00,Runing,6518.0,2025-12-20 10:32:22,Reprise du sport :)
5888,57589,2025-12-21 07:33:00,Runing,4598.0,2025-12-21 07:56:25,Reprise du sport :)
5889,57589,2025-12-23 07:13:00,Runing,9259.0,2025-12-23 07:57:21,Bonne sortie !
5890,57589,2025-12-28 08:03:00,Runing,6376.0,2025-12-28 08:40:05,
5891,57589,2025-12-30 18:37:00,Runing,6545.0,2025-12-30 19:17:37,Très bonnes sensations.
5892,57589,2026-01-02 17:19:00,Runing,15784.0,2026-01-02 19:23:38,Reprise du sport :)
5893,57589,2026-01-04 12:42:00,Runing,5204.0,2026-01-04 13:21:03,
5894,57589,2026-01-06 09:42:00,Runing,11556.0,2026-01-06 11:03:56,Bonne sortie !
5895,57589,2026-01-11 07:07:00,Runing,6024.0,2026-01-11 07:44:26,Bonne sortie !
5896,57589,2026-01-13 12:00:00,Runing,6204.0,2026-01-13 12:53:06,Très bonnes sensations.
5897,57589,2026-01-20 12:02:00,Runing,14998.0,2026-01-20 13:28:13,Très bonnes sensations.
5898,57589,2026-01-21 18:42:00,Runing,10916.0,2026-01-21 19:50:08,Bonne sortie !
5899,57589,2026-01-26 18:38:00,Runing,9114.0,2026-01-26 19:55:57,Très bonnes sensations.
5900,57589,2026-01-28 18:30:00,Runing,14289.0,2026-01-28 19:41:16,Très bonnes sensations.
5901,57589,2026-02-01 12:09:00,Runing,3684.0,2026-02-01 12:34:26,Très bonnes sensations.
5902,57589,2026-02-08 07:32:00,Runing,9388.0,2026-02-08 08:19:24,Bonne sortie !
5903,57589,2026-02-10 07:14:00,Runing,17517.0,2026-02-10 08:41:52,Bonne sortie !
5904,57589,2026-02-13 12:54:00,Runing,7872.0,2026-02-13 13:37:14,Très bonnes sensations.
5905,57589,2026-02-18 12:19:00,Runing,4788.0,2026-02-18 12:46:16,
5906,57589,2026-02-19 12:02:00,Runing,8290.0,2026-02-19 12:45:59,Bonne sortie !
5907,57589,2026-02-22 19:58:00,Runing,7098.0,2026-02-22 20:34:10,
5908,57589,2026-02-25 17:46:00,Runing,14626.0,2026-02-25 19:02:17,
5909,57589,2026-02-27 08:19:00,Runing,5141.0,2026-02-27 08:53:12,
5910,57589,2026-03-01 07:35:00,Runing,4132.0,2026-03-01 07:56:42,Reprise du sport :)
5911,57589,2026-03-04 17:36:00,Runing,4635.0,2026-03-04 18:10:13,Bonne sortie !
5912,57589,2026-03-05 17:25:00,Runing,10611.0,2026-03-05 18:15:01,Très bonnes sensations.
5913,57589,2026-03-08 09:59:00,Runing,7040.0,2026-03-08 10:56:04,Bonne sortie !
5914,57589,2026-03-09 18:57:00,Runing,9520.0,2026-03-09 19:47:14,Reprise du sport :)
5915,57589,2026-03-18 19:00:00,Runing,5303.0,2026-03-18 19:39:33,Très bonnes sensations.
5916,57589,2026-03-22 18:32:00,Runing,10462.0,2026-03-22 19:40:13,Reprise du sport :)
5917,57589,2026-03-26 17:00:00,Runing,5319.0,2026-03-26 17:26:11,Bonne sortie !
5918,57589,2026-03-27 08:49:00,Runing,9030.0,2026-03-27 09:41:45,Reprise du sport :)
5919,57589,2026-04-03 19:39:00,Runing,13465.0,2026-04-03 21:26:47,Très bonnes sensations.
5920,57589,2026-04-06 19:20:00,Runing,16947.0,2026-04-06 21:35:27,Reprise du sport :)
5921,57589,2026-04-08 09:58:00,Runing,7156.0,2026-04-08 10:44:21,Bonne sortie !
5922,57589,2026-04-12 07:56:00,Runing,5669.0,2026-04-12 08:25:49,Reprise du sport :)
5923,57589,2026-04-14 07:58:00,Runing,16235.0,2026-04-14 09:22:02,Bonne sortie !
5924,57589,2026-04-17 17:15:00,Runing,6103.0,2026-04-17 18:03:41,Reprise du sport :)
5925,57589,2026-04-23 17:45:00,Runing,10900.0,2026-04-23 18:47:54,
5926,57589,2026-04-24 08:21:00,Runing,16238.0,2026-04-24 09:45:21,Très bonnes sensations.
5927,57589,2026-04-29 12:05:00,Runing,17041.0,2026-04-29 13:48:07,
5928,57589,2026-05-03 09:26:00,Runing,11197.0,2026-05-03 10:35:11,
5929,57589,2026-05-10 09:58:00,Runing,14446.0,2026-05-10 11:31:17,Reprise du sport :)
5930,57589,2026-05-11 07:25:00,Runing,7151.0,2026-05-11 08:06:53,Bonne sortie !
5931,57589,2026-05-12 19:40:00,Runing,13341.0,2026-05-12 20:57:29,Reprise du sport :)
5932,57589,2026-05-18 12:24:00,Runing,12152.0,2026-05-18 13:49:15,Très bonnes sensations.
5933,57589,2026-05-27 19:42:00,Runing,10136.0,2026-05-27 20:32:04,
5934,57589,2026-05-30 12:17:00,Runing,6677.0,2026-05-30 13:02:13,Très bonnes sensations.
5935,57589,2026-06-01 19:05:00,Runing,13470.0,2026-06-01 20:14:49,Bonne sortie !
5936,57589,2026-06-05 07:14:00,Runing,6699.0,2026-06-05 08:03:51,Très bonnes sensations.
5937,57589,2026-06-06 18:53:00,Runing,14838.0,2026-06-06 20:11:26,Reprise du sport :)
5938,57589,2026-06-09 07:49:00,Runing,3005.0,2026-06-09 08:09:27,Reprise du sport :)
5939,57589,2026-06-13 17:54:00,Runing,3707.0,2026-06-13 18:15:09,Très bonnes sensations.
5940,57589,2026-06-14 17:05:00,Runing,8643.0,2026-06-14 18:00:38,Reprise du sport :)
5941,57589,2026-06-15 19:18:00,Runing,5657.0,2026-06-15 19:52:17,Très bonnes sensations.
5942,57589,2026-06-20 17:49:00,Runing,16905.0,2026-06-20 19:25:35,Reprise du sport :)
5943,57589,2026-06-23 12:53:00,Runing,4922.0,2026-06-23 13:31:42,
5944,57589,2026-06-24 12:36:00,Runing,10744.0,2026-06-24 13:44:55,Très bonnes sensations.
5945,57589,2026-06-26 09:18:00,Runing,14036.0,2026-06-26 10:31:30,Très bonnes sensations.
5946,57589,2026-06-29 17:36:00,Runing,15947.0,2026-06-29 19:14:17,Bonne sortie !
5947,57589,2026-07-01 12:43:00,Runing,12447.0,2026-07-01 14:13:24,Reprise du sport :)
5948,57589,2026-07-05 19:13:00,Runing,12502.0,2026-07-05 20:59:13,Reprise du sport :)
5949,57589,2026-07-10 18:24:00,Runing,11657.0,2026-07-10 19:21:34,Très bonnes sensations.
5950,57589,2026-07-18 12:24:00,Runing,14854.0,2026-07-18 13:48:33,Bonne sortie !
5951,57589,2026-07-19 08:33:00,Runing,5166.0,2026-07-19 08:57:37,Très bonnes sensations.
5952,57589,2026-07-20 07:39:00,Runing,15575.0,2026-07-20 08:55:46,Très bonnes sensations.
5953,92368,2025-07-20 19:41:00,Runing,6360.0,2025-07-20 20:17:38,Très bonnes sensations.
5954,92368,2025-07-22 08:24:00,Runing,6650.0,2025-07-22 09:03:58,Bonne sortie !
5955,92368,2025-07-23 18:51:00,Runing,15432.0,2025-07-23 20:04:51,
5956,92368,2025-07-24 18:50:00,Runing,4399.0,2025-07-24 19:26:00,Très bonnes sensations.
5957,92368,2025-07-27 17:38:00,Runing,9872.0,2025-07-27 18:51:43,
5958,92368,2025-07-28 12:34:00,Runing,17762.0,2025-07-28 14:11:36,Bonne sortie !
5959,92368,2025-07-29 09:12:00,Runing,5686.0,2025-07-29 09:52:39,Bonne sortie !
5960,92368,2025-08-04 17:37:00,Runing,6764.0,2025-08-04 18:24:40,Très bonnes sensations.
5961,92368,2025-08-08 07:50:00,Runing,9572.0,2025-08-08 08:38:19,
5962,92368,2025-08-09 19:54:00,Runing,9190.0,2025-08-09 20:47:02,Reprise du sport :)
5963,92368,2025-08-10 09:41:00,Runing,5138.0,2025-08-10 10:18:51,Très bonnes sensations.
5964,92368,2025-08-11 17:56:00,Runing,9419.0,2025-08-11 18:59:13,Bonne sortie !
5965,92368,2025-08-12 17:19:00,Runing,4480.0,2025-08-12 17:53:23,Reprise du sport :)
5966,92368,2025-08-13 08:30:00,Runing,14721.0,2025-08-13 09:43:33,
5967,92368,2025-08-15 19:24:00,Runing,17114.0,2025-08-15 20:45:14,Reprise du sport :)
5968,92368,2025-08-19 12:49:00,Runing,8581.0,2025-08-19 13:49:46,
5969,92368,2025-08-20 17:40:00,Runing,15344.0,2025-08-20 18:59:27,
5970,92368,2025-08-21 09:10:00,Runing,8932.0,2025-08-21 10:08:53,Reprise du sport :)
5971,92368,2025-08-22 08:33:00,Runing,16142.0,2025-08-22 10:50:36,Bonne sortie !
5972,92368,2025-08-23 12:26:00,Runing,15454.0,2025-08-23 13:37:33,Bonne sortie !
5973,92368,2025-08-24 17:33:00,Runing,13445.0,2025-08-24 18:36:12,Très bonnes sensations.
5974,92368,2025-08-26 07:43:00,Runing,5956.0,2025-08-26 08:32:17,Bonne sortie !
5975,92368,2025-08-27 08:07:00,Runing,7081.0,2025-08-27 08:41:28,Très bonnes sensations.
5976,92368,2025-08-28 07:57:00,Runing,17734.0,2025-08-28 10:17:47,Reprise du sport :)
5977,92368,2025-09-01 19:30:00,Runing,12271.0,2025-09-01 20:42:34,Très bonnes sensations.
5978,92368,2025-09-02 08:58:00,Runing,17508.0,2025-09-02 10:41:50,Bonne sortie !
5979,92368,2025-09-03 19:51:00,Runing,14463.0,2025-09-03 21:47:22,Bonne sortie !
5980,92368,2025-09-04 19:19:00,Runing,12296.0,2025-09-04 20:39:25,Très bonnes sensations.
5981,92368,2025-09-06 08:36:00,Runing,16392.0,2025-09-06 10:44:05,Très bonnes sensations.
5982,92368,2025-09-07 08:12:00,Runing,15455.0,2025-09-07 10:06:32,
5983,92368,2025-09-09 12:00:00,Runing,3317.0,2025-09-09 12:22:15,
5984,92368,2025-09-10 08:33:00,Runing,10989.0,2025-09-10 09:47:18,
5985,92368,2025-09-12 08:01:00,Runing,5410.0,2025-09-12 08:30:17,
5986,92368,2025-09-16 09:23:00,Runing,7449.0,2025-09-16 10:23:23,Reprise du sport :)
5987,92368,2025-09-17 17:31:00,Runing,13150.0,2025-09-17 19:11:50,
5988,92368,2025-09-19 07:55:00,Runing,17549.0,2025-09-19 09:57:14,Très bonnes sensations.
5989,92368,2025-09-23 18:47:00,Runing,3293.0,2025-09-23 19:03:55,Reprise du sport :)
5990,92368,2025-09-24 08:25:00,Runing,14156.0,2025-09-24 09:41:38,Très bonnes sensations.
5991,92368,2025-09-27 09:17:00,Runing,5798.0,2025-09-27 09:46:06,Bonne sortie !
5992,92368,2025-09-28 18:34:00,Runing,16189.0,2025-09-28 20:33:27,
5993,92368,2025-09-29 17:23:00,Runing,11317.0,2025-09-29 18:16:24,Bonne sortie !
5994,92368,2025-09-30 08:44:00,Runing,12099.0,2025-09-30 10:11:30,
5995,92368,2025-10-01 12:03:00,Runing,16035.0,2025-10-01 14:10:49,Reprise du sport :)
5996,92368,2025-10-04 09:28:00,Runing,12738.0,2025-10-04 11:04:29,Bonne sortie !
5997,92368,2025-10-05 17:45:00,Runing,4633.0,2025-10-05 18:10:55,Très bonnes sensations.
5998,92368,2025-10-07 07:06:00,Runing,8979.0,2025-10-07 08:20:09,
5999,92368,2025-10-08 17:27:00,Runing,11132.0,2025-10-08 18:29:41,Très bonnes sensations.
6000,92368,2025-10-09 18:08:00,Runing,3453.0,2025-10-09 18:27:21,Reprise du sport :)
6001,92368,2025-10-12 07:54:00,Runing,12213.0,2025-10-12 09:26:25,Reprise du sport :)
6002,92368,2025-10-13 08:15:00,Runing,6716.0,2025-10-13 08:50:53,Très bonnes sensations.
6003,92368,2025-10-16 19:00:00,Runing,16620.0,2025-10-16 20:55:48,Bonne sortie !
6004,92368,2025-10-20 17:58:00,Runing,4689.0,2025-10-20 18:29:03,Reprise du sport :)
6005,92368,2025-10-21 09:51:00,Runing,5046.0,2025-10-21 10:31:34,Bonne sortie !
6006,92368,2025-10-23 19:38:00,Runing,13582.0,2025-10-23 21:02:21,Reprise du sport :)
6007,92368,2025-10-25 17:10:00,Runing,3317.0,2025-10-25 17:26:01,Très bonnes sensations.
6008,92368,2025-10-26 19:19:00,Runing,17987.0,2025-10-26 21:32:13,Très bonnes sensations.
6009,92368,2025-10-28 19:15:00,Runing,12548.0,2025-10-28 20:34:29,Très bonnes sensations.
6010,92368,2025-10-29 08:22:00,Runing,12851.0,2025-10-29 10:05:06,Bonne sortie !
6011,92368,2025-11-01 18:04:00,Runing,5913.0,2025-11-01 18:44:18,Très bonnes sensations.
6012,92368,2025-11-03 08:56:00,Runing,15312.0,2025-11-03 10:43:29,Bonne sortie !
6013,92368,2025-11-05 18:19:00,Runing,6236.0,2025-11-05 18:53:43,Reprise du sport :)
6014,92368,2025-11-06 19:19:00,Runing,13201.0,2025-11-06 20:22:59,Très bonnes sensations.
6015,92368,2025-11-07 08:38:00,Runing,17205.0,2025-11-07 10:29:30,Très bonnes sensations.
6016,92368,2025-11-08 07:21:00,Runing,17811.0,2025-11-08 09:14:15,Reprise du sport :)
6017,92368,2025-11-09 19:10:00,Runing,13049.0,2025-11-09 20:12:40,
6018,92368,2025-11-13 19:51:00,Runing,6709.0,2025-11-13 20:37:41,
6019,92368,2025-11-14 18:18:00,Runing,5053.0,2025-11-14 18:52:37,Très bonnes sensations.
6020,92368,2025-11-16 17:18:00,Runing,3155.0,2025-11-16 17:35:51,Très bonnes sensations.
6021,92368,2025-11-21 18:22:00,Runing,10912.0,2025-11-21 19:40:14,Très bonnes sensations.
6022,92368,2025-11-22 08:18:00,Runing,17401.0,2025-11-22 10:28:24,Très bonnes sensations.
6023,92368,2025-11-24 09:38:00,Runing,5519.0,2025-11-24 10:04:25,Bonne sortie !
6024,92368,2025-11-26 12:50:00,Runing,12823.0,2025-11-26 14:21:45,
6025,92368,2025-11-27 18:17:00,Runing,16601.0,2025-11-27 19:49:25,
6026,92368,2025-11-28 07:43:00,Runing,8440.0,2025-11-28 08:47:11,Bonne sortie !
6027,92368,2025-11-29 07:45:00,Runing,4862.0,2025-11-29 08:10:20,Bonne sortie !
6028,92368,2025-11-30 09:31:00,Runing,17193.0,2025-11-30 11:26:01,
6029,92368,2025-12-02 07:40:00,Runing,4077.0,2025-12-02 08:04:09,Bonne sortie !
6030,92368,2025-12-03 17:51:00,Runing,6649.0,2025-12-03 18:39:02,Reprise du sport :)
6031,92368,2025-12-08 08:10:00,Runing,12424.0,2025-12-08 09:22:51,Bonne sortie !
6032,92368,2025-12-09 19:50:00,Runing,15479.0,2025-12-09 21:15:20,Reprise du sport :)
6033,92368,2025-12-10 17:26:00,Runing,14213.0,2025-12-10 18:55:50,Très bonnes sensations.
6034,92368,2025-12-11 19:30:00,Runing,16062.0,2025-12-11 20:46:27,Reprise du sport :)
6035,92368,2025-12-12 08:55:00,Runing,12750.0,2025-12-12 10:42:27,Bonne sortie !
6036,92368,2025-12-15 12:46:00,Runing,15769.0,2025-12-15 14:38:24,Reprise du sport :)
6037,92368,2025-12-16 07:02:00,Runing,14791.0,2025-12-16 08:50:00,
6038,92368,2025-12-17 17:02:00,Runing,14520.0,2025-12-17 18:09:55,
6039,92368,2025-12-21 19:53:00,Runing,13566.0,2025-12-21 21:24:46,Bonne sortie !
6040,92368,2025-12-23 12:32:00,Runing,11009.0,2025-12-23 13:49:45,Reprise du sport :)
6041,92368,2025-12-24 09:16:00,Runing,13791.0,2025-12-24 10:21:31,Reprise du sport :)
6042,92368,2025-12-26 08:41:00,Runing,7072.0,2025-12-26 09:35:45,Très bonnes sensations.
6043,92368,2025-12-28 09:51:00,Runing,17140.0,2025-12-28 11:50:30,Bonne sortie !
6044,92368,2025-12-29 17:12:00,Runing,8009.0,2025-12-29 17:49:44,Très bonnes sensations.
6045,92368,2025-12-31 17:01:00,Runing,7541.0,2025-12-31 17:51:45,Bonne sortie !
6046,92368,2026-01-02 18:49:00,Runing,14007.0,2026-01-02 20:08:44,Bonne sortie !
6047,92368,2026-01-03 19:44:00,Runing,8681.0,2026-01-03 20:48:44,Très bonnes sensations.
6048,92368,2026-01-04 08:52:00,Runing,16076.0,2026-01-04 10:12:41,
6049,92368,2026-01-05 08:15:00,Runing,3322.0,2026-01-05 08:30:49,Bonne sortie !
6050,92368,2026-01-06 09:21:00,Runing,7072.0,2026-01-06 10:00:23,Bonne sortie !
6051,92368,2026-01-07 07:11:00,Runing,6768.0,2026-01-07 07:53:34,
6052,92368,2026-01-09 19:11:00,Runing,5499.0,2026-01-09 19:48:40,Très bonnes sensations.
6053,92368,2026-01-11 08:45:00,Runing,16417.0,2026-01-11 10:26:01,
6054,92368,2026-01-13 08:14:00,Runing,8682.0,2026-01-13 09:25:40,
6055,92368,2026-01-15 12:03:00,Runing,5056.0,2026-01-15 12:38:44,Bonne sortie !
6056,92368,2026-01-16 09:06:00,Runing,16416.0,2026-01-16 11:23:22,
6057,92368,2026-01-20 07:51:00,Runing,12629.0,2026-01-20 08:50:30,Reprise du sport :)
6058,92368,2026-01-21 18:44:00,Runing,3857.0,2026-01-21 19:10:47,Bonne sortie !
6059,92368,2026-01-22 18:52:00,Runing,14257.0,2026-01-22 20:09:25,Reprise du sport :)
6060,92368,2026-01-24 12:19:00,Runing,4166.0,2026-01-24 12:52:27,Bonne sortie !
6061,92368,2026-01-25 09:14:00,Runing,11367.0,2026-01-25 10:11:47,
6062,92368,2026-01-26 12:49:00,Runing,11468.0,2026-01-26 14:21:20,
6063,92368,2026-01-27 19:15:00,Runing,16472.0,2026-01-27 20:31:50,Reprise du sport :)
6064,92368,2026-01-31 07:22:00,Runing,14722.0,2026-01-31 08:39:06,Reprise du sport :)
6065,92368,2026-02-01 09:44:00,Runing,11146.0,2026-02-01 10:39:03,Reprise du sport :)
6066,92368,2026-02-03 09:31:00,Runing,4986.0,2026-02-03 09:55:12,Très bonnes sensations.
6067,92368,2026-02-04 12:51:00,Runing,6778.0,2026-02-04 13:41:34,Bonne sortie !
6068,92368,2026-02-05 09:26:00,Runing,7030.0,2026-02-05 10:25:22,Très bonnes sensations.
6069,92368,2026-02-06 07:47:00,Runing,9725.0,2026-02-06 09:01:46,
6070,92368,2026-02-08 09:08:00,Runing,3151.0,2026-02-08 09:23:26,
6071,92368,2026-02-10 12:27:00,Runing,4198.0,2026-02-10 12:55:23,Reprise du sport :)
6072,92368,2026-02-11 08:03:00,Runing,8151.0,2026-02-11 08:48:57,Très bonnes sensations.
6073,92368,2026-02-12 17:51:00,Runing,8873.0,2026-02-12 18:39:22,Très bonnes sensations.
6074,92368,2026-02-13 17:28:00,Runing,10546.0,2026-02-13 18:19:36,Reprise du sport :)
6075,92368,2026-02-16 07:58:00,Runing,11276.0,2026-02-16 09:31:17,
6076,92368,2026-02-18 07:02:00,Runing,4288.0,2026-02-18 07:22:35,Très bonnes sensations.
6077,92368,2026-02-20 18:06:00,Runing,16919.0,2026-02-20 20:25:03,Bonne sortie !
6078,92368,2026-02-22 17:13:00,Runing,3626.0,2026-02-22 17:38:03,Très bonnes sensations.
6079,92368,2026-02-23 18:07:00,Runing,9322.0,2026-02-23 18:51:17,
6080,92368,2026-02-24 12:32:00,Runing,10751.0,2026-02-24 13:29:21,Reprise du sport :)
6081,92368,2026-02-25 07:33:00,Runing,16390.0,2026-02-25 09:01:31,Très bonnes sensations.
6082,92368,2026-02-26 17:02:00,Runing,8742.0,2026-02-26 17:50:43,Très bonnes sensations.
6083,92368,2026-03-02 12:30:00,Runing,5885.0,2026-03-02 13:04:49,
6084,92368,2026-03-04 12:09:00,Runing,14706.0,2026-03-04 13:37:52,
6085,92368,2026-03-05 18:40:00,Runing,12076.0,2026-03-05 20:14:25,Reprise du sport :)
6086,92368,2026-03-06 12:09:00,Runing,13359.0,2026-03-06 13:47:14,Bonne sortie !
6087,92368,2026-03-08 17:14:00,Runing,14913.0,2026-03-08 18:32:52,
6088,92368,2026-03-10 17:14:00,Runing,3814.0,2026-03-10 17:33:42,Très bonnes sensations.
6089,92368,2026-03-11 17:48:00,Runing,12804.0,2026-03-11 19:01:08,Reprise du sport :)
6090,92368,2026-03-14 07:41:00,Runing,7182.0,2026-03-14 08:28:27,Reprise du sport :)
6091,92368,2026-03-15 09:24:00,Runing,10877.0,2026-03-15 10:40:03,
6092,92368,2026-03-16 12:24:00,Runing,11631.0,2026-03-16 13:33:10,Très bonnes sensations.
6093,92368,2026-03-18 12:23:00,Runing,4120.0,2026-03-18 12:43:15,Reprise du sport :)
6094,92368,2026-03-19 19:31:00,Runing,17634.0,2026-03-19 21:50:07,Très bonnes sensations.
6095,92368,2026-03-21 09:22:00,Runing,10063.0,2026-03-21 10:45:01,Reprise du sport :)
6096,92368,2026-03-22 17:03:00,Runing,13253.0,2026-03-22 18:15:43,Bonne sortie !
6097,92368,2026-03-23 17:59:00,Runing,5401.0,2026-03-23 18:44:39,
6098,92368,2026-03-24 08:22:00,Runing,11671.0,2026-03-24 09:20:19,Reprise du sport :)
6099,92368,2026-03-28 12:21:00,Runing,15425.0,2026-03-28 13:39:48,Bonne sortie !
6100,92368,2026-03-30 07:43:00,Runing,6277.0,2026-03-30 08:32:35,Très bonnes sensations.
6101,92368,2026-04-01 18:35:00,Runing,10881.0,2026-04-01 20:00:21,Bonne sortie !
6102,92368,2026-04-03 19:26:00,Runing,4765.0,2026-04-03 19:56:59,Très bonnes sensations.
6103,92368,2026-04-04 18:09:00,Runing,3206.0,2026-04-04 18:24:53,Bonne sortie !
6104,92368,2026-04-05 19:18:00,Runing,8521.0,2026-04-05 20:15:16,
6105,92368,2026-04-06 09:18:00,Runing,12664.0,2026-04-06 10:16:39,
6106,92368,2026-04-07 18:36:00,Runing,12603.0,2026-04-07 19:36:27,Bonne sortie !
6107,92368,2026-04-10 17:54:00,Runing,11126.0,2026-04-10 19:04:57,Très bonnes sensations.
6108,92368,2026-04-15 08:19:00,Runing,9185.0,2026-04-15 09:31:40,Bonne sortie !
6109,92368,2026-04-16 07:12:00,Runing,16079.0,2026-04-16 08:34:02,Reprise du sport :)
6110,92368,2026-04-18 08:33:00,Runing,6600.0,2026-04-18 09:07:02,
6111,92368,2026-04-19 09:14:00,Runing,8126.0,2026-04-19 10:15:22,Reprise du sport :)
6112,92368,2026-04-23 17:59:00,Runing,6703.0,2026-04-23 18:30:08,Très bonnes sensations.
6113,92368,2026-04-25 18:45:00,Runing,7554.0,2026-04-25 19:44:20,Très bonnes sensations.
6114,92368,2026-04-27 17:39:00,Runing,11135.0,2026-04-27 18:38:52,Reprise du sport :)
6115,92368,2026-04-28 07:33:00,Runing,12922.0,2026-04-28 08:38:45,Bonne sortie !
6116,92368,2026-04-29 08:21:00,Runing,5542.0,2026-04-29 08:55:14,Reprise du sport :)
6117,92368,2026-05-01 18:25:00,Runing,3912.0,2026-05-01 18:58:25,Bonne sortie !
6118,92368,2026-05-03 09:02:00,Runing,9099.0,2026-05-03 10:00:45,Très bonnes sensations.
6119,92368,2026-05-04 12:54:00,Runing,16893.0,2026-05-04 14:12:51,
6120,92368,2026-05-08 08:23:00,Runing,4291.0,2026-05-08 08:46:30,
6121,92368,2026-05-10 09:04:00,Runing,9763.0,2026-05-10 10:06:13,
6122,92368,2026-05-11 18:34:00,Runing,16124.0,2026-05-11 20:39:50,Bonne sortie !
6123,92368,2026-05-14 08:37:00,Runing,5082.0,2026-05-14 09:07:43,Reprise du sport :)
6124,92368,2026-05-16 19:17:00,Runing,10961.0,2026-05-16 20:17:51,
6125,92368,2026-05-17 09:08:00,Runing,10760.0,2026-05-17 10:17:05,Reprise du sport :)
6126,92368,2026-05-18 19:35:00,Runing,16276.0,2026-05-18 20:57:15,Reprise du sport :)
6127,92368,2026-05-20 09:19:00,Runing,5544.0,2026-05-20 10:05:55,Bonne sortie !
6128,92368,2026-05-21 19:16:00,Runing,14371.0,2026-05-21 20:39:27,Reprise du sport :)
6129,92368,2026-05-22 17:34:00,Runing,16703.0,2026-05-22 19:21:06,
6130,92368,2026-05-25 12:04:00,Runing,7918.0,2026-05-25 12:55:38,Bonne sortie !
6131,92368,2026-05-27 07:53:00,Runing,16690.0,2026-05-27 09:14:53,
6132,92368,2026-05-30 18:09:00,Runing,9230.0,2026-05-30 18:59:00,
6133,92368,2026-05-31 18:36:00,Runing,9697.0,2026-05-31 19:58:40,
6134,92368,2026-06-01 07:16:00,Runing,10441.0,2026-06-01 08:05:47,
6135,92368,2026-06-04 19:32:00,Runing,12303.0,2026-06-04 20:33:31,
6136,92368,2026-06-06 19:06:00,Runing,16346.0,2026-06-06 20:39:35,Bonne sortie !
6137,92368,2026-06-08 18:31:00,Runing,9704.0,2026-06-08 19:27:12,Bonne sortie !
6138,92368,2026-06-09 09:04:00,Runing,3741.0,2026-06-09 09:30:58,
6139,92368,2026-06-10 09:05:00,Runing,6244.0,2026-06-10 09:37:29,
6140,92368,2026-06-11 07:54:00,Runing,17006.0,2026-06-11 09:32:21,
6141,92368,2026-06-12 09:00:00,Runing,8600.0,2026-06-12 09:41:11,Bonne sortie !
6142,92368,2026-06-14 12:55:00,Runing,12621.0,2026-06-14 14:03:46,Reprise du sport :)
6143,92368,2026-06-16 09:28:00,Runing,3631.0,2026-06-16 09:49:45,Très bonnes sensations.
6144,92368,2026-06-19 07:36:00,Runing,15203.0,2026-06-19 09:21:28,
6145,92368,2026-06-21 17:13:00,Runing,4133.0,2026-06-21 17:47:47,
6146,92368,2026-06-23 09:51:00,Runing,16225.0,2026-06-23 11:37:43,Très bonnes sensations.
6147,92368,2026-06-24 09:20:00,Runing,10762.0,2026-06-24 10:43:19,Bonne sortie !
6148,92368,2026-06-27 12:20:00,Runing,13836.0,2026-06-27 13:24:33,Reprise du sport :)
6149,92368,2026-06-30 07:14:00,Runing,6519.0,2026-06-30 07:46:12,Très bonnes sensations.
6150,92368,2026-07-01 09:16:00,Runing,13129.0,2026-07-01 10:29:11,Très bonnes sensations.
6151,92368,2026-07-03 07:38:00,Runing,6762.0,2026-07-03 08:25:50,
6152,92368,2026-07-05 08:52:00,Runing,13323.0,2026-07-05 10:16:48,Reprise du sport :)
6153,92368,2026-07-06 07:00:00,Runing,16655.0,2026-07-06 08:47:19,Bonne sortie !
6154,92368,2026-07-07 08:27:00,Runing,15436.0,2026-07-07 09:45:08,Reprise du sport :)
6155,92368,2026-07-08 08:04:00,Runing,14515.0,2026-07-08 09:24:05,
6156,92368,2026-07-09 09:31:00,Runing,9497.0,2026-07-09 10:38:27,
6157,92368,2026-07-12 12:41:00,Runing,8444.0,2026-07-12 13:38:45,
6158,92368,2026-07-16 08:20:00,Runing,6700.0,2026-07-16 09:02:52,Très bonnes sensations.
6159,92368,2026-07-17 09:01:00,Runing,4006.0,2026-07-17 09:28:40,Reprise du sport :)
6160,92368,2026-07-19 17:19:00,Runing,17365.0,2026-07-19 18:59:29,Reprise du sport :)
6161,92368,2026-07-20 17:16:00,Runing,11466.0,2026-07-20 18:48:46,
6162,20157,2025-07-20 07:58:00,Basketball,,2025-07-20 09:12:00,Très bonnes sensations.
6163,20157,2025-07-23 07:48:00,Basketball,,2025-07-23 08:37:00,Très bonnes sensations.
6164,20157,2025-07-25 12:48:00,Basketball,,2025-07-25 14:28:00,Bonne séance.
6165,20157,2025-07-29 08:51:00,Basketball,,2025-07-29 09:48:00,
6166,20157,2025-07-30 12:33:00,Basketball,,2025-07-30 13:24:00,
6167,20157,2025-07-31 07:28:00,Basketball,,2025-07-31 08:19:00,Très bonnes sensations.
6168,20157,2025-08-01 19:03:00,Basketball,,2025-08-01 19:50:00,Entraînement terminé.
6169,20157,2025-08-02 17:01:00,Basketball,,2025-08-02 17:56:00,
6170,20157,2025-08-03 09:54:00,Basketball,,2025-08-03 11:16:00,Très bonnes sensations.
6171,20157,2025-08-05 12:17:00,Basketball,,2025-08-05 13:16:00,Bonne séance.
6172,20157,2025-08-08 08:42:00,Basketball,,2025-08-08 10:09:00,Entraînement terminé.
6173,20157,2025-08-09 18:36:00,Basketball,,2025-08-09 20:07:00,Très bonnes sensations.
6174,20157,2025-08-11 07:30:00,Basketball,,2025-08-11 09:04:00,
6175,20157,2025-08-12 19:13:00,Basketball,,2025-08-12 20:44:00,Bonne séance.
6176,20157,2025-08-14 09:15:00,Basketball,,2025-08-14 10:00:00,
6177,20157,2025-08-15 09:39:00,Basketball,,2025-08-15 11:08:00,Bonne séance.
6178,20157,2025-08-16 12:40:00,Basketball,,2025-08-16 13:50:00,Entraînement terminé.
6179,20157,2025-08-17 18:39:00,Basketball,,2025-08-17 19:54:00,Très bonnes sensations.
6180,20157,2025-08-20 08:06:00,Basketball,,2025-08-20 09:20:00,Bonne séance.
6181,20157,2025-08-22 17:55:00,Basketball,,2025-08-22 18:59:00,Très bonnes sensations.
6182,20157,2025-08-25 18:09:00,Basketball,,2025-08-25 19:06:00,Entraînement terminé.
6183,20157,2025-08-26 19:33:00,Basketball,,2025-08-26 20:42:00,Entraînement terminé.
6184,20157,2025-08-27 18:15:00,Basketball,,2025-08-27 19:53:00,Bonne séance.
6185,20157,2025-08-28 19:30:00,Basketball,,2025-08-28 20:57:00,Très bonnes sensations.
6186,20157,2025-08-29 17:29:00,Basketball,,2025-08-29 18:56:00,
6187,20157,2025-08-31 17:12:00,Basketball,,2025-08-31 18:47:00,
6188,20157,2025-09-01 19:30:00,Basketball,,2025-09-01 20:53:00,Très bonnes sensations.
6189,20157,2025-09-02 12:59:00,Basketball,,2025-09-02 13:46:00,Très bonnes sensations.
6190,20157,2025-09-05 07:23:00,Basketball,,2025-09-05 08:31:00,
6191,20157,2025-09-08 17:08:00,Basketball,,2025-09-08 18:00:00,
6192,20157,2025-09-09 12:08:00,Basketball,,2025-09-09 13:14:00,
6193,20157,2025-09-10 12:44:00,Basketball,,2025-09-10 14:20:00,Bonne séance.
6194,20157,2025-09-13 09:48:00,Basketball,,2025-09-13 10:49:00,Très bonnes sensations.
6195,20157,2025-09-15 07:06:00,Basketball,,2025-09-15 08:09:00,Entraînement terminé.
6196,20157,2025-09-17 09:31:00,Basketball,,2025-09-17 10:16:00,Bonne séance.
6197,20157,2025-09-18 17:45:00,Basketball,,2025-09-18 18:45:00,Entraînement terminé.
6198,20157,2025-09-20 18:08:00,Basketball,,2025-09-20 19:23:00,
6199,20157,2025-09-22 09:08:00,Basketball,,2025-09-22 10:31:00,
6200,20157,2025-09-24 09:01:00,Basketball,,2025-09-24 10:25:00,Bonne séance.
6201,20157,2025-09-25 12:03:00,Basketball,,2025-09-25 12:48:00,
6202,20157,2025-09-26 18:05:00,Basketball,,2025-09-26 19:40:00,
6203,20157,2025-09-27 18:49:00,Basketball,,2025-09-27 20:21:00,
6204,20157,2025-09-30 07:26:00,Basketball,,2025-09-30 08:15:00,Très bonnes sensations.
6205,20157,2025-10-01 08:35:00,Basketball,,2025-10-01 09:36:00,Entraînement terminé.
6206,20157,2025-10-04 19:47:00,Basketball,,2025-10-04 21:11:00,
6207,20157,2025-10-05 07:43:00,Basketball,,2025-10-05 09:15:00,Bonne séance.
6208,20157,2025-10-06 18:48:00,Basketball,,2025-10-06 19:45:00,Entraînement terminé.
6209,20157,2025-10-11 18:24:00,Basketball,,2025-10-11 20:02:00,
6210,20157,2025-10-13 08:12:00,Basketball,,2025-10-13 09:40:00,Bonne séance.
6211,20157,2025-10-15 07:03:00,Basketball,,2025-10-15 08:04:00,Entraînement terminé.
6212,20157,2025-10-16 17:07:00,Basketball,,2025-10-16 18:23:00,Très bonnes sensations.
6213,20157,2025-10-17 18:15:00,Basketball,,2025-10-17 19:40:00,Très bonnes sensations.
6214,20157,2025-10-18 19:57:00,Basketball,,2025-10-18 21:05:00,Entraînement terminé.
6215,20157,2025-10-19 07:49:00,Basketball,,2025-10-19 09:07:00,Bonne séance.
6216,20157,2025-10-20 08:01:00,Basketball,,2025-10-20 09:12:00,Bonne séance.
6217,20157,2025-10-22 19:05:00,Basketball,,2025-10-22 20:23:00,Très bonnes sensations.
6218,20157,2025-10-23 19:18:00,Basketball,,2025-10-23 20:10:00,Très bonnes sensations.
6219,20157,2025-10-24 12:04:00,Basketball,,2025-10-24 13:29:00,Bonne séance.
6220,20157,2025-10-27 09:48:00,Basketball,,2025-10-27 10:40:00,Très bonnes sensations.
6221,20157,2025-10-29 17:15:00,Basketball,,2025-10-29 18:27:00,Bonne séance.
6222,20157,2025-11-01 09:58:00,Basketball,,2025-11-01 11:23:00,
6223,20157,2025-11-04 07:53:00,Basketball,,2025-11-04 08:53:00,Bonne séance.
6224,20157,2025-11-05 08:50:00,Basketball,,2025-11-05 10:11:00,
6225,20157,2025-11-07 18:36:00,Basketball,,2025-11-07 20:07:00,Bonne séance.
6226,20157,2025-11-08 18:11:00,Basketball,,2025-11-08 19:17:00,Bonne séance.
6227,20157,2025-11-09 08:24:00,Basketball,,2025-11-09 09:47:00,Bonne séance.
6228,20157,2025-11-10 12:37:00,Basketball,,2025-11-10 13:38:00,Entraînement terminé.
6229,20157,2025-11-12 19:55:00,Basketball,,2025-11-12 20:50:00,Bonne séance.
6230,20157,2025-11-13 09:11:00,Basketball,,2025-11-13 10:35:00,Très bonnes sensations.
6231,20157,2025-11-14 19:16:00,Basketball,,2025-11-14 20:17:00,Entraînement terminé.
6232,20157,2025-11-17 18:34:00,Basketball,,2025-11-17 19:46:00,
6233,20157,2025-11-18 19:56:00,Basketball,,2025-11-18 20:48:00,
6234,20157,2025-11-19 09:50:00,Basketball,,2025-11-19 10:49:00,Bonne séance.
6235,20157,2025-11-20 07:27:00,Basketball,,2025-11-20 08:28:00,
6236,20157,2025-11-21 17:45:00,Basketball,,2025-11-21 19:03:00,
6237,20157,2025-11-23 19:21:00,Basketball,,2025-11-23 20:26:00,Entraînement terminé.
6238,20157,2025-11-26 17:43:00,Basketball,,2025-11-26 19:10:00,
6239,20157,2025-11-27 19:40:00,Basketball,,2025-11-27 20:49:00,Bonne séance.
6240,20157,2025-11-28 19:30:00,Basketball,,2025-11-28 20:48:00,Très bonnes sensations.
6241,20157,2025-11-30 08:01:00,Basketball,,2025-11-30 09:31:00,Entraînement terminé.
6242,20157,2025-12-01 12:15:00,Basketball,,2025-12-01 13:29:00,Bonne séance.
6243,20157,2025-12-02 07:26:00,Basketball,,2025-12-02 08:22:00,Très bonnes sensations.
6244,20157,2025-12-04 12:46:00,Basketball,,2025-12-04 13:32:00,Bonne séance.
6245,20157,2025-12-06 08:12:00,Basketball,,2025-12-06 09:17:00,Entraînement terminé.
6246,20157,2025-12-07 17:20:00,Basketball,,2025-12-07 18:27:00,Très bonnes sensations.
6247,20157,2025-12-08 12:49:00,Basketball,,2025-12-08 13:48:00,Très bonnes sensations.
6248,20157,2025-12-11 19:36:00,Basketball,,2025-12-11 20:33:00,Entraînement terminé.
6249,20157,2025-12-16 07:36:00,Basketball,,2025-12-16 09:02:00,Bonne séance.
6250,20157,2025-12-18 09:46:00,Basketball,,2025-12-18 10:59:00,Entraînement terminé.
6251,20157,2025-12-19 18:05:00,Basketball,,2025-12-19 18:54:00,
6252,20157,2025-12-20 12:43:00,Basketball,,2025-12-20 13:41:00,Très bonnes sensations.
6253,20157,2025-12-21 08:22:00,Basketball,,2025-12-21 09:32:00,Très bonnes sensations.
6254,20157,2025-12-22 19:27:00,Basketball,,2025-12-22 20:18:00,
6255,20157,2025-12-24 08:23:00,Basketball,,2025-12-24 09:43:00,Entraînement terminé.
6256,20157,2025-12-25 18:54:00,Basketball,,2025-12-25 19:49:00,Bonne séance.
6257,20157,2025-12-28 07:23:00,Basketball,,2025-12-28 08:33:00,Bonne séance.
6258,20157,2026-01-01 07:47:00,Basketball,,2026-01-01 09:04:00,Bonne séance.
6259,20157,2026-01-03 17:10:00,Basketball,,2026-01-03 18:35:00,Entraînement terminé.
6260,20157,2026-01-04 19:55:00,Basketball,,2026-01-04 20:50:00,
6261,20157,2026-01-05 07:56:00,Basketball,,2026-01-05 09:11:00,Bonne séance.
6262,20157,2026-01-07 07:10:00,Basketball,,2026-01-07 08:35:00,Très bonnes sensations.
6263,20157,2026-01-08 08:45:00,Basketball,,2026-01-08 09:57:00,Entraînement terminé.
6264,20157,2026-01-10 19:58:00,Basketball,,2026-01-10 21:01:00,Entraînement terminé.
6265,20157,2026-01-11 08:00:00,Basketball,,2026-01-11 08:49:00,Très bonnes sensations.
6266,20157,2026-01-12 19:01:00,Basketball,,2026-01-12 20:21:00,Entraînement terminé.
6267,20157,2026-01-14 08:34:00,Basketball,,2026-01-14 09:49:00,Entraînement terminé.
6268,20157,2026-01-18 18:27:00,Basketball,,2026-01-18 20:00:00,Bonne séance.
6269,20157,2026-01-19 18:25:00,Basketball,,2026-01-19 19:30:00,
6270,20157,2026-01-20 08:39:00,Basketball,,2026-01-20 10:10:00,Entraînement terminé.
6271,20157,2026-01-21 09:21:00,Basketball,,2026-01-21 10:11:00,
6272,20157,2026-01-23 07:23:00,Basketball,,2026-01-23 08:13:00,
6273,20157,2026-01-25 08:08:00,Basketball,,2026-01-25 09:20:00,Bonne séance.
6274,20157,2026-01-27 08:44:00,Basketball,,2026-01-27 09:32:00,
6275,20157,2026-01-28 08:26:00,Basketball,,2026-01-28 09:11:00,Très bonnes sensations.
6276,20157,2026-01-29 08:08:00,Basketball,,2026-01-29 09:08:00,Entraînement terminé.
6277,20157,2026-01-30 07:09:00,Basketball,,2026-01-30 08:41:00,Bonne séance.
6278,20157,2026-02-02 18:09:00,Basketball,,2026-02-02 19:46:00,Entraînement terminé.
6279,20157,2026-02-03 08:29:00,Basketball,,2026-02-03 09:35:00,Bonne séance.
6280,20157,2026-02-06 17:07:00,Basketball,,2026-02-06 18:19:00,Bonne séance.
6281,20157,2026-02-08 12:14:00,Basketball,,2026-02-08 13:06:00,Très bonnes sensations.
6282,20157,2026-02-10 19:57:00,Basketball,,2026-02-10 21:32:00,Très bonnes sensations.
6283,20157,2026-02-11 17:24:00,Basketball,,2026-02-11 19:02:00,Très bonnes sensations.
6284,20157,2026-02-12 18:43:00,Basketball,,2026-02-12 19:47:00,
6285,20157,2026-02-14 08:13:00,Basketball,,2026-02-14 09:52:00,
6286,20157,2026-02-15 07:24:00,Basketball,,2026-02-15 08:15:00,Très bonnes sensations.
6287,20157,2026-02-17 12:16:00,Basketball,,2026-02-17 13:38:00,Très bonnes sensations.
6288,20157,2026-02-20 07:01:00,Basketball,,2026-02-20 08:29:00,Entraînement terminé.
6289,20157,2026-02-21 09:50:00,Basketball,,2026-02-21 11:22:00,Entraînement terminé.
6290,20157,2026-02-22 12:19:00,Basketball,,2026-02-22 13:13:00,Très bonnes sensations.
6291,20157,2026-02-23 19:44:00,Basketball,,2026-02-23 20:39:00,
6292,20157,2026-02-24 17:08:00,Basketball,,2026-02-24 18:11:00,
6293,20157,2026-02-27 07:22:00,Basketball,,2026-02-27 08:07:00,Entraînement terminé.
6294,20157,2026-02-28 19:01:00,Basketball,,2026-02-28 20:27:00,Très bonnes sensations.
6295,20157,2026-03-01 18:49:00,Basketball,,2026-03-01 19:46:00,
6296,20157,2026-03-03 09:53:00,Basketball,,2026-03-03 10:48:00,Entraînement terminé.
6297,20157,2026-03-04 09:10:00,Basketball,,2026-03-04 10:39:00,Bonne séance.
6298,20157,2026-03-05 18:10:00,Basketball,,2026-03-05 19:03:00,
6299,20157,2026-03-06 09:32:00,Basketball,,2026-03-06 11:10:00,Bonne séance.
6300,20157,2026-03-09 09:58:00,Basketball,,2026-03-09 11:00:00,
6301,20157,2026-03-10 18:54:00,Basketball,,2026-03-10 20:24:00,Entraînement terminé.
6302,20157,2026-03-11 12:25:00,Basketball,,2026-03-11 13:21:00,Entraînement terminé.
6303,20157,2026-03-13 18:55:00,Basketball,,2026-03-13 20:23:00,Bonne séance.
6304,20157,2026-03-15 09:49:00,Basketball,,2026-03-15 10:44:00,Entraînement terminé.
6305,20157,2026-03-17 09:32:00,Basketball,,2026-03-17 11:00:00,Très bonnes sensations.
6306,20157,2026-03-18 19:11:00,Basketball,,2026-03-18 20:25:00,Très bonnes sensations.
6307,20157,2026-03-19 18:34:00,Basketball,,2026-03-19 19:54:00,Bonne séance.
6308,20157,2026-03-20 12:02:00,Basketball,,2026-03-20 13:01:00,
6309,20157,2026-03-22 08:01:00,Basketball,,2026-03-22 09:02:00,Entraînement terminé.
6310,20157,2026-03-24 19:57:00,Basketball,,2026-03-24 21:16:00,
6311,20157,2026-03-26 18:48:00,Basketball,,2026-03-26 20:10:00,Très bonnes sensations.
6312,20157,2026-03-27 07:53:00,Basketball,,2026-03-27 09:12:00,Très bonnes sensations.
6313,20157,2026-03-30 08:38:00,Basketball,,2026-03-30 09:37:00,Entraînement terminé.
6314,20157,2026-03-31 18:21:00,Basketball,,2026-03-31 19:50:00,Entraînement terminé.
6315,20157,2026-04-04 18:46:00,Basketball,,2026-04-04 19:54:00,Bonne séance.
6316,20157,2026-04-07 17:26:00,Basketball,,2026-04-07 18:39:00,Entraînement terminé.
6317,20157,2026-04-10 12:31:00,Basketball,,2026-04-10 13:54:00,
6318,20157,2026-04-11 07:43:00,Basketball,,2026-04-11 08:40:00,Très bonnes sensations.
6319,20157,2026-04-12 09:48:00,Basketball,,2026-04-12 10:54:00,Très bonnes sensations.
6320,20157,2026-04-13 12:09:00,Basketball,,2026-04-13 13:22:00,Entraînement terminé.
6321,20157,2026-04-14 09:49:00,Basketball,,2026-04-14 11:29:00,
6322,20157,2026-04-16 07:24:00,Basketball,,2026-04-16 08:09:00,Entraînement terminé.
6323,20157,2026-04-18 17:36:00,Basketball,,2026-04-18 18:50:00,
6324,20157,2026-04-20 08:07:00,Basketball,,2026-04-20 09:41:00,Bonne séance.
6325,20157,2026-04-21 08:24:00,Basketball,,2026-04-21 09:54:00,Très bonnes sensations.
6326,20157,2026-04-24 07:00:00,Basketball,,2026-04-24 08:17:00,Bonne séance.
6327,20157,2026-04-26 18:32:00,Basketball,,2026-04-26 19:57:00,Bonne séance.
6328,20157,2026-04-27 07:43:00,Basketball,,2026-04-27 08:59:00,Entraînement terminé.
6329,20157,2026-04-29 12:57:00,Basketball,,2026-04-29 13:48:00,
6330,20157,2026-05-02 18:15:00,Basketball,,2026-05-02 19:46:00,Très bonnes sensations.
6331,20157,2026-05-03 18:58:00,Basketball,,2026-05-03 20:04:00,Très bonnes sensations.
6332,20157,2026-05-04 07:58:00,Basketball,,2026-05-04 09:33:00,Bonne séance.
6333,20157,2026-05-06 08:33:00,Basketball,,2026-05-06 10:01:00,Très bonnes sensations.
6334,20157,2026-05-07 18:34:00,Basketball,,2026-05-07 19:52:00,Entraînement terminé.
6335,20157,2026-05-09 19:09:00,Basketball,,2026-05-09 20:26:00,Entraînement terminé.
6336,20157,2026-05-12 18:06:00,Basketball,,2026-05-12 19:25:00,Entraînement terminé.
6337,20157,2026-05-13 19:15:00,Basketball,,2026-05-13 20:36:00,Très bonnes sensations.
6338,20157,2026-05-14 12:44:00,Basketball,,2026-05-14 13:44:00,
6339,20157,2026-05-15 18:58:00,Basketball,,2026-05-15 20:19:00,
6340,20157,2026-05-16 18:00:00,Basketball,,2026-05-16 19:15:00,Bonne séance.
6341,20157,2026-05-19 19:17:00,Basketball,,2026-05-19 20:22:00,Très bonnes sensations.
6342,20157,2026-05-21 18:57:00,Basketball,,2026-05-21 20:23:00,Entraînement terminé.
6343,20157,2026-05-22 19:51:00,Basketball,,2026-05-22 20:55:00,Entraînement terminé.
6344,20157,2026-05-23 07:54:00,Basketball,,2026-05-23 08:41:00,Très bonnes sensations.
6345,20157,2026-05-25 12:40:00,Basketball,,2026-05-25 14:14:00,Entraînement terminé.
6346,20157,2026-05-27 09:41:00,Basketball,,2026-05-27 10:40:00,Entraînement terminé.
6347,20157,2026-05-28 19:28:00,Basketball,,2026-05-28 21:06:00,Entraînement terminé.
6348,20157,2026-05-29 17:06:00,Basketball,,2026-05-29 18:35:00,Très bonnes sensations.
6349,20157,2026-06-02 08:21:00,Basketball,,2026-06-02 09:43:00,Bonne séance.
6350,20157,2026-06-05 17:33:00,Basketball,,2026-06-05 18:39:00,
6351,20157,2026-06-06 12:51:00,Basketball,,2026-06-06 14:14:00,Très bonnes sensations.
6352,20157,2026-06-08 18:31:00,Basketball,,2026-06-08 19:37:00,Très bonnes sensations.
6353,20157,2026-06-09 18:51:00,Basketball,,2026-06-09 20:11:00,
6354,20157,2026-06-10 12:30:00,Basketball,,2026-06-10 13:48:00,Entraînement terminé.
6355,20157,2026-06-11 19:13:00,Basketball,,2026-06-11 20:17:00,
6356,20157,2026-06-14 12:41:00,Basketball,,2026-06-14 14:08:00,
6357,20157,2026-06-15 19:43:00,Basketball,,2026-06-15 21:21:00,Très bonnes sensations.
6358,20157,2026-06-19 12:24:00,Basketball,,2026-06-19 13:15:00,Bonne séance.
6359,20157,2026-06-20 09:42:00,Basketball,,2026-06-20 10:28:00,
6360,20157,2026-06-22 17:10:00,Basketball,,2026-06-22 18:04:00,Bonne séance.
6361,20157,2026-06-24 08:45:00,Basketball,,2026-06-24 10:15:00,Entraînement terminé.
6362,20157,2026-06-25 09:00:00,Basketball,,2026-06-25 10:00:00,Bonne séance.
6363,20157,2026-06-27 12:37:00,Basketball,,2026-06-27 13:59:00,Entraînement terminé.
6364,20157,2026-06-28 18:11:00,Basketball,,2026-06-28 19:10:00,
6365,20157,2026-06-30 19:08:00,Basketball,,2026-06-30 20:45:00,Très bonnes sensations.
6366,20157,2026-07-02 09:12:00,Basketball,,2026-07-02 10:07:00,Très bonnes sensations.
6367,20157,2026-07-07 19:07:00,Basketball,,2026-07-07 20:10:00,Très bonnes sensations.
6368,20157,2026-07-10 08:16:00,Basketball,,2026-07-10 09:39:00,
6369,20157,2026-07-11 08:08:00,Basketball,,2026-07-11 09:01:00,Bonne séance.
6370,20157,2026-07-12 12:50:00,Basketball,,2026-07-12 14:14:00,Entraînement terminé.
6371,20157,2026-07-14 07:37:00,Basketball,,2026-07-14 08:37:00,Entraînement terminé.
6372,20157,2026-07-15 09:23:00,Basketball,,2026-07-15 10:30:00,Très bonnes sensations.
6373,20157,2026-07-18 07:58:00,Basketball,,2026-07-18 08:52:00,
6374,20157,2026-07-19 12:16:00,Basketball,,2026-07-19 13:05:00,Bonne séance.
6375,20157,2026-07-20 12:19:00,Basketball,,2026-07-20 13:20:00,Entraînement terminé.
6376,49571,2025-07-23 07:49:00,Rugby,,2025-07-23 08:59:00,
6377,49571,2025-07-26 17:36:00,Rugby,,2025-07-26 18:51:00,
6378,49571,2025-07-27 19:26:00,Rugby,,2025-07-27 20:46:00,
6379,49571,2025-07-28 12:47:00,Rugby,,2025-07-28 14:12:00,
6380,49571,2025-07-30 08:10:00,Rugby,,2025-07-30 09:19:00,Bonne séance.
6381,49571,2025-08-03 09:24:00,Rugby,,2025-08-03 10:42:00,Entraînement terminé.
6382,49571,2025-08-08 12:35:00,Rugby,,2025-08-08 14:19:00,Entraînement terminé.
6383,49571,2025-08-09 08:42:00,Rugby,,2025-08-09 09:42:00,Entraînement terminé.
6384,49571,2025-08-12 19:21:00,Rugby,,2025-08-12 20:58:00,Entraînement terminé.
6385,49571,2025-08-16 07:08:00,Rugby,,2025-08-16 08:34:00,Bonne séance.
6386,49571,2025-08-17 12:31:00,Rugby,,2025-08-17 14:02:00,Entraînement terminé.
6387,49571,2025-08-19 19:13:00,Rugby,,2025-08-19 20:27:00,Bonne séance.
6388,49571,2025-08-20 12:26:00,Rugby,,2025-08-20 13:38:00,
6389,49571,2025-08-27 07:01:00,Rugby,,2025-08-27 08:34:00,Bonne séance.
6390,49571,2025-08-29 18:47:00,Rugby,,2025-08-29 20:02:00,Très bonnes sensations.
6391,49571,2025-09-01 12:56:00,Rugby,,2025-09-01 14:32:00,
6392,49571,2025-09-03 08:43:00,Rugby,,2025-09-03 09:54:00,Bonne séance.
6393,49571,2025-09-05 07:36:00,Rugby,,2025-09-05 09:04:00,Entraînement terminé.
6394,49571,2025-09-07 12:06:00,Rugby,,2025-09-07 13:35:00,
6395,49571,2025-09-12 12:41:00,Rugby,,2025-09-12 14:10:00,
6396,49571,2025-09-14 08:02:00,Rugby,,2025-09-14 09:05:00,Bonne séance.
6397,49571,2025-09-16 17:54:00,Rugby,,2025-09-16 19:07:00,Entraînement terminé.
6398,49571,2025-09-20 09:39:00,Rugby,,2025-09-20 10:41:00,Très bonnes sensations.
6399,49571,2025-09-24 08:58:00,Rugby,,2025-09-24 10:05:00,Très bonnes sensations.
6400,49571,2025-09-25 08:46:00,Rugby,,2025-09-25 09:50:00,Bonne séance.
6401,49571,2025-09-29 17:47:00,Rugby,,2025-09-29 19:27:00,
6402,49571,2025-10-03 18:38:00,Rugby,,2025-10-03 19:48:00,Très bonnes sensations.
6403,49571,2025-10-04 19:41:00,Rugby,,2025-10-04 21:20:00,Bonne séance.
6404,49571,2025-10-05 19:21:00,Rugby,,2025-10-05 20:35:00,
6405,49571,2025-10-12 08:58:00,Rugby,,2025-10-12 10:24:00,
6406,49571,2025-10-13 19:03:00,Rugby,,2025-10-13 20:38:00,Bonne séance.
6407,49571,2025-10-23 08:41:00,Rugby,,2025-10-23 10:10:00,Très bonnes sensations.
6408,49571,2025-10-27 19:03:00,Rugby,,2025-10-27 20:23:00,Entraînement terminé.
6409,49571,2025-10-28 17:35:00,Rugby,,2025-10-28 18:55:00,Très bonnes sensations.
6410,49571,2025-10-29 18:34:00,Rugby,,2025-10-29 20:08:00,Très bonnes sensations.
6411,49571,2025-11-06 08:03:00,Rugby,,2025-11-06 09:28:00,Bonne séance.
6412,49571,2025-11-10 18:42:00,Rugby,,2025-11-10 20:15:00,
6413,49571,2025-11-17 12:36:00,Rugby,,2025-11-17 14:11:00,
6414,49571,2025-11-25 18:26:00,Rugby,,2025-11-25 19:49:00,Entraînement terminé.
6415,49571,2025-11-26 08:47:00,Rugby,,2025-11-26 10:04:00,Très bonnes sensations.
6416,49571,2025-11-30 12:52:00,Rugby,,2025-11-30 14:36:00,
6417,49571,2025-12-04 18:27:00,Rugby,,2025-12-04 19:43:00,Très bonnes sensations.
6418,49571,2025-12-12 18:16:00,Rugby,,2025-12-12 19:37:00,Bonne séance.
6419,49571,2025-12-15 12:35:00,Rugby,,2025-12-15 14:04:00,Entraînement terminé.
6420,49571,2025-12-17 12:31:00,Rugby,,2025-12-17 14:06:00,Entraînement terminé.
6421,49571,2025-12-24 07:51:00,Rugby,,2025-12-24 09:35:00,Entraînement terminé.
6422,49571,2025-12-30 12:29:00,Rugby,,2025-12-30 14:18:00,
6423,49571,2025-12-31 12:05:00,Rugby,,2025-12-31 13:14:00,Très bonnes sensations.
6424,49571,2026-01-08 09:09:00,Rugby,,2026-01-08 10:34:00,
6425,49571,2026-01-12 12:43:00,Rugby,,2026-01-12 14:29:00,
6426,49571,2026-01-15 18:41:00,Rugby,,2026-01-15 20:29:00,Très bonnes sensations.
6427,49571,2026-01-17 09:07:00,Rugby,,2026-01-17 10:35:00,
6428,49571,2026-01-20 08:55:00,Rugby,,2026-01-20 10:26:00,
6429,49571,2026-01-25 09:24:00,Rugby,,2026-01-25 11:10:00,Très bonnes sensations.
6430,49571,2026-01-28 17:32:00,Rugby,,2026-01-28 18:32:00,Bonne séance.
6431,49571,2026-01-29 07:44:00,Rugby,,2026-01-29 09:25:00,Très bonnes sensations.
6432,49571,2026-02-03 19:36:00,Rugby,,2026-02-03 20:59:00,
6433,49571,2026-02-04 08:29:00,Rugby,,2026-02-04 10:06:00,Bonne séance.
6434,49571,2026-02-09 19:48:00,Rugby,,2026-02-09 21:04:00,Bonne séance.
6435,49571,2026-02-16 09:43:00,Rugby,,2026-02-16 11:26:00,Entraînement terminé.
6436,49571,2026-02-17 07:53:00,Rugby,,2026-02-17 09:18:00,
6437,49571,2026-02-20 07:36:00,Rugby,,2026-02-20 09:14:00,
6438,49571,2026-02-24 17:01:00,Rugby,,2026-02-24 18:34:00,Très bonnes sensations.
6439,49571,2026-02-26 07:59:00,Rugby,,2026-02-26 09:43:00,
6440,49571,2026-02-27 12:00:00,Rugby,,2026-02-27 13:44:00,Très bonnes sensations.
6441,49571,2026-03-01 09:10:00,Rugby,,2026-03-01 10:12:00,Très bonnes sensations.
6442,49571,2026-03-07 12:41:00,Rugby,,2026-03-07 13:47:00,
6443,49571,2026-03-10 07:18:00,Rugby,,2026-03-10 08:32:00,Bonne séance.
6444,49571,2026-03-14 12:35:00,Rugby,,2026-03-14 14:12:00,Entraînement terminé.
6445,49571,2026-03-18 12:44:00,Rugby,,2026-03-18 13:53:00,Entraînement terminé.
6446,49571,2026-03-19 12:05:00,Rugby,,2026-03-19 13:47:00,
6447,49571,2026-03-21 09:04:00,Rugby,,2026-03-21 10:09:00,
6448,49571,2026-03-22 07:52:00,Rugby,,2026-03-22 08:58:00,Très bonnes sensations.
6449,49571,2026-03-25 17:47:00,Rugby,,2026-03-25 19:10:00,
6450,49571,2026-03-28 18:11:00,Rugby,,2026-03-28 19:11:00,Entraînement terminé.
6451,49571,2026-03-30 09:42:00,Rugby,,2026-03-30 11:00:00,Très bonnes sensations.
6452,49571,2026-04-10 19:59:00,Rugby,,2026-04-10 21:39:00,Bonne séance.
6453,49571,2026-04-13 07:05:00,Rugby,,2026-04-13 08:05:00,Bonne séance.
6454,49571,2026-04-16 17:57:00,Rugby,,2026-04-16 19:27:00,Entraînement terminé.
6455,49571,2026-04-17 17:50:00,Rugby,,2026-04-17 19:28:00,Très bonnes sensations.
6456,49571,2026-04-22 18:44:00,Rugby,,2026-04-22 20:25:00,Entraînement terminé.
6457,49571,2026-04-24 18:14:00,Rugby,,2026-04-24 19:52:00,Très bonnes sensations.
6458,49571,2026-04-30 12:47:00,Rugby,,2026-04-30 14:06:00,Entraînement terminé.
6459,49571,2026-05-01 19:48:00,Rugby,,2026-05-01 20:58:00,Entraînement terminé.
6460,49571,2026-05-06 18:43:00,Rugby,,2026-05-06 20:26:00,Entraînement terminé.
6461,49571,2026-05-10 09:05:00,Rugby,,2026-05-10 10:30:00,Entraînement terminé.
6462,49571,2026-05-11 07:22:00,Rugby,,2026-05-11 09:11:00,Bonne séance.
6463,49571,2026-05-15 12:18:00,Rugby,,2026-05-15 13:20:00,Entraînement terminé.
6464,49571,2026-05-18 08:29:00,Rugby,,2026-05-18 10:18:00,Bonne séance.
6465,49571,2026-05-27 19:48:00,Rugby,,2026-05-27 21:13:00,Très bonnes sensations.
6466,49571,2026-05-30 12:34:00,Rugby,,2026-05-30 13:41:00,Très bonnes sensations.
6467,49571,2026-06-06 17:20:00,Rugby,,2026-06-06 18:41:00,Très bonnes sensations.
6468,49571,2026-06-13 19:29:00,Rugby,,2026-06-13 20:48:00,
6469,49571,2026-06-16 17:46:00,Rugby,,2026-06-16 19:11:00,
6470,49571,2026-06-18 09:17:00,Rugby,,2026-06-18 10:54:00,
6471,49571,2026-06-21 17:25:00,Rugby,,2026-06-21 18:35:00,Entraînement terminé.
6472,49571,2026-06-22 18:02:00,Rugby,,2026-06-22 19:45:00,Entraînement terminé.
6473,49571,2026-06-23 12:16:00,Rugby,,2026-06-23 13:32:00,Entraînement terminé.
6474,49571,2026-07-02 17:36:00,Rugby,,2026-07-02 19:11:00,Très bonnes sensations.
6475,49571,2026-07-06 09:23:00,Rugby,,2026-07-06 11:11:00,Bonne séance.
6476,49571,2026-07-13 18:37:00,Rugby,,2026-07-13 19:43:00,
6477,49571,2026-07-15 07:05:00,Rugby,,2026-07-15 08:49:00,
6478,49571,2026-07-19 17:16:00,Rugby,,2026-07-19 18:42:00,Très bonnes sensations.
6479,49571,2026-07-20 17:39:00,Rugby,,2026-07-20 19:14:00,Entraînement terminé.
6480,41377,2025-07-20 08:22:00,Football,,2025-07-20 09:58:00,Très bonnes sensations.
6481,41377,2025-07-31 18:13:00,Football,,2025-07-31 19:16:00,Très bonnes sensations.
6482,41377,2025-08-04 18:59:00,Football,,2025-08-04 20:33:00,
6483,41377,2025-08-05 19:02:00,Football,,2025-08-05 20:11:00,Bonne séance.
6484,41377,2025-08-08 18:54:00,Football,,2025-08-08 20:20:00,Entraînement terminé.
6485,41377,2025-08-12 17:31:00,Football,,2025-08-12 19:13:00,Bonne séance.
6486,41377,2025-08-19 19:21:00,Football,,2025-08-19 20:39:00,Bonne séance.
6487,41377,2025-08-27 19:06:00,Football,,2025-08-27 20:51:00,Bonne séance.
6488,41377,2025-08-28 07:54:00,Football,,2025-08-28 09:42:00,Entraînement terminé.
6489,41377,2025-08-30 12:43:00,Football,,2025-08-30 13:59:00,Entraînement terminé.
6490,41377,2025-09-02 07:18:00,Football,,2025-09-02 08:29:00,Bonne séance.
6491,41377,2025-09-03 12:06:00,Football,,2025-09-03 13:36:00,Entraînement terminé.
6492,41377,2025-09-07 09:27:00,Football,,2025-09-07 10:32:00,Très bonnes sensations.
6493,41377,2025-09-08 08:31:00,Football,,2025-09-08 09:52:00,
6494,41377,2025-09-10 19:17:00,Football,,2025-09-10 20:39:00,Bonne séance.
6495,41377,2025-09-15 12:55:00,Football,,2025-09-15 14:22:00,Très bonnes sensations.
6496,41377,2025-09-17 17:34:00,Football,,2025-09-17 19:07:00,Très bonnes sensations.
6497,41377,2025-09-20 12:21:00,Football,,2025-09-20 13:39:00,Entraînement terminé.
6498,41377,2025-09-23 12:48:00,Football,,2025-09-23 14:06:00,
6499,41377,2025-09-25 08:17:00,Football,,2025-09-25 09:17:00,
6500,41377,2025-09-29 18:13:00,Football,,2025-09-29 19:39:00,
6501,41377,2025-10-02 18:21:00,Football,,2025-10-02 19:59:00,Très bonnes sensations.
6502,41377,2025-10-03 08:44:00,Football,,2025-10-03 10:13:00,Entraînement terminé.
6503,41377,2025-10-05 08:16:00,Football,,2025-10-05 09:40:00,Bonne séance.
6504,41377,2025-10-09 17:38:00,Football,,2025-10-09 18:39:00,
6505,41377,2025-10-10 08:53:00,Football,,2025-10-10 10:10:00,Entraînement terminé.
6506,41377,2025-10-15 08:27:00,Football,,2025-10-15 10:13:00,Entraînement terminé.
6507,41377,2025-10-16 12:07:00,Football,,2025-10-16 13:11:00,Entraînement terminé.
6508,41377,2025-10-22 08:45:00,Football,,2025-10-22 09:53:00,Bonne séance.
6509,41377,2025-10-23 19:57:00,Football,,2025-10-23 21:00:00,Très bonnes sensations.
6510,41377,2025-10-31 12:21:00,Football,,2025-10-31 14:00:00,Entraînement terminé.
6511,41377,2025-11-02 07:24:00,Football,,2025-11-02 08:26:00,Bonne séance.
6512,41377,2025-11-03 18:08:00,Football,,2025-11-03 19:36:00,Entraînement terminé.
6513,41377,2025-11-04 08:15:00,Football,,2025-11-04 09:18:00,Bonne séance.
6514,41377,2025-11-10 19:56:00,Football,,2025-11-10 21:37:00,Très bonnes sensations.
6515,41377,2025-11-14 07:34:00,Football,,2025-11-14 09:00:00,Bonne séance.
6516,41377,2025-11-18 19:55:00,Football,,2025-11-18 21:17:00,Très bonnes sensations.
6517,41377,2025-11-19 08:55:00,Football,,2025-11-19 09:59:00,
6518,41377,2025-11-28 07:13:00,Football,,2025-11-28 08:47:00,
6519,41377,2025-12-01 17:57:00,Football,,2025-12-01 19:28:00,
6520,41377,2025-12-04 12:26:00,Football,,2025-12-04 13:30:00,Entraînement terminé.
6521,41377,2025-12-09 19:32:00,Football,,2025-12-09 20:53:00,Très bonnes sensations.
6522,41377,2025-12-11 12:14:00,Football,,2025-12-11 13:36:00,Très bonnes sensations.
6523,41377,2025-12-13 09:45:00,Football,,2025-12-13 11:03:00,
6524,41377,2025-12-14 18:33:00,Football,,2025-12-14 19:44:00,Entraînement terminé.
6525,41377,2025-12-15 08:04:00,Football,,2025-12-15 09:14:00,Très bonnes sensations.
6526,41377,2025-12-18 12:37:00,Football,,2025-12-18 13:39:00,Entraînement terminé.
6527,41377,2025-12-23 18:38:00,Football,,2025-12-23 20:11:00,Entraînement terminé.
6528,41377,2025-12-24 08:34:00,Football,,2025-12-24 10:06:00,Bonne séance.
6529,41377,2025-12-25 18:53:00,Football,,2025-12-25 20:27:00,Entraînement terminé.
6530,41377,2025-12-28 08:02:00,Football,,2025-12-28 09:17:00,
6531,41377,2025-12-30 18:14:00,Football,,2025-12-30 19:57:00,Bonne séance.
6532,41377,2026-01-07 07:50:00,Football,,2026-01-07 09:36:00,Bonne séance.
6533,41377,2026-01-08 08:47:00,Football,,2026-01-08 09:57:00,
6534,41377,2026-01-10 08:55:00,Football,,2026-01-10 10:22:00,Très bonnes sensations.
6535,41377,2026-01-12 19:28:00,Football,,2026-01-12 21:15:00,Très bonnes sensations.
6536,41377,2026-01-13 17:24:00,Football,,2026-01-13 18:32:00,Très bonnes sensations.
6537,41377,2026-01-14 17:44:00,Football,,2026-01-14 19:26:00,Entraînement terminé.
6538,41377,2026-01-21 08:33:00,Football,,2026-01-21 10:02:00,Très bonnes sensations.
6539,41377,2026-01-30 08:09:00,Football,,2026-01-30 09:09:00,Très bonnes sensations.
6540,41377,2026-02-02 19:17:00,Football,,2026-02-02 20:45:00,
6541,41377,2026-02-05 18:00:00,Football,,2026-02-05 19:26:00,Bonne séance.
6542,41377,2026-02-09 09:40:00,Football,,2026-02-09 11:20:00,Entraînement terminé.
6543,41377,2026-02-12 19:55:00,Football,,2026-02-12 21:43:00,Entraînement terminé.
6544,41377,2026-02-13 12:15:00,Football,,2026-02-13 13:36:00,Très bonnes sensations.
6545,41377,2026-02-16 18:08:00,Football,,2026-02-16 19:36:00,Très bonnes sensations.
6546,41377,2026-02-22 09:21:00,Football,,2026-02-22 10:34:00,Entraînement terminé.
6547,41377,2026-02-27 17:22:00,Football,,2026-02-27 19:07:00,Très bonnes sensations.
6548,41377,2026-02-28 08:03:00,Football,,2026-02-28 09:11:00,Très bonnes sensations.
6549,41377,2026-03-06 18:42:00,Football,,2026-03-06 19:50:00,Bonne séance.
6550,41377,2026-03-08 09:45:00,Football,,2026-03-08 10:55:00,Entraînement terminé.
6551,41377,2026-03-10 07:48:00,Football,,2026-03-10 09:34:00,Bonne séance.
6552,41377,2026-03-11 09:21:00,Football,,2026-03-11 10:42:00,Entraînement terminé.
6553,41377,2026-03-19 18:50:00,Football,,2026-03-19 20:34:00,Bonne séance.
6554,41377,2026-03-21 17:50:00,Football,,2026-03-21 19:18:00,Très bonnes sensations.
6555,41377,2026-03-22 07:26:00,Football,,2026-03-22 08:56:00,
6556,41377,2026-03-24 09:50:00,Football,,2026-03-24 11:27:00,Très bonnes sensations.
6557,41377,2026-03-28 18:50:00,Football,,2026-03-28 20:08:00,Très bonnes sensations.
6558,41377,2026-03-30 12:53:00,Football,,2026-03-30 14:43:00,Entraînement terminé.
6559,41377,2026-04-01 12:38:00,Football,,2026-04-01 13:38:00,Entraînement terminé.
6560,41377,2026-04-02 09:32:00,Football,,2026-04-02 11:14:00,Entraînement terminé.
6561,41377,2026-04-08 18:14:00,Football,,2026-04-08 19:27:00,Bonne séance.
6562,41377,2026-04-10 18:11:00,Football,,2026-04-10 19:50:00,
6563,41377,2026-04-11 18:10:00,Football,,2026-04-11 19:28:00,Entraînement terminé.
6564,41377,2026-04-15 18:28:00,Football,,2026-04-15 19:29:00,
6565,41377,2026-04-16 18:54:00,Football,,2026-04-16 20:21:00,Bonne séance.
6566,41377,2026-04-24 17:16:00,Football,,2026-04-24 18:36:00,Entraînement terminé.
6567,41377,2026-04-29 09:02:00,Football,,2026-04-29 10:33:00,Très bonnes sensations.
6568,41377,2026-05-08 17:38:00,Football,,2026-05-08 18:58:00,Bonne séance.
6569,41377,2026-05-10 08:45:00,Football,,2026-05-10 09:48:00,Bonne séance.
6570,41377,2026-05-21 17:01:00,Football,,2026-05-21 18:45:00,
6571,41377,2026-05-29 17:31:00,Football,,2026-05-29 18:36:00,Très bonnes sensations.
6572,41377,2026-06-04 08:15:00,Football,,2026-06-04 09:37:00,Très bonnes sensations.
6573,41377,2026-06-07 17:49:00,Football,,2026-06-07 18:53:00,
6574,41377,2026-06-09 17:43:00,Football,,2026-06-09 18:44:00,
6575,41377,2026-06-11 09:52:00,Football,,2026-06-11 11:05:00,Bonne séance.
6576,41377,2026-06-15 09:25:00,Football,,2026-06-15 10:54:00,
6577,41377,2026-06-16 08:40:00,Football,,2026-06-16 10:21:00,Très bonnes sensations.
6578,41377,2026-06-22 19:29:00,Football,,2026-06-22 20:33:00,Entraînement terminé.
6579,41377,2026-06-25 12:23:00,Football,,2026-06-25 14:01:00,Très bonnes sensations.
6580,41377,2026-06-30 18:58:00,Football,,2026-06-30 20:35:00,Entraînement terminé.
6581,41377,2026-07-01 09:31:00,Football,,2026-07-01 10:52:00,Entraînement terminé.
6582,41377,2026-07-02 17:36:00,Football,,2026-07-02 18:59:00,Entraînement terminé.
6583,41377,2026-07-07 09:57:00,Football,,2026-07-07 11:38:00,Bonne séance.
6584,41377,2026-07-13 17:45:00,Football,,2026-07-13 19:25:00,
6585,41377,2026-07-15 12:07:00,Football,,2026-07-15 13:26:00,Entraînement terminé.
6586,41377,2026-07-17 19:18:00,Football,,2026-07-17 20:22:00,Bonne séance.
6587,41377,2026-07-19 18:20:00,Football,,2026-07-19 19:28:00,Entraînement terminé.
6588,41377,2026-07-20 08:51:00,Football,,2026-07-20 09:54:00,Très bonnes sensations.
6589,88193,2025-07-20 18:20:00,Randonnée,7154.0,2025-07-20 19:36:22,Très beau parcours.
6590,88193,2025-07-21 07:19:00,Randonnée,16263.0,2025-07-21 10:57:05,Une randonnée à refaire.
6591,88193,2025-07-24 09:09:00,Randonnée,5967.0,2025-07-24 10:15:10,
6592,88193,2025-07-25 19:51:00,Randonnée,8440.0,2025-07-25 21:45:33,Nouveau sentier découvert.
6593,88193,2025-07-26 19:39:00,Randonnée,12587.0,2025-07-26 22:31:03,
6594,88193,2025-07-27 08:52:00,Randonnée,15874.0,2025-07-27 12:00:37,Très beau parcours.
6595,88193,2025-07-28 08:46:00,Randonnée,7000.0,2025-07-28 10:04:24,Une randonnée à refaire.
6596,88193,2025-07-29 09:00:00,Randonnée,9664.0,2025-07-29 11:02:07,Nouveau sentier découvert.
6597,88193,2025-07-31 08:18:00,Randonnée,4722.0,2025-07-31 09:17:56,
6598,88193,2025-08-01 08:51:00,Randonnée,6901.0,2025-08-01 10:06:43,
6599,88193,2025-08-04 12:36:00,Randonnée,14386.0,2025-08-04 15:37:45,
6600,88193,2025-08-05 18:01:00,Randonnée,13250.0,2025-08-05 20:18:39,Nouveau sentier découvert.
6601,88193,2025-08-08 17:58:00,Randonnée,12286.0,2025-08-08 21:43:44,Très beau parcours.
6602,88193,2025-08-09 08:20:00,Randonnée,13911.0,2025-08-09 11:37:47,
6603,88193,2025-08-10 18:46:00,Randonnée,11642.0,2025-08-10 21:50:30,Une randonnée à refaire.
6604,88193,2025-08-11 12:04:00,Randonnée,10623.0,2025-08-11 14:58:58,Nouveau sentier découvert.
6605,88193,2025-08-13 18:11:00,Randonnée,19128.0,2025-08-13 22:38:59,Nouveau sentier découvert.
6606,88193,2025-08-14 07:11:00,Randonnée,20173.0,2025-08-14 12:36:35,Très beau parcours.
6607,88193,2025-08-15 07:49:00,Randonnée,7817.0,2025-08-15 10:04:52,Très beau parcours.
6608,88193,2025-08-17 07:05:00,Randonnée,13502.0,2025-08-17 09:54:37,Une randonnée à refaire.
6609,88193,2025-08-18 17:02:00,Randonnée,9333.0,2025-08-18 18:57:22,
6610,88193,2025-08-20 17:34:00,Randonnée,21311.0,2025-08-20 21:43:03,Nouveau sentier découvert.
6611,88193,2025-08-22 18:26:00,Randonnée,13896.0,2025-08-22 20:59:35,Très beau parcours.
6612,88193,2025-08-23 08:07:00,Randonnée,22752.0,2025-08-23 14:57:48,
6613,88193,2025-08-24 12:35:00,Randonnée,10779.0,2025-08-24 15:52:02,Très beau parcours.
6614,88193,2025-08-25 08:48:00,Randonnée,18124.0,2025-08-25 12:00:42,Nouveau sentier découvert.
6615,88193,2025-08-27 12:03:00,Randonnée,13843.0,2025-08-27 14:23:16,
6616,88193,2025-08-28 12:05:00,Randonnée,4371.0,2025-08-28 12:52:03,Très beau parcours.
6617,88193,2025-08-30 18:35:00,Randonnée,22454.0,2025-08-31 01:26:09,
6618,88193,2025-08-31 19:55:00,Randonnée,4988.0,2025-08-31 21:24:43,Très beau parcours.
6619,88193,2025-09-01 19:10:00,Randonnée,4751.0,2025-09-01 20:03:53,Très beau parcours.
6620,88193,2025-09-02 09:51:00,Randonnée,12634.0,2025-09-02 12:29:41,Nouveau sentier découvert.
6621,88193,2025-09-03 07:31:00,Randonnée,6510.0,2025-09-03 09:14:39,Nouveau sentier découvert.
6622,88193,2025-09-06 19:25:00,Randonnée,15303.0,2025-09-07 00:14:16,Nouveau sentier découvert.
6623,88193,2025-09-08 18:55:00,Randonnée,19048.0,2025-09-09 00:25:41,
6624,88193,2025-09-09 19:24:00,Randonnée,10847.0,2025-09-09 22:38:06,
6625,88193,2025-09-12 19:12:00,Randonnée,20300.0,2025-09-12 22:39:11,
6626,88193,2025-09-13 07:41:00,Randonnée,5797.0,2025-09-13 09:09:08,Nouveau sentier découvert.
6627,88193,2025-09-15 12:55:00,Randonnée,10742.0,2025-09-15 16:17:36,Nouveau sentier découvert.
6628,88193,2025-09-18 19:29:00,Randonnée,4744.0,2025-09-18 21:02:36,Une randonnée à refaire.
6629,88193,2025-09-19 12:58:00,Randonnée,23568.0,2025-09-19 17:11:03,Nouveau sentier découvert.
6630,88193,2025-09-22 19:15:00,Randonnée,11149.0,2025-09-22 21:26:56,
6631,88193,2025-09-25 07:31:00,Randonnée,7542.0,2025-09-25 08:57:35,Une randonnée à refaire.
6632,88193,2025-09-26 17:52:00,Randonnée,4291.0,2025-09-26 18:40:11,Nouveau sentier découvert.
6633,88193,2025-09-27 19:58:00,Randonnée,6152.0,2025-09-27 21:34:33,
6634,88193,2025-09-28 09:13:00,Randonnée,5003.0,2025-09-28 10:08:37,Nouveau sentier découvert.
6635,88193,2025-09-29 09:56:00,Randonnée,21515.0,2025-09-29 13:57:58,Une randonnée à refaire.
6636,88193,2025-10-01 09:56:00,Randonnée,21750.0,2025-10-01 14:12:52,Très beau parcours.
6637,88193,2025-10-02 17:56:00,Randonnée,9606.0,2025-10-02 20:30:31,Une randonnée à refaire.
6638,88193,2025-10-03 17:46:00,Randonnée,4170.0,2025-10-03 18:31:18,Nouveau sentier découvert.
6639,88193,2025-10-06 17:53:00,Randonnée,8632.0,2025-10-06 19:35:24,Une randonnée à refaire.
6640,88193,2025-10-07 18:17:00,Randonnée,15667.0,2025-10-07 22:15:02,
6641,88193,2025-10-09 08:39:00,Randonnée,7746.0,2025-10-09 10:00:47,Nouveau sentier découvert.
6642,88193,2025-10-13 19:10:00,Randonnée,11707.0,2025-10-13 21:53:55,Très beau parcours.
6643,88193,2025-10-14 17:45:00,Randonnée,20024.0,2025-10-14 23:20:00,Très beau parcours.
6644,88193,2025-10-16 08:15:00,Randonnée,21428.0,2025-10-16 15:16:24,Une randonnée à refaire.
6645,88193,2025-10-20 17:19:00,Randonnée,17542.0,2025-10-20 21:25:53,Une randonnée à refaire.
6646,88193,2025-10-21 17:27:00,Randonnée,19715.0,2025-10-21 20:49:51,Une randonnée à refaire.
6647,88193,2025-10-22 07:25:00,Randonnée,11565.0,2025-10-22 10:00:07,
6648,88193,2025-10-24 08:02:00,Randonnée,17117.0,2025-10-24 12:40:47,Nouveau sentier découvert.
6649,88193,2025-10-25 09:22:00,Randonnée,9526.0,2025-10-25 11:22:58,Nouveau sentier découvert.
6650,88193,2025-10-26 17:19:00,Randonnée,4159.0,2025-10-26 18:13:59,
6651,88193,2025-10-28 18:49:00,Randonnée,12826.0,2025-10-28 22:13:43,
6652,88193,2025-10-30 09:28:00,Randonnée,9841.0,2025-10-30 11:35:28,Une randonnée à refaire.
6653,88193,2025-11-01 18:13:00,Randonnée,16427.0,2025-11-01 21:06:41,
6654,88193,2025-11-02 09:24:00,Randonnée,5017.0,2025-11-02 10:17:57,Nouveau sentier découvert.
6655,88193,2025-11-05 07:05:00,Randonnée,20921.0,2025-11-05 11:25:17,Nouveau sentier découvert.
6656,88193,2025-11-06 18:47:00,Randonnée,4725.0,2025-11-06 19:40:01,Une randonnée à refaire.
6657,88193,2025-11-08 09:45:00,Randonnée,24663.0,2025-11-08 16:13:31,Une randonnée à refaire.
6658,88193,2025-11-10 12:32:00,Randonnée,12371.0,2025-11-10 14:40:32,Très beau parcours.
6659,88193,2025-11-12 12:28:00,Randonnée,6932.0,2025-11-12 13:37:43,
6660,88193,2025-11-14 08:18:00,Randonnée,12935.0,2025-11-14 10:56:32,Une randonnée à refaire.
6661,88193,2025-11-15 09:21:00,Randonnée,22566.0,2025-11-15 14:54:17,Nouveau sentier découvert.
6662,88193,2025-11-16 19:05:00,Randonnée,7038.0,2025-11-16 20:32:55,Nouveau sentier découvert.
6663,88193,2025-11-17 18:08:00,Randonnée,8986.0,2025-11-17 20:08:05,Très beau parcours.
6664,88193,2025-11-21 08:33:00,Randonnée,16334.0,2025-11-21 11:34:30,Nouveau sentier découvert.
6665,88193,2025-11-22 09:43:00,Randonnée,8119.0,2025-11-22 11:19:03,Nouveau sentier découvert.
6666,88193,2025-11-24 09:42:00,Randonnée,5813.0,2025-11-24 10:41:51,Une randonnée à refaire.
6667,88193,2025-11-25 19:43:00,Randonnée,24675.0,2025-11-26 01:23:07,Très beau parcours.
6668,88193,2025-11-26 09:01:00,Randonnée,23810.0,2025-11-26 14:03:37,Nouveau sentier découvert.
6669,88193,2025-11-28 18:58:00,Randonnée,15819.0,2025-11-29 00:04:14,
6670,88193,2025-11-29 07:12:00,Randonnée,17495.0,2025-11-29 10:26:01,Une randonnée à refaire.
6671,88193,2025-12-01 18:16:00,Randonnée,22414.0,2025-12-02 00:08:25,Nouveau sentier découvert.
6672,88193,2025-12-02 19:29:00,Randonnée,5111.0,2025-12-02 21:09:39,Nouveau sentier découvert.
6673,88193,2025-12-04 08:51:00,Randonnée,19958.0,2025-12-04 12:18:02,Une randonnée à refaire.
6674,88193,2025-12-07 19:11:00,Randonnée,23461.0,2025-12-07 23:11:03,Une randonnée à refaire.
6675,88193,2025-12-08 09:39:00,Randonnée,16687.0,2025-12-08 13:32:45,Une randonnée à refaire.
6676,88193,2025-12-09 09:08:00,Randonnée,6770.0,2025-12-09 10:16:21,Nouveau sentier découvert.
6677,88193,2025-12-11 19:44:00,Randonnée,15590.0,2025-12-11 22:33:01,Très beau parcours.
6678,88193,2025-12-12 12:21:00,Randonnée,9523.0,2025-12-12 14:27:56,
6679,88193,2025-12-14 18:28:00,Randonnée,10707.0,2025-12-14 21:16:30,Nouveau sentier découvert.
6680,88193,2025-12-17 17:42:00,Randonnée,13324.0,2025-12-17 20:19:01,Une randonnée à refaire.
6681,88193,2025-12-19 17:11:00,Randonnée,11675.0,2025-12-19 20:08:50,
6682,88193,2025-12-22 19:10:00,Randonnée,17846.0,2025-12-22 23:49:10,Nouveau sentier découvert.
6683,88193,2025-12-25 18:05:00,Randonnée,5513.0,2025-12-25 19:49:42,Nouveau sentier découvert.
6684,88193,2025-12-26 07:29:00,Randonnée,22225.0,2025-12-26 11:15:06,
6685,88193,2025-12-27 08:43:00,Randonnée,24413.0,2025-12-27 15:03:18,Une randonnée à refaire.
6686,88193,2025-12-28 19:17:00,Randonnée,22555.0,2025-12-29 01:03:32,Une randonnée à refaire.
6687,88193,2025-12-29 07:44:00,Randonnée,13450.0,2025-12-29 11:33:11,Très beau parcours.
6688,88193,2025-12-31 09:45:00,Randonnée,15488.0,2025-12-31 12:39:37,Très beau parcours.
6689,88193,2026-01-02 18:13:00,Randonnée,19839.0,2026-01-02 23:52:25,Nouveau sentier découvert.
6690,88193,2026-01-04 08:03:00,Randonnée,8539.0,2026-01-04 10:03:44,Une randonnée à refaire.
6691,88193,2026-01-06 12:17:00,Randonnée,24880.0,2026-01-06 17:58:41,Nouveau sentier découvert.
6692,88193,2026-01-07 07:52:00,Randonnée,6712.0,2026-01-07 09:32:03,Très beau parcours.
6693,88193,2026-01-09 18:46:00,Randonnée,6121.0,2026-01-09 19:52:41,Nouveau sentier découvert.
6694,88193,2026-01-10 07:43:00,Randonnée,21096.0,2026-01-10 11:38:39,Une randonnée à refaire.
6695,88193,2026-01-11 18:36:00,Randonnée,7959.0,2026-01-11 20:58:38,Nouveau sentier découvert.
6696,88193,2026-01-14 07:04:00,Randonnée,13853.0,2026-01-14 09:27:20,Une randonnée à refaire.
6697,88193,2026-01-16 09:24:00,Randonnée,6677.0,2026-01-16 10:31:52,Très beau parcours.
6698,88193,2026-01-21 09:51:00,Randonnée,13942.0,2026-01-21 13:48:49,Une randonnée à refaire.
6699,88193,2026-01-22 19:58:00,Randonnée,20039.0,2026-01-23 01:28:26,Une randonnée à refaire.
6700,88193,2026-01-24 18:11:00,Randonnée,11902.0,2026-01-24 20:50:00,Nouveau sentier découvert.
6701,88193,2026-01-28 07:03:00,Randonnée,19360.0,2026-01-28 11:11:09,
6702,88193,2026-01-29 18:09:00,Randonnée,15161.0,2026-01-29 22:13:05,Une randonnée à refaire.
6703,88193,2026-01-30 07:10:00,Randonnée,6835.0,2026-01-30 08:28:04,
6704,88193,2026-01-31 17:10:00,Randonnée,9439.0,2026-01-31 19:24:15,
6705,88193,2026-02-03 07:09:00,Randonnée,21732.0,2026-02-03 12:12:52,Très beau parcours.
6706,88193,2026-02-04 17:13:00,Randonnée,22713.0,2026-02-04 21:48:53,Une randonnée à refaire.
6707,88193,2026-02-05 12:04:00,Randonnée,17430.0,2026-02-05 16:30:38,Très beau parcours.
6708,88193,2026-02-06 07:49:00,Randonnée,4038.0,2026-02-06 08:33:09,Très beau parcours.
6709,88193,2026-02-07 18:47:00,Randonnée,19479.0,2026-02-08 01:12:52,
6710,88193,2026-02-08 17:40:00,Randonnée,20781.0,2026-02-08 21:37:15,Nouveau sentier découvert.
6711,88193,2026-02-09 18:45:00,Randonnée,18242.0,2026-02-09 22:13:18,Très beau parcours.
6712,88193,2026-02-11 08:02:00,Randonnée,20341.0,2026-02-11 11:47:57,
6713,88193,2026-02-14 17:56:00,Randonnée,20870.0,2026-02-14 23:34:05,Une randonnée à refaire.
6714,88193,2026-02-16 09:34:00,Randonnée,18426.0,2026-02-16 12:51:34,Très beau parcours.
6715,88193,2026-02-17 17:26:00,Randonnée,15390.0,2026-02-17 22:16:35,Nouveau sentier découvert.
6716,88193,2026-02-18 19:18:00,Randonnée,12815.0,2026-02-18 21:39:26,Nouveau sentier découvert.
6717,88193,2026-02-19 09:28:00,Randonnée,8365.0,2026-02-19 11:25:14,Nouveau sentier découvert.
6718,88193,2026-02-20 09:43:00,Randonnée,13049.0,2026-02-20 13:42:28,Très beau parcours.
6719,88193,2026-02-22 12:36:00,Randonnée,15469.0,2026-02-22 17:44:18,
6720,88193,2026-02-23 08:19:00,Randonnée,14939.0,2026-02-23 11:08:18,Très beau parcours.
6721,88193,2026-02-24 07:11:00,Randonnée,18334.0,2026-02-24 10:16:40,Nouveau sentier découvert.
6722,88193,2026-02-25 17:14:00,Randonnée,5911.0,2026-02-25 18:51:10,Nouveau sentier découvert.
6723,88193,2026-02-26 18:57:00,Randonnée,12378.0,2026-02-26 22:01:01,Une randonnée à refaire.
6724,88193,2026-03-01 12:48:00,Randonnée,12451.0,2026-03-01 15:08:15,
6725,88193,2026-03-02 18:24:00,Randonnée,11441.0,2026-03-02 21:15:24,Nouveau sentier découvert.
6726,88193,2026-03-05 17:21:00,Randonnée,8805.0,2026-03-05 19:07:54,Une randonnée à refaire.
6727,88193,2026-03-07 12:25:00,Randonnée,19683.0,2026-03-07 17:12:45,Très beau parcours.
6728,88193,2026-03-09 19:40:00,Randonnée,22833.0,2026-03-10 00:26:34,
6729,88193,2026-03-11 07:46:00,Randonnée,15736.0,2026-03-11 10:36:59,Très beau parcours.
6730,88193,2026-03-12 12:46:00,Randonnée,17375.0,2026-03-12 16:23:07,Très beau parcours.
6731,88193,2026-03-13 08:08:00,Randonnée,20140.0,2026-03-13 12:48:48,Très beau parcours.
6732,88193,2026-03-16 18:25:00,Randonnée,9221.0,2026-03-16 20:09:00,Très beau parcours.
6733,88193,2026-03-17 12:08:00,Randonnée,11179.0,2026-03-17 14:37:19,Très beau parcours.
6734,88193,2026-03-19 08:21:00,Randonnée,22996.0,2026-03-19 14:41:46,
6735,88193,2026-03-21 08:51:00,Randonnée,11517.0,2026-03-21 11:05:07,
6736,88193,2026-03-26 09:09:00,Randonnée,10803.0,2026-03-26 12:01:43,
6737,88193,2026-03-27 08:47:00,Randonnée,18607.0,2026-03-27 14:55:02,Très beau parcours.
6738,88193,2026-03-28 08:14:00,Randonnée,10443.0,2026-03-28 10:18:07,Très beau parcours.
6739,88193,2026-03-29 09:41:00,Randonnée,19953.0,2026-03-29 13:12:03,
6740,88193,2026-03-31 09:29:00,Randonnée,11180.0,2026-03-31 12:04:17,Une randonnée à refaire.
6741,88193,2026-04-01 19:59:00,Randonnée,7724.0,2026-04-01 21:43:33,Nouveau sentier découvert.
6742,88193,2026-04-02 17:42:00,Randonnée,16636.0,2026-04-02 21:18:00,Nouveau sentier découvert.
6743,88193,2026-04-04 09:23:00,Randonnée,15683.0,2026-04-04 13:22:57,Très beau parcours.
6744,88193,2026-04-07 19:14:00,Randonnée,19190.0,2026-04-07 23:10:48,Très beau parcours.
6745,88193,2026-04-08 12:18:00,Randonnée,4986.0,2026-04-08 13:33:22,Très beau parcours.
6746,88193,2026-04-09 18:52:00,Randonnée,18755.0,2026-04-10 00:05:03,Nouveau sentier découvert.
6747,88193,2026-04-13 18:08:00,Randonnée,21241.0,2026-04-13 21:41:15,Très beau parcours.
6748,88193,2026-04-14 18:51:00,Randonnée,22748.0,2026-04-15 02:09:18,Nouveau sentier découvert.
6749,88193,2026-04-15 17:58:00,Randonnée,23896.0,2026-04-15 23:23:24,Très beau parcours.
6750,88193,2026-04-16 18:13:00,Randonnée,6631.0,2026-04-16 19:31:19,
6751,88193,2026-04-18 08:10:00,Randonnée,7099.0,2026-04-18 09:39:05,Une randonnée à refaire.
6752,88193,2026-04-20 19:05:00,Randonnée,4978.0,2026-04-20 20:33:17,
6753,88193,2026-04-21 12:27:00,Randonnée,18234.0,2026-04-21 15:41:18,Nouveau sentier découvert.
6754,88193,2026-04-22 18:42:00,Randonnée,5206.0,2026-04-22 19:56:12,Nouveau sentier découvert.
6755,88193,2026-04-24 08:19:00,Randonnée,20194.0,2026-04-24 13:03:55,
6756,88193,2026-04-25 19:19:00,Randonnée,22620.0,2026-04-26 00:05:52,Nouveau sentier découvert.
6757,88193,2026-04-27 09:46:00,Randonnée,24173.0,2026-04-27 17:09:56,
6758,88193,2026-04-30 08:33:00,Randonnée,14975.0,2026-04-30 12:45:42,Très beau parcours.
6759,88193,2026-05-01 19:30:00,Randonnée,16488.0,2026-05-02 00:12:07,
6760,88193,2026-05-04 18:28:00,Randonnée,13665.0,2026-05-04 22:14:38,Nouveau sentier découvert.
6761,88193,2026-05-05 08:38:00,Randonnée,23782.0,2026-05-05 14:56:20,Une randonnée à refaire.
6762,88193,2026-05-06 17:18:00,Randonnée,4236.0,2026-05-06 18:28:32,Une randonnée à refaire.
6763,88193,2026-05-07 09:50:00,Randonnée,13371.0,2026-05-07 12:59:01,Nouveau sentier découvert.
6764,88193,2026-05-10 07:32:00,Randonnée,20075.0,2026-05-10 13:01:51,
6765,88193,2026-05-11 08:47:00,Randonnée,6983.0,2026-05-11 11:04:30,Très beau parcours.
6766,88193,2026-05-12 18:51:00,Randonnée,19326.0,2026-05-12 22:10:14,Nouveau sentier découvert.
6767,88193,2026-05-14 18:24:00,Randonnée,11256.0,2026-05-14 20:37:46,Très beau parcours.
6768,88193,2026-05-15 09:47:00,Randonnée,16796.0,2026-05-15 13:09:45,Nouveau sentier découvert.
6769,88193,2026-05-18 08:46:00,Randonnée,10701.0,2026-05-18 11:32:33,Nouveau sentier découvert.
6770,88193,2026-05-22 09:36:00,Randonnée,11006.0,2026-05-22 11:53:43,
6771,88193,2026-05-23 12:42:00,Randonnée,16826.0,2026-05-23 18:16:49,
6772,88193,2026-05-24 17:33:00,Randonnée,18116.0,2026-05-24 21:52:29,
6773,88193,2026-05-25 18:28:00,Randonnée,10811.0,2026-05-25 20:17:25,Très beau parcours.
6774,88193,2026-05-28 12:19:00,Randonnée,13968.0,2026-05-28 14:44:12,Nouveau sentier découvert.
6775,88193,2026-05-29 19:49:00,Randonnée,22272.0,2026-05-29 23:45:07,Très beau parcours.
6776,88193,2026-05-30 18:30:00,Randonnée,20845.0,2026-05-30 23:37:08,Une randonnée à refaire.
6777,88193,2026-05-31 19:52:00,Randonnée,24196.0,2026-06-01 00:41:37,Très beau parcours.
6778,88193,2026-06-02 12:06:00,Randonnée,17593.0,2026-06-02 16:38:12,Une randonnée à refaire.
6779,88193,2026-06-03 18:35:00,Randonnée,7520.0,2026-06-03 21:03:15,Une randonnée à refaire.
6780,88193,2026-06-04 19:31:00,Randonnée,12091.0,2026-06-04 21:51:56,Nouveau sentier découvert.
6781,88193,2026-06-05 12:36:00,Randonnée,13835.0,2026-06-05 16:16:29,Nouveau sentier découvert.
6782,88193,2026-06-08 12:49:00,Randonnée,21992.0,2026-06-08 16:42:41,Une randonnée à refaire.
6783,88193,2026-06-11 08:32:00,Randonnée,22762.0,2026-06-11 15:53:59,Une randonnée à refaire.
6784,88193,2026-06-12 12:27:00,Randonnée,15297.0,2026-06-12 15:06:29,
6785,88193,2026-06-15 12:28:00,Randonnée,6967.0,2026-06-15 13:55:27,Très beau parcours.
6786,88193,2026-06-16 12:17:00,Randonnée,12044.0,2026-06-16 14:29:42,Une randonnée à refaire.
6787,88193,2026-06-17 07:38:00,Randonnée,17214.0,2026-06-17 11:26:17,Très beau parcours.
6788,88193,2026-06-18 17:02:00,Randonnée,16945.0,2026-06-18 21:54:43,Une randonnée à refaire.
6789,88193,2026-06-19 07:09:00,Randonnée,11855.0,2026-06-19 10:55:52,Nouveau sentier découvert.
6790,88193,2026-06-22 08:19:00,Randonnée,11608.0,2026-06-22 11:09:55,Nouveau sentier découvert.
6791,88193,2026-06-23 17:21:00,Randonnée,9793.0,2026-06-23 18:59:05,Très beau parcours.
6792,88193,2026-06-24 19:06:00,Randonnée,15654.0,2026-06-24 22:51:25,Très beau parcours.
6793,88193,2026-06-25 17:28:00,Randonnée,6080.0,2026-06-25 19:28:59,
6794,88193,2026-06-30 17:18:00,Randonnée,16509.0,2026-06-30 21:09:21,Une randonnée à refaire.
6795,88193,2026-07-01 17:51:00,Randonnée,5920.0,2026-07-01 19:28:42,Nouveau sentier découvert.
6796,88193,2026-07-04 09:28:00,Randonnée,13050.0,2026-07-04 12:26:49,
6797,88193,2026-07-05 08:07:00,Randonnée,15076.0,2026-07-05 12:55:44,Très beau parcours.
6798,88193,2026-07-08 18:36:00,Randonnée,17273.0,2026-07-08 21:59:22,Une randonnée à refaire.
6799,88193,2026-07-09 17:50:00,Randonnée,17394.0,2026-07-09 21:13:25,
6800,88193,2026-07-10 18:36:00,Randonnée,24933.0,2026-07-11 02:33:27,Une randonnée à refaire.
6801,88193,2026-07-11 07:20:00,Randonnée,21076.0,2026-07-11 11:43:06,Très beau parcours.
6802,88193,2026-07-13 12:45:00,Randonnée,17143.0,2026-07-13 18:27:26,Très beau parcours.
6803,88193,2026-07-14 17:20:00,Randonnée,14343.0,2026-07-14 20:04:00,
6804,88193,2026-07-16 08:37:00,Randonnée,15099.0,2026-07-16 11:26:08,Nouveau sentier découvert.
6805,88193,2026-07-19 07:04:00,Randonnée,10041.0,2026-07-19 08:52:14,Une randonnée à refaire.
6806,88193,2026-07-20 19:29:00,Randonnée,7102.0,2026-07-20 20:41:21,
6807,60948,2025-07-20 17:49:00,Runing,12476.0,2025-07-20 19:26:16,Très bonnes sensations.
6808,60948,2025-07-22 18:50:00,Runing,14862.0,2025-07-22 20:26:29,Reprise du sport :)
6809,60948,2025-07-23 09:07:00,Runing,12430.0,2025-07-23 10:45:32,Bonne sortie !
6810,60948,2025-07-25 19:59:00,Runing,12443.0,2025-07-25 21:17:50,Très bonnes sensations.
6811,60948,2025-07-26 07:32:00,Runing,10095.0,2025-07-26 08:23:28,Très bonnes sensations.
6812,60948,2025-07-27 07:41:00,Runing,8098.0,2025-07-27 08:26:34,Bonne sortie !
6813,60948,2025-07-30 17:54:00,Runing,6342.0,2025-07-30 18:27:51,Reprise du sport :)
6814,60948,2025-07-31 07:31:00,Runing,17938.0,2025-07-31 09:07:00,Très bonnes sensations.
6815,60948,2025-08-04 08:52:00,Runing,5301.0,2025-08-04 09:34:43,Bonne sortie !
6816,60948,2025-08-07 09:36:00,Runing,8783.0,2025-08-07 10:42:03,Bonne sortie !
6817,60948,2025-08-09 07:36:00,Runing,17279.0,2025-08-09 08:57:57,Reprise du sport :)
6818,60948,2025-08-10 12:55:00,Runing,14079.0,2025-08-10 14:48:34,Très bonnes sensations.
6819,60948,2025-08-11 12:23:00,Runing,11554.0,2025-08-11 13:30:05,Très bonnes sensations.
6820,60948,2025-08-15 08:45:00,Runing,10355.0,2025-08-15 09:57:51,
6821,60948,2025-08-17 12:50:00,Runing,15134.0,2025-08-17 14:46:36,
6822,60948,2025-08-18 18:14:00,Runing,3975.0,2025-08-18 18:32:23,Reprise du sport :)
6823,60948,2025-08-20 07:27:00,Runing,8210.0,2025-08-20 08:16:33,
6824,60948,2025-08-22 08:07:00,Runing,4931.0,2025-08-22 08:35:39,
6825,60948,2025-08-24 18:08:00,Runing,17147.0,2025-08-24 19:41:27,Bonne sortie !
6826,60948,2025-08-26 19:43:00,Runing,13069.0,2025-08-26 20:48:00,Bonne sortie !
6827,60948,2025-08-28 08:03:00,Runing,5983.0,2025-08-28 08:43:07,Très bonnes sensations.
6828,60948,2025-08-29 17:46:00,Runing,17995.0,2025-08-29 20:04:11,Très bonnes sensations.
6829,60948,2025-08-30 19:09:00,Runing,6623.0,2025-08-30 20:00:40,Reprise du sport :)
6830,60948,2025-08-31 17:45:00,Runing,9339.0,2025-08-31 18:36:53,Très bonnes sensations.
6831,60948,2025-09-02 19:35:00,Runing,3793.0,2025-09-02 19:52:47,Reprise du sport :)
6832,60948,2025-09-03 07:22:00,Runing,5675.0,2025-09-03 08:07:12,Bonne sortie !
6833,60948,2025-09-04 19:03:00,Runing,16804.0,2025-09-04 21:04:26,Très bonnes sensations.
6834,60948,2025-09-05 07:33:00,Runing,5006.0,2025-09-05 08:04:51,Reprise du sport :)
6835,60948,2025-09-07 09:16:00,Runing,15241.0,2025-09-07 10:33:39,Très bonnes sensations.
6836,60948,2025-09-11 19:02:00,Runing,17359.0,2025-09-11 20:43:39,
6837,60948,2025-09-12 18:39:00,Runing,11184.0,2025-09-12 19:32:56,Reprise du sport :)
6838,60948,2025-09-15 09:27:00,Runing,12239.0,2025-09-15 10:49:01,Reprise du sport :)
6839,60948,2025-09-18 17:56:00,Runing,8773.0,2025-09-18 19:09:19,Très bonnes sensations.
6840,60948,2025-09-20 07:37:00,Runing,14142.0,2025-09-20 08:48:29,Reprise du sport :)
6841,60948,2025-09-21 09:25:00,Runing,10081.0,2025-09-21 10:22:15,Bonne sortie !
6842,60948,2025-09-22 18:39:00,Runing,13447.0,2025-09-22 19:57:30,Reprise du sport :)
6843,60948,2025-09-24 17:41:00,Runing,3665.0,2025-09-24 18:03:10,Bonne sortie !
6844,60948,2025-09-25 17:17:00,Runing,4280.0,2025-09-25 17:46:05,
6845,60948,2025-09-26 09:39:00,Runing,8883.0,2025-09-26 10:33:48,Très bonnes sensations.
6846,60948,2025-09-29 12:25:00,Runing,15333.0,2025-09-29 14:03:28,
6847,60948,2025-09-30 17:51:00,Runing,8658.0,2025-09-30 18:54:34,
6848,60948,2025-10-03 12:54:00,Runing,7680.0,2025-10-03 13:40:13,Très bonnes sensations.
6849,60948,2025-10-04 07:30:00,Runing,7808.0,2025-10-04 08:12:28,Très bonnes sensations.
6850,60948,2025-10-05 12:08:00,Runing,12973.0,2025-10-05 13:13:45,Très bonnes sensations.
6851,60948,2025-10-06 07:07:00,Runing,15428.0,2025-10-06 08:46:06,Bonne sortie !
6852,60948,2025-10-07 19:46:00,Runing,11849.0,2025-10-07 21:01:41,
6853,60948,2025-10-09 19:12:00,Runing,8053.0,2025-10-09 19:57:40,Bonne sortie !
6854,60948,2025-10-11 09:51:00,Runing,9553.0,2025-10-11 10:37:46,Très bonnes sensations.
6855,60948,2025-10-12 09:24:00,Runing,5578.0,2025-10-12 09:51:49,Très bonnes sensations.
6856,60948,2025-10-15 19:43:00,Runing,7839.0,2025-10-15 20:47:42,
6857,60948,2025-10-17 09:52:00,Runing,11146.0,2025-10-17 10:44:37,Bonne sortie !
6858,60948,2025-10-18 07:45:00,Runing,5416.0,2025-10-18 08:21:22,Reprise du sport :)
6859,60948,2025-10-20 09:52:00,Runing,15169.0,2025-10-20 11:29:26,
6860,60948,2025-10-21 07:33:00,Runing,8259.0,2025-10-21 08:16:12,Reprise du sport :)
6861,60948,2025-10-25 17:24:00,Runing,17394.0,2025-10-25 19:45:31,Bonne sortie !
6862,60948,2025-10-26 19:09:00,Runing,3135.0,2025-10-26 19:26:29,Bonne sortie !
6863,60948,2025-10-28 09:12:00,Runing,15575.0,2025-10-28 11:16:10,
6864,60948,2025-11-01 17:17:00,Runing,9086.0,2025-11-01 18:00:34,
6865,60948,2025-11-03 18:09:00,Runing,6968.0,2025-11-03 19:01:57,
6866,60948,2025-11-04 07:38:00,Runing,4395.0,2025-11-04 07:59:26,Reprise du sport :)
6867,60948,2025-11-06 09:56:00,Runing,15192.0,2025-11-06 11:45:04,
6868,60948,2025-11-08 19:52:00,Runing,7541.0,2025-11-08 20:28:20,
6869,60948,2025-11-09 17:14:00,Runing,7345.0,2025-11-09 17:53:28,Bonne sortie !
6870,60948,2025-11-12 18:53:00,Runing,13406.0,2025-11-12 20:15:08,Très bonnes sensations.
6871,60948,2025-11-13 17:48:00,Runing,11912.0,2025-11-13 19:18:24,Reprise du sport :)
6872,60948,2025-11-15 07:48:00,Runing,5434.0,2025-11-15 08:31:01,
6873,60948,2025-11-16 08:31:00,Runing,13202.0,2025-11-16 09:33:39,
6874,60948,2025-11-17 17:06:00,Runing,13701.0,2025-11-17 19:01:54,
6875,60948,2025-11-20 19:43:00,Runing,12287.0,2025-11-20 21:02:18,Reprise du sport :)
6876,60948,2025-11-21 08:26:00,Runing,8632.0,2025-11-21 09:05:58,Très bonnes sensations.
6877,60948,2025-11-25 17:30:00,Runing,10399.0,2025-11-25 18:18:37,Reprise du sport :)
6878,60948,2025-11-28 19:08:00,Runing,9832.0,2025-11-28 20:19:15,Reprise du sport :)
6879,60948,2025-11-29 17:33:00,Runing,11735.0,2025-11-29 19:02:33,Très bonnes sensations.
6880,60948,2025-12-01 08:08:00,Runing,13475.0,2025-12-01 09:38:31,Reprise du sport :)
6881,60948,2025-12-02 07:04:00,Runing,17729.0,2025-12-02 08:52:36,Bonne sortie !
6882,60948,2025-12-03 17:01:00,Runing,8425.0,2025-12-03 18:10:28,Bonne sortie !
6883,60948,2025-12-04 09:21:00,Runing,8988.0,2025-12-04 10:25:20,Bonne sortie !
6884,60948,2025-12-05 17:30:00,Runing,5602.0,2025-12-05 18:17:44,Reprise du sport :)
6885,60948,2025-12-10 12:45:00,Runing,3725.0,2025-12-10 13:06:56,Très bonnes sensations.
6886,60948,2025-12-11 09:20:00,Runing,14579.0,2025-12-11 10:38:15,Très bonnes sensations.
6887,60948,2025-12-12 07:46:00,Runing,13897.0,2025-12-12 09:33:14,Très bonnes sensations.
6888,60948,2025-12-13 09:13:00,Runing,4183.0,2025-12-13 09:35:36,Bonne sortie !
6889,60948,2025-12-14 09:49:00,Runing,15289.0,2025-12-14 11:10:30,Très bonnes sensations.
6890,60948,2025-12-15 08:06:00,Runing,13758.0,2025-12-15 09:21:32,Très bonnes sensations.
6891,60948,2025-12-16 19:18:00,Runing,14663.0,2025-12-16 20:29:00,
6892,60948,2025-12-17 09:50:00,Runing,7314.0,2025-12-17 10:42:45,
6893,60948,2025-12-18 07:51:00,Runing,9351.0,2025-12-18 09:05:55,Reprise du sport :)
6894,60948,2025-12-22 09:22:00,Runing,14597.0,2025-12-22 10:51:40,Reprise du sport :)
6895,60948,2025-12-24 08:13:00,Runing,4132.0,2025-12-24 08:36:27,Très bonnes sensations.
6896,60948,2025-12-25 07:51:00,Runing,5006.0,2025-12-25 08:18:03,Reprise du sport :)
6897,60948,2025-12-26 08:14:00,Runing,16413.0,2025-12-26 10:10:26,Reprise du sport :)
6898,60948,2025-12-29 12:01:00,Runing,4511.0,2025-12-29 12:38:51,
6899,60948,2025-12-30 18:13:00,Runing,15973.0,2025-12-30 19:41:45,Bonne sortie !
6900,60948,2025-12-31 09:19:00,Runing,12826.0,2025-12-31 10:31:37,Reprise du sport :)
6901,60948,2026-01-01 18:45:00,Runing,11892.0,2026-01-01 19:48:40,Très bonnes sensations.
6902,60948,2026-01-03 18:04:00,Runing,15020.0,2026-01-03 19:32:29,
6903,60948,2026-01-04 07:23:00,Runing,12382.0,2026-01-04 08:33:27,Très bonnes sensations.
6904,60948,2026-01-05 17:16:00,Runing,6561.0,2026-01-05 17:56:25,Bonne sortie !
6905,60948,2026-01-07 17:08:00,Runing,11045.0,2026-01-07 18:01:22,
6906,60948,2026-01-08 08:13:00,Runing,4925.0,2026-01-08 08:50:07,Bonne sortie !
6907,60948,2026-01-13 09:35:00,Runing,3671.0,2026-01-13 09:52:31,Très bonnes sensations.
6908,60948,2026-01-15 07:18:00,Runing,10380.0,2026-01-15 08:33:35,
6909,60948,2026-01-17 09:46:00,Runing,17391.0,2026-01-17 11:17:19,Bonne sortie !
6910,60948,2026-01-20 12:46:00,Runing,17065.0,2026-01-20 14:28:37,
6911,60948,2026-01-21 12:01:00,Runing,6623.0,2026-01-21 12:43:12,Très bonnes sensations.
6912,60948,2026-01-22 19:48:00,Runing,8787.0,2026-01-22 20:44:00,
6913,60948,2026-01-23 18:28:00,Runing,9187.0,2026-01-23 19:11:09,Bonne sortie !
6914,60948,2026-01-26 07:55:00,Runing,5965.0,2026-01-26 08:25:32,Bonne sortie !
6915,60948,2026-01-29 07:37:00,Runing,16582.0,2026-01-29 08:56:10,Très bonnes sensations.
6916,60948,2026-01-31 19:34:00,Runing,5703.0,2026-01-31 20:08:37,Reprise du sport :)
6917,60948,2026-02-02 17:13:00,Runing,6236.0,2026-02-02 17:43:55,Reprise du sport :)
6918,60948,2026-02-03 18:49:00,Runing,8900.0,2026-02-03 19:38:09,Très bonnes sensations.
6919,60948,2026-02-04 17:10:00,Runing,13850.0,2026-02-04 18:21:52,Très bonnes sensations.
6920,60948,2026-02-07 12:42:00,Runing,9505.0,2026-02-07 14:01:16,Reprise du sport :)
6921,60948,2026-02-08 09:41:00,Runing,17977.0,2026-02-08 11:46:36,Reprise du sport :)
6922,60948,2026-02-09 17:51:00,Runing,14911.0,2026-02-09 19:34:17,
6923,60948,2026-02-10 07:33:00,Runing,13777.0,2026-02-10 09:06:21,Très bonnes sensations.
6924,60948,2026-02-12 09:06:00,Runing,5523.0,2026-02-12 09:31:53,Bonne sortie !
6925,60948,2026-02-13 07:01:00,Runing,17301.0,2026-02-13 08:52:14,Bonne sortie !
6926,60948,2026-02-15 19:45:00,Runing,3310.0,2026-02-15 20:07:28,Bonne sortie !
6927,60948,2026-02-18 19:24:00,Runing,7135.0,2026-02-18 20:03:48,
6928,60948,2026-02-19 07:44:00,Runing,9730.0,2026-02-19 08:35:24,Reprise du sport :)
6929,60948,2026-02-20 09:47:00,Runing,16439.0,2026-02-20 11:22:37,Reprise du sport :)
6930,60948,2026-02-22 17:48:00,Runing,6233.0,2026-02-22 18:17:51,Bonne sortie !
6931,60948,2026-02-23 19:54:00,Runing,9719.0,2026-02-23 21:05:28,Très bonnes sensations.
6932,60948,2026-02-24 09:36:00,Runing,11135.0,2026-02-24 10:58:51,Très bonnes sensations.
6933,60948,2026-02-25 12:27:00,Runing,11514.0,2026-02-25 13:36:24,Très bonnes sensations.
6934,60948,2026-02-27 09:36:00,Runing,6434.0,2026-02-27 10:18:07,Très bonnes sensations.
6935,60948,2026-03-01 12:16:00,Runing,12758.0,2026-03-01 13:58:55,Reprise du sport :)
6936,60948,2026-03-02 08:49:00,Runing,16336.0,2026-03-02 10:04:32,
6937,60948,2026-03-03 17:41:00,Runing,11919.0,2026-03-03 18:41:37,Bonne sortie !
6938,60948,2026-03-09 08:38:00,Runing,12943.0,2026-03-09 10:27:43,Très bonnes sensations.
6939,60948,2026-03-11 19:25:00,Runing,4883.0,2026-03-11 19:56:55,
6940,60948,2026-03-12 07:06:00,Runing,4228.0,2026-03-12 07:39:52,
6941,60948,2026-03-14 09:19:00,Runing,11612.0,2026-03-14 10:13:25,Reprise du sport :)
6942,60948,2026-03-16 09:31:00,Runing,13133.0,2026-03-16 11:10:16,
6943,60948,2026-03-18 09:37:00,Runing,12891.0,2026-03-18 11:26:18,
6944,60948,2026-03-20 19:46:00,Runing,11594.0,2026-03-20 20:40:45,
6945,60948,2026-03-21 19:59:00,Runing,9299.0,2026-03-21 20:46:50,Reprise du sport :)
6946,60948,2026-03-22 19:40:00,Runing,16119.0,2026-03-22 21:08:18,
6947,60948,2026-03-24 09:57:00,Runing,10884.0,2026-03-24 11:15:15,
6948,60948,2026-03-26 12:29:00,Runing,13044.0,2026-03-26 13:30:58,Très bonnes sensations.
6949,60948,2026-03-27 12:42:00,Runing,6787.0,2026-03-27 13:25:41,Bonne sortie !
6950,60948,2026-04-01 07:02:00,Runing,16122.0,2026-04-01 09:01:37,Bonne sortie !
6951,60948,2026-04-02 12:11:00,Runing,10083.0,2026-04-02 13:19:29,Bonne sortie !
6952,60948,2026-04-03 07:23:00,Runing,11338.0,2026-04-03 08:20:42,Très bonnes sensations.
6953,60948,2026-04-07 12:06:00,Runing,13888.0,2026-04-07 13:15:04,Reprise du sport :)
6954,60948,2026-04-09 09:58:00,Runing,14174.0,2026-04-09 11:26:00,Bonne sortie !
6955,60948,2026-04-11 08:49:00,Runing,17359.0,2026-04-11 10:33:51,
6956,60948,2026-04-12 09:43:00,Runing,13134.0,2026-04-12 11:27:02,Très bonnes sensations.
6957,60948,2026-04-14 18:31:00,Runing,6368.0,2026-04-14 19:06:32,Bonne sortie !
6958,60948,2026-04-17 18:53:00,Runing,16927.0,2026-04-17 20:40:06,Très bonnes sensations.
6959,60948,2026-04-19 07:59:00,Runing,15389.0,2026-04-19 09:30:02,Très bonnes sensations.
6960,60948,2026-04-21 08:22:00,Runing,11207.0,2026-04-21 09:34:32,Très bonnes sensations.
6961,60948,2026-04-22 19:53:00,Runing,16399.0,2026-04-22 21:11:34,Reprise du sport :)
6962,60948,2026-04-23 19:13:00,Runing,14417.0,2026-04-23 20:22:14,Très bonnes sensations.
6963,60948,2026-04-24 09:17:00,Runing,17478.0,2026-04-24 11:02:07,Bonne sortie !
6964,60948,2026-04-27 19:31:00,Runing,13778.0,2026-04-27 20:57:36,Reprise du sport :)
6965,60948,2026-04-29 17:25:00,Runing,16246.0,2026-04-29 18:44:42,Reprise du sport :)
6966,60948,2026-04-30 18:21:00,Runing,11490.0,2026-04-30 19:32:19,Très bonnes sensations.
6967,60948,2026-05-02 12:39:00,Runing,7248.0,2026-05-02 13:15:30,Reprise du sport :)
6968,60948,2026-05-03 19:40:00,Runing,16257.0,2026-05-03 21:05:20,Reprise du sport :)
6969,60948,2026-05-05 19:28:00,Runing,17862.0,2026-05-05 21:33:50,Reprise du sport :)
6970,60948,2026-05-07 18:02:00,Runing,14745.0,2026-05-07 19:23:41,Reprise du sport :)
6971,60948,2026-05-08 07:49:00,Runing,8972.0,2026-05-08 08:52:43,Très bonnes sensations.
6972,60948,2026-05-10 17:46:00,Runing,7471.0,2026-05-10 18:26:28,Très bonnes sensations.
6973,60948,2026-05-14 09:56:00,Runing,6719.0,2026-05-14 10:33:09,Reprise du sport :)
6974,60948,2026-05-15 09:56:00,Runing,3442.0,2026-05-15 10:20:31,Reprise du sport :)
6975,60948,2026-05-17 09:14:00,Runing,11717.0,2026-05-17 10:38:45,Reprise du sport :)
6976,60948,2026-05-20 12:37:00,Runing,6088.0,2026-05-20 13:21:59,
6977,60948,2026-05-21 08:26:00,Runing,12844.0,2026-05-21 09:49:03,
6978,60948,2026-05-22 18:58:00,Runing,7533.0,2026-05-22 19:36:05,
6979,60948,2026-05-24 19:56:00,Runing,7502.0,2026-05-24 20:55:49,
6980,60948,2026-05-25 18:56:00,Runing,9329.0,2026-05-25 20:03:21,Reprise du sport :)
6981,60948,2026-05-27 19:01:00,Runing,8148.0,2026-05-27 20:05:09,Bonne sortie !
6982,60948,2026-05-30 12:23:00,Runing,11462.0,2026-05-30 13:45:02,Très bonnes sensations.
6983,60948,2026-06-01 12:29:00,Runing,7606.0,2026-06-01 13:10:55,Reprise du sport :)
6984,60948,2026-06-03 18:50:00,Runing,17758.0,2026-06-03 20:43:47,Très bonnes sensations.
6985,60948,2026-06-04 18:02:00,Runing,7057.0,2026-06-04 18:52:57,Bonne sortie !
6986,60948,2026-06-05 12:12:00,Runing,16471.0,2026-06-05 13:36:27,Très bonnes sensations.
6987,60948,2026-06-06 09:07:00,Runing,8499.0,2026-06-06 09:55:15,
6988,60948,2026-06-07 07:01:00,Runing,5933.0,2026-06-07 07:34:03,Très bonnes sensations.
6989,60948,2026-06-09 07:30:00,Runing,16175.0,2026-06-09 09:05:09,Reprise du sport :)
6990,60948,2026-06-10 07:25:00,Runing,7899.0,2026-06-10 08:01:51,Reprise du sport :)
6991,60948,2026-06-11 17:56:00,Runing,10560.0,2026-06-11 19:00:18,Très bonnes sensations.
6992,60948,2026-06-13 08:33:00,Runing,6216.0,2026-06-13 09:01:45,
6993,60948,2026-06-14 09:28:00,Runing,17126.0,2026-06-14 11:02:00,Reprise du sport :)
6994,60948,2026-06-15 18:30:00,Runing,11652.0,2026-06-15 19:36:20,Reprise du sport :)
6995,60948,2026-06-16 07:51:00,Runing,17930.0,2026-06-16 09:49:42,Bonne sortie !
6996,60948,2026-06-19 12:02:00,Runing,6042.0,2026-06-19 12:33:21,
6997,60948,2026-06-22 19:30:00,Runing,3990.0,2026-06-22 19:54:13,
6998,60948,2026-06-23 08:38:00,Runing,5987.0,2026-06-23 09:20:35,Très bonnes sensations.
6999,60948,2026-06-24 07:55:00,Runing,6578.0,2026-06-24 08:32:53,Bonne sortie !
7000,60948,2026-06-25 08:31:00,Runing,10564.0,2026-06-25 09:45:23,Reprise du sport :)
7001,60948,2026-06-27 18:06:00,Runing,14466.0,2026-06-27 19:22:01,Bonne sortie !
7002,60948,2026-07-01 12:00:00,Runing,8479.0,2026-07-01 12:40:42,
7003,60948,2026-07-02 12:37:00,Runing,4083.0,2026-07-02 12:58:13,Très bonnes sensations.
7004,60948,2026-07-04 19:41:00,Runing,8953.0,2026-07-04 20:50:38,
7005,60948,2026-07-05 12:33:00,Runing,6358.0,2026-07-05 13:05:59,Reprise du sport :)
7006,60948,2026-07-07 12:33:00,Runing,14972.0,2026-07-07 14:17:18,Bonne sortie !
7007,60948,2026-07-08 19:00:00,Runing,6735.0,2026-07-08 19:47:24,Reprise du sport :)
7008,60948,2026-07-10 12:13:00,Runing,10091.0,2026-07-10 13:01:08,Reprise du sport :)
7009,60948,2026-07-12 17:08:00,Runing,10851.0,2026-07-12 18:28:18,
7010,60948,2026-07-13 17:00:00,Runing,6098.0,2026-07-13 17:47:29,Très bonnes sensations.
7011,60948,2026-07-14 17:55:00,Runing,16421.0,2026-07-14 19:33:10,Très bonnes sensations.
7012,60948,2026-07-17 19:16:00,Runing,7025.0,2026-07-17 19:52:51,
7013,60948,2026-07-18 12:31:00,Runing,15193.0,2026-07-18 14:01:07,Reprise du sport :)
7014,60948,2026-07-19 17:35:00,Runing,13796.0,2026-07-19 18:54:19,Reprise du sport :)
7015,60948,2026-07-20 18:37:00,Runing,6532.0,2026-07-20 19:31:52,Bonne sortie !
7016,92440,2025-07-22 12:00:00,Triathlon,27431.0,2025-07-22 14:37:10,Bonne préparation.
7017,92440,2025-07-23 17:49:00,Triathlon,8544.0,2025-07-23 18:40:20,Entraînement complet.
7018,92440,2025-07-25 08:13:00,Triathlon,7474.0,2025-07-25 08:33:02,Bonne préparation.
7019,92440,2025-07-27 08:01:00,Triathlon,15822.0,2025-07-27 08:43:04,Entraînement complet.
7020,92440,2025-07-30 19:25:00,Triathlon,28109.0,2025-07-30 21:42:50,
7021,92440,2025-07-31 08:01:00,Triathlon,33846.0,2025-07-31 09:56:40,Bonne préparation.
7022,92440,2025-08-01 07:51:00,Triathlon,28148.0,2025-08-01 10:07:10,
7023,92440,2025-08-02 19:11:00,Triathlon,35337.0,2025-08-02 22:18:02,
7024,92440,2025-08-03 09:13:00,Triathlon,11122.0,2025-08-03 09:52:24,Entraînement complet.
7025,92440,2025-08-04 07:01:00,Triathlon,24150.0,2025-08-04 09:25:12,
7026,92440,2025-08-07 18:34:00,Triathlon,14177.0,2025-08-07 19:18:19,Bonne préparation.
7027,92440,2025-08-10 17:55:00,Triathlon,13155.0,2025-08-10 18:33:29,
7028,92440,2025-08-11 17:15:00,Triathlon,8664.0,2025-08-11 17:38:03,Entraînement complet.
7029,92440,2025-08-12 09:33:00,Triathlon,23866.0,2025-08-12 10:47:02,
7030,92440,2025-08-14 17:22:00,Triathlon,34062.0,2025-08-14 19:03:40,Entraînement complet.
7031,92440,2025-08-18 19:45:00,Triathlon,26594.0,2025-08-18 21:12:38,Entraînement complet.
7032,92440,2025-08-20 08:33:00,Triathlon,11879.0,2025-08-20 09:23:55,
7033,92440,2025-08-21 17:10:00,Triathlon,36851.0,2025-08-21 20:44:08,Bonne préparation.
7034,92440,2025-08-22 08:48:00,Triathlon,38765.0,2025-08-22 10:34:05,Entraînement complet.
7035,92440,2025-08-23 09:54:00,Triathlon,13618.0,2025-08-23 10:40:59,
7036,92440,2025-08-25 12:43:00,Triathlon,32446.0,2025-08-25 14:18:30,Bonne préparation.
7037,92440,2025-08-26 18:46:00,Triathlon,10194.0,2025-08-26 19:31:42,Entraînement complet.
7038,92440,2025-08-27 17:02:00,Triathlon,20969.0,2025-08-27 19:24:02,Bonne préparation.
7039,92440,2025-08-28 07:36:00,Triathlon,32736.0,2025-08-28 09:15:58,Bonne préparation.
7040,92440,2025-08-30 09:54:00,Triathlon,24879.0,2025-08-30 11:56:28,Bonne préparation.
7041,92440,2025-08-31 19:45:00,Triathlon,24278.0,2025-08-31 21:14:55,Entraînement complet.
7042,92440,2025-09-02 17:47:00,Triathlon,12545.0,2025-09-02 18:20:58,Entraînement complet.
7043,92440,2025-09-03 18:01:00,Triathlon,38450.0,2025-09-03 20:15:29,Bonne préparation.
7044,92440,2025-09-05 09:18:00,Triathlon,31687.0,2025-09-05 10:56:03,
7045,92440,2025-09-07 19:26:00,Triathlon,28665.0,2025-09-07 21:32:58,Entraînement complet.
7046,92440,2025-09-09 17:44:00,Triathlon,18784.0,2025-09-09 19:05:08,Entraînement complet.
7047,92440,2025-09-10 17:32:00,Triathlon,10098.0,2025-09-10 17:59:52,Bonne préparation.
7048,92440,2025-09-15 19:21:00,Triathlon,24662.0,2025-09-15 20:58:39,Entraînement complet.
7049,92440,2025-09-17 18:31:00,Triathlon,37319.0,2025-09-17 21:32:24,Bonne préparation.
7050,92440,2025-09-18 19:11:00,Triathlon,29244.0,2025-09-18 21:30:54,Bonne préparation.
7051,92440,2025-09-19 07:08:00,Triathlon,19209.0,2025-09-19 08:19:01,
7052,92440,2025-09-20 19:18:00,Triathlon,21273.0,2025-09-20 20:39:12,Entraînement complet.
7053,92440,2025-09-21 09:55:00,Triathlon,26688.0,2025-09-21 11:06:52,Bonne préparation.
7054,92440,2025-09-23 09:35:00,Triathlon,25351.0,2025-09-23 11:03:55,Bonne préparation.
7055,92440,2025-09-24 12:29:00,Triathlon,22376.0,2025-09-24 13:28:00,
7056,92440,2025-09-26 12:27:00,Triathlon,13688.0,2025-09-26 13:40:36,Bonne préparation.
7057,92440,2025-09-27 09:50:00,Triathlon,32641.0,2025-09-27 11:35:37,Entraînement complet.
7058,92440,2025-09-29 17:14:00,Triathlon,27512.0,2025-09-29 18:27:36,
7059,92440,2025-09-30 19:28:00,Triathlon,33241.0,2025-09-30 21:39:40,Bonne préparation.
7060,92440,2025-10-03 18:50:00,Triathlon,6364.0,2025-10-03 19:17:15,
7061,92440,2025-10-06 08:43:00,Triathlon,36632.0,2025-10-06 11:16:06,
7062,92440,2025-10-08 19:04:00,Triathlon,23548.0,2025-10-08 20:11:03,
7063,92440,2025-10-11 18:40:00,Triathlon,18235.0,2025-10-11 20:08:05,Entraînement complet.
7064,92440,2025-10-12 09:21:00,Triathlon,20771.0,2025-10-12 10:21:22,Entraînement complet.
7065,92440,2025-10-13 09:39:00,Triathlon,27033.0,2025-10-13 10:52:03,Entraînement complet.
7066,92440,2025-10-14 12:51:00,Triathlon,17277.0,2025-10-14 13:35:26,Entraînement complet.
7067,92440,2025-10-17 17:42:00,Triathlon,19069.0,2025-10-17 19:23:39,Bonne préparation.
7068,92440,2025-10-18 12:44:00,Triathlon,32172.0,2025-10-18 14:55:53,
7069,92440,2025-10-19 19:47:00,Triathlon,11006.0,2025-10-19 21:04:53,Entraînement complet.
7070,92440,2025-10-20 19:45:00,Triathlon,8330.0,2025-10-20 20:24:21,
7071,92440,2025-10-21 12:05:00,Triathlon,29284.0,2025-10-21 13:22:51,Bonne préparation.
7072,92440,2025-10-23 12:35:00,Triathlon,26040.0,2025-10-23 13:52:08,
7073,92440,2025-10-25 18:45:00,Triathlon,34936.0,2025-10-25 20:45:58,
7074,92440,2025-10-26 19:04:00,Triathlon,32540.0,2025-10-26 22:51:38,Bonne préparation.
7075,92440,2025-10-27 17:32:00,Triathlon,27954.0,2025-10-27 19:03:27,
7076,92440,2025-10-29 07:02:00,Triathlon,29153.0,2025-10-29 09:07:24,Bonne préparation.
7077,92440,2025-10-30 08:38:00,Triathlon,10130.0,2025-10-30 09:42:05,Entraînement complet.
7078,92440,2025-11-02 12:18:00,Triathlon,8177.0,2025-11-02 13:15:32,Bonne préparation.
7079,92440,2025-11-03 08:43:00,Triathlon,20555.0,2025-11-03 09:46:50,Bonne préparation.
7080,92440,2025-11-08 12:15:00,Triathlon,37753.0,2025-11-08 14:25:11,
7081,92440,2025-11-10 17:35:00,Triathlon,34330.0,2025-11-10 19:41:22,Bonne préparation.
7082,92440,2025-11-14 07:35:00,Triathlon,39884.0,2025-11-14 09:49:09,Bonne préparation.
7083,92440,2025-11-15 09:18:00,Triathlon,34477.0,2025-11-15 11:24:47,Entraînement complet.
7084,92440,2025-11-17 19:51:00,Triathlon,13854.0,2025-11-17 20:32:56,Bonne préparation.
7085,92440,2025-11-18 08:19:00,Triathlon,38587.0,2025-11-18 10:19:39,
7086,92440,2025-11-19 09:11:00,Triathlon,31526.0,2025-11-19 11:17:27,Entraînement complet.
7087,92440,2025-11-22 09:09:00,Triathlon,32068.0,2025-11-22 11:38:01,
7088,92440,2025-11-24 19:43:00,Triathlon,15908.0,2025-11-24 20:30:17,Bonne préparation.
7089,92440,2025-11-26 19:27:00,Triathlon,31638.0,2025-11-26 22:07:25,Bonne préparation.
7090,92440,2025-11-27 19:41:00,Triathlon,26447.0,2025-11-27 21:18:24,Bonne préparation.
7091,92440,2025-11-28 18:35:00,Triathlon,36088.0,2025-11-28 20:58:25,Entraînement complet.
7092,92440,2025-12-01 12:33:00,Triathlon,34220.0,2025-12-01 14:23:16,Entraînement complet.
7093,92440,2025-12-02 09:24:00,Triathlon,19236.0,2025-12-02 10:12:39,Bonne préparation.
7094,92440,2025-12-04 17:45:00,Triathlon,26951.0,2025-12-04 19:59:53,Entraînement complet.
7095,92440,2025-12-06 09:51:00,Triathlon,33649.0,2025-12-06 12:10:41,Bonne préparation.
7096,92440,2025-12-08 07:09:00,Triathlon,29828.0,2025-12-08 08:35:34,Bonne préparation.
7097,92440,2025-12-09 19:00:00,Triathlon,29578.0,2025-12-09 21:24:22,Bonne préparation.
7098,92440,2025-12-11 12:24:00,Triathlon,32413.0,2025-12-11 14:08:06,Bonne préparation.
7099,92440,2025-12-14 08:53:00,Triathlon,14116.0,2025-12-14 09:42:10,
7100,92440,2025-12-18 08:42:00,Triathlon,13939.0,2025-12-18 09:50:13,Bonne préparation.
7101,92440,2025-12-19 12:08:00,Triathlon,17172.0,2025-12-19 12:53:53,
7102,92440,2025-12-22 07:24:00,Triathlon,9215.0,2025-12-22 08:13:06,Entraînement complet.
7103,92440,2025-12-23 12:58:00,Triathlon,24713.0,2025-12-23 14:14:47,Bonne préparation.
7104,92440,2025-12-24 09:31:00,Triathlon,37862.0,2025-12-24 12:41:41,Entraînement complet.
7105,92440,2025-12-27 19:21:00,Triathlon,26486.0,2025-12-27 20:52:37,Bonne préparation.
7106,92440,2025-12-30 19:51:00,Triathlon,35171.0,2025-12-30 22:02:34,Bonne préparation.
7107,92440,2025-12-31 18:00:00,Triathlon,8546.0,2025-12-31 18:23:07,Entraînement complet.
7108,92440,2026-01-02 07:54:00,Triathlon,13635.0,2026-01-02 08:30:06,Bonne préparation.
7109,92440,2026-01-03 18:30:00,Triathlon,32810.0,2026-01-03 21:11:39,Entraînement complet.
7110,92440,2026-01-04 12:02:00,Triathlon,29093.0,2026-01-04 14:01:45,Entraînement complet.
7111,92440,2026-01-05 12:22:00,Triathlon,17640.0,2026-01-05 13:09:50,Entraînement complet.
7112,92440,2026-01-06 08:02:00,Triathlon,9027.0,2026-01-06 08:44:45,
7113,92440,2026-01-07 18:32:00,Triathlon,33265.0,2026-01-07 20:44:16,Entraînement complet.
7114,92440,2026-01-09 18:06:00,Triathlon,29160.0,2026-01-09 20:57:35,
7115,92440,2026-01-11 17:33:00,Triathlon,27780.0,2026-01-11 19:01:59,Bonne préparation.
7116,92440,2026-01-15 07:51:00,Triathlon,27303.0,2026-01-15 09:43:39,Bonne préparation.
7117,92440,2026-01-16 07:15:00,Triathlon,19666.0,2026-01-16 08:45:19,Bonne préparation.
7118,92440,2026-01-17 09:03:00,Triathlon,10740.0,2026-01-17 09:38:46,
7119,92440,2026-01-19 17:55:00,Triathlon,36181.0,2026-01-19 19:31:59,Entraînement complet.
7120,92440,2026-01-22 18:13:00,Triathlon,17200.0,2026-01-22 19:00:38,Bonne préparation.
7121,92440,2026-01-24 17:44:00,Triathlon,8120.0,2026-01-24 18:07:48,
7122,92440,2026-01-25 07:25:00,Triathlon,7657.0,2026-01-25 07:45:13,Bonne préparation.
7123,92440,2026-01-26 19:32:00,Triathlon,10073.0,2026-01-26 20:02:33,Entraînement complet.
7124,92440,2026-01-29 07:02:00,Triathlon,28830.0,2026-01-29 09:48:03,Bonne préparation.
7125,92440,2026-02-03 12:57:00,Triathlon,24364.0,2026-02-03 14:21:34,Entraînement complet.
7126,92440,2026-02-05 09:39:00,Triathlon,6371.0,2026-02-05 10:07:39,
7127,92440,2026-02-06 12:01:00,Triathlon,16808.0,2026-02-06 13:15:02,Bonne préparation.
7128,92440,2026-02-08 09:57:00,Triathlon,38017.0,2026-02-08 11:44:52,
7129,92440,2026-02-09 09:55:00,Triathlon,5408.0,2026-02-09 10:12:59,Entraînement complet.
7130,92440,2026-02-10 18:57:00,Triathlon,29004.0,2026-02-10 21:51:27,
7131,92440,2026-02-14 12:04:00,Triathlon,5710.0,2026-02-14 12:23:33,
7132,92440,2026-02-15 17:29:00,Triathlon,23841.0,2026-02-15 19:15:32,
7133,92440,2026-02-18 19:29:00,Triathlon,12224.0,2026-02-18 20:27:35,Entraînement complet.
7134,92440,2026-02-19 08:53:00,Triathlon,15157.0,2026-02-19 10:37:32,
7135,92440,2026-02-23 09:15:00,Triathlon,10700.0,2026-02-23 10:14:02,Entraînement complet.
7136,92440,2026-02-25 12:22:00,Triathlon,31092.0,2026-02-25 13:47:59,
7137,92440,2026-02-26 08:12:00,Triathlon,31326.0,2026-02-26 11:32:19,Entraînement complet.
7138,92440,2026-03-01 19:09:00,Triathlon,21419.0,2026-03-01 20:33:13,Entraînement complet.
7139,92440,2026-03-03 09:09:00,Triathlon,32589.0,2026-03-03 11:16:43,
7140,92440,2026-03-04 07:43:00,Triathlon,20856.0,2026-03-04 09:09:24,Entraînement complet.
7141,92440,2026-03-05 18:03:00,Triathlon,14435.0,2026-03-05 18:59:42,Entraînement complet.
7142,92440,2026-03-08 18:54:00,Triathlon,33614.0,2026-03-08 20:54:04,
7143,92440,2026-03-10 12:37:00,Triathlon,5179.0,2026-03-10 13:00:42,
7144,92440,2026-03-14 19:04:00,Triathlon,16654.0,2026-03-14 20:51:05,Bonne préparation.
7145,92440,2026-03-18 19:44:00,Triathlon,18278.0,2026-03-18 20:36:19,
7146,92440,2026-03-20 09:51:00,Triathlon,17296.0,2026-03-20 10:51:22,
7147,92440,2026-03-21 19:44:00,Triathlon,20161.0,2026-03-21 22:10:19,Entraînement complet.
7148,92440,2026-03-24 07:55:00,Triathlon,32433.0,2026-03-24 10:21:23,
7149,92440,2026-03-26 12:37:00,Triathlon,24451.0,2026-03-26 14:50:12,
7150,92440,2026-03-27 18:33:00,Triathlon,19889.0,2026-03-27 20:53:11,Entraînement complet.
7151,92440,2026-03-28 08:25:00,Triathlon,22371.0,2026-03-28 09:56:58,Bonne préparation.
7152,92440,2026-03-29 17:01:00,Triathlon,14350.0,2026-03-29 17:45:05,Entraînement complet.
7153,92440,2026-03-31 07:54:00,Triathlon,9246.0,2026-03-31 08:36:08,Entraînement complet.
7154,92440,2026-04-03 17:32:00,Triathlon,7148.0,2026-04-03 17:52:57,
7155,92440,2026-04-04 07:38:00,Triathlon,19506.0,2026-04-04 09:23:57,Entraînement complet.
7156,92440,2026-04-06 08:48:00,Triathlon,20605.0,2026-04-06 11:20:33,Entraînement complet.
7157,92440,2026-04-08 18:49:00,Triathlon,29137.0,2026-04-08 20:20:04,
7158,92440,2026-04-10 12:44:00,Triathlon,8469.0,2026-04-10 13:47:09,Bonne préparation.
7159,92440,2026-04-11 09:07:00,Triathlon,31582.0,2026-04-11 10:40:11,Entraînement complet.
7160,92440,2026-04-12 18:41:00,Triathlon,14615.0,2026-04-12 20:12:58,Entraînement complet.
7161,92440,2026-04-15 07:53:00,Triathlon,22665.0,2026-04-15 09:23:20,
7162,92440,2026-04-18 19:11:00,Triathlon,27348.0,2026-04-18 20:36:12,Bonne préparation.
7163,92440,2026-04-20 19:13:00,Triathlon,35847.0,2026-04-20 22:59:52,Bonne préparation.
7164,92440,2026-04-23 19:54:00,Triathlon,29517.0,2026-04-23 21:59:41,
7165,92440,2026-04-24 12:24:00,Triathlon,34127.0,2026-04-24 14:50:16,Entraînement complet.
7166,92440,2026-04-26 19:44:00,Triathlon,9534.0,2026-04-26 20:08:08,Bonne préparation.
7167,92440,2026-04-27 09:46:00,Triathlon,28795.0,2026-04-27 11:03:33,Bonne préparation.
7168,92440,2026-04-29 07:49:00,Triathlon,29800.0,2026-04-29 09:29:59,Bonne préparation.
7169,92440,2026-04-30 08:15:00,Triathlon,9825.0,2026-04-30 08:52:17,
7170,92440,2026-05-02 12:18:00,Triathlon,37739.0,2026-05-02 16:46:04,Bonne préparation.
7171,92440,2026-05-03 09:45:00,Triathlon,24399.0,2026-05-03 10:49:04,Entraînement complet.
7172,92440,2026-05-04 19:09:00,Triathlon,26892.0,2026-05-04 20:43:10,Entraînement complet.
7173,92440,2026-05-05 12:01:00,Triathlon,37601.0,2026-05-05 13:45:15,Entraînement complet.
7174,92440,2026-05-08 19:23:00,Triathlon,5439.0,2026-05-08 19:41:57,Entraînement complet.
7175,92440,2026-05-09 08:55:00,Triathlon,5809.0,2026-05-09 09:17:29,Bonne préparation.
7176,92440,2026-05-11 07:37:00,Triathlon,15493.0,2026-05-11 08:40:48,
7177,92440,2026-05-13 19:40:00,Triathlon,30101.0,2026-05-13 21:07:40,
7178,92440,2026-05-15 07:35:00,Triathlon,33580.0,2026-05-15 09:39:22,
7179,92440,2026-05-16 18:07:00,Triathlon,6729.0,2026-05-16 18:23:56,
7180,92440,2026-05-17 17:17:00,Triathlon,5228.0,2026-05-17 17:31:55,
7181,92440,2026-05-21 18:29:00,Triathlon,8208.0,2026-05-21 19:25:04,
7182,92440,2026-05-22 08:31:00,Triathlon,31621.0,2026-05-22 10:12:38,Bonne préparation.
7183,92440,2026-05-23 07:22:00,Triathlon,39333.0,2026-05-23 09:55:21,Entraînement complet.
7184,92440,2026-05-24 18:37:00,Triathlon,35418.0,2026-05-24 22:06:27,Entraînement complet.
7185,92440,2026-05-26 17:08:00,Triathlon,11590.0,2026-05-26 18:19:49,Entraînement complet.
7186,92440,2026-05-29 12:41:00,Triathlon,31295.0,2026-05-29 15:06:37,
7187,92440,2026-05-30 12:28:00,Triathlon,18256.0,2026-05-30 13:28:17,Bonne préparation.
7188,92440,2026-05-31 17:52:00,Triathlon,15960.0,2026-05-31 19:24:11,Entraînement complet.
7189,92440,2026-06-03 19:52:00,Triathlon,12872.0,2026-06-03 20:24:49,Entraînement complet.
7190,92440,2026-06-04 12:15:00,Triathlon,35117.0,2026-06-04 13:56:32,Bonne préparation.
7191,92440,2026-06-05 17:50:00,Triathlon,16449.0,2026-06-05 19:02:25,
7192,92440,2026-06-07 18:17:00,Triathlon,39402.0,2026-06-07 20:58:18,Entraînement complet.
7193,92440,2026-06-09 08:23:00,Triathlon,12906.0,2026-06-09 09:09:03,Bonne préparation.
7194,92440,2026-06-10 07:31:00,Triathlon,37547.0,2026-06-10 10:35:45,Entraînement complet.
7195,92440,2026-06-11 09:31:00,Triathlon,34565.0,2026-06-11 11:28:04,Entraînement complet.
7196,92440,2026-06-14 17:15:00,Triathlon,29434.0,2026-06-14 19:19:29,Bonne préparation.
7197,92440,2026-06-16 17:30:00,Triathlon,13139.0,2026-06-16 18:42:44,
7198,92440,2026-06-18 19:02:00,Triathlon,10259.0,2026-06-18 19:36:36,
7199,92440,2026-06-19 18:24:00,Triathlon,21657.0,2026-06-19 19:51:43,Bonne préparation.
7200,92440,2026-06-20 07:09:00,Triathlon,30003.0,2026-06-20 08:34:54,
7201,92440,2026-06-21 09:15:00,Triathlon,7462.0,2026-06-21 09:54:15,
7202,92440,2026-06-22 08:48:00,Triathlon,36351.0,2026-06-22 10:56:59,
7203,92440,2026-06-24 09:41:00,Triathlon,30776.0,2026-06-24 11:33:01,Bonne préparation.
7204,92440,2026-06-25 19:47:00,Triathlon,36289.0,2026-06-25 22:22:43,
7205,92440,2026-06-27 09:53:00,Triathlon,26724.0,2026-06-27 12:20:49,Bonne préparation.
7206,92440,2026-06-28 18:17:00,Triathlon,37175.0,2026-06-28 21:22:00,Bonne préparation.
7207,92440,2026-06-29 07:07:00,Triathlon,17209.0,2026-06-29 08:07:58,Entraînement complet.
7208,92440,2026-07-02 17:54:00,Triathlon,17908.0,2026-07-02 19:18:58,Entraînement complet.
7209,92440,2026-07-06 08:51:00,Triathlon,13358.0,2026-07-06 10:09:35,
7210,92440,2026-07-08 07:28:00,Triathlon,35152.0,2026-07-08 09:38:26,Entraînement complet.
7211,92440,2026-07-09 07:50:00,Triathlon,21010.0,2026-07-09 09:03:48,Entraînement complet.
7212,92440,2026-07-12 09:30:00,Triathlon,37436.0,2026-07-12 11:24:37,Bonne préparation.
7213,92440,2026-07-13 07:29:00,Triathlon,24703.0,2026-07-13 09:40:37,
7214,92440,2026-07-14 18:19:00,Triathlon,18872.0,2026-07-14 19:47:16,Entraînement complet.
7215,92440,2026-07-15 08:22:00,Triathlon,21229.0,2026-07-15 09:41:23,Bonne préparation.
7216,92440,2026-07-17 07:04:00,Triathlon,26654.0,2026-07-17 08:44:28,
7217,92440,2026-07-19 08:03:00,Triathlon,22804.0,2026-07-19 09:27:12,Bonne préparation.
7218,92440,2026-07-20 19:12:00,Triathlon,29938.0,2026-07-20 20:54:51,Entraînement complet.
7219,86486,2025-07-21 17:16:00,Judo,,2025-07-21 18:13:00,Bonne séance.
7220,86486,2025-07-23 17:06:00,Judo,,2025-07-23 18:17:00,Très bonnes sensations.
7221,86486,2025-07-27 17:20:00,Judo,,2025-07-27 18:25:00,
7222,86486,2025-07-31 12:36:00,Judo,,2025-07-31 14:09:00,Entraînement terminé.
7223,86486,2025-08-09 17:41:00,Judo,,2025-08-09 18:43:00,Entraînement terminé.
7224,86486,2025-08-10 19:45:00,Judo,,2025-08-10 20:34:00,
7225,86486,2025-08-18 19:47:00,Judo,,2025-08-18 21:09:00,Très bonnes sensations.
7226,86486,2025-08-20 09:39:00,Judo,,2025-08-20 10:36:00,Entraînement terminé.
7227,86486,2025-08-28 08:07:00,Judo,,2025-08-28 08:52:00,
7228,86486,2025-08-30 19:33:00,Judo,,2025-08-30 21:09:00,
7229,86486,2025-09-04 12:39:00,Judo,,2025-09-04 14:03:00,
7230,86486,2025-09-05 08:09:00,Judo,,2025-09-05 09:42:00,Bonne séance.
7231,86486,2025-09-06 09:28:00,Judo,,2025-09-06 10:33:00,Bonne séance.
7232,86486,2025-09-07 07:05:00,Judo,,2025-09-07 08:10:00,Très bonnes sensations.
7233,86486,2025-09-09 07:54:00,Judo,,2025-09-09 08:51:00,Entraînement terminé.
7234,86486,2025-09-11 12:23:00,Judo,,2025-09-11 13:33:00,
7235,86486,2025-09-14 19:59:00,Judo,,2025-09-14 21:27:00,Bonne séance.
7236,86486,2025-09-16 12:11:00,Judo,,2025-09-16 13:15:00,Entraînement terminé.
7237,86486,2025-09-17 09:18:00,Judo,,2025-09-17 10:29:00,Bonne séance.
7238,86486,2025-09-22 07:53:00,Judo,,2025-09-22 08:52:00,Entraînement terminé.
7239,86486,2025-09-30 18:44:00,Judo,,2025-09-30 19:39:00,Bonne séance.
7240,86486,2025-10-01 18:15:00,Judo,,2025-10-01 19:36:00,Entraînement terminé.
7241,86486,2025-10-02 07:31:00,Judo,,2025-10-02 09:09:00,
7242,86486,2025-10-06 09:14:00,Judo,,2025-10-06 10:16:00,Très bonnes sensations.
7243,86486,2025-10-10 12:58:00,Judo,,2025-10-10 13:46:00,Entraînement terminé.
7244,86486,2025-10-15 07:46:00,Judo,,2025-10-15 09:13:00,
7245,86486,2025-10-17 12:03:00,Judo,,2025-10-17 13:38:00,Bonne séance.
7246,86486,2025-10-19 12:36:00,Judo,,2025-10-19 14:10:00,Entraînement terminé.
7247,86486,2025-10-23 07:25:00,Judo,,2025-10-23 08:22:00,Entraînement terminé.
7248,86486,2025-10-24 08:04:00,Judo,,2025-10-24 09:05:00,
7249,86486,2025-10-26 08:18:00,Judo,,2025-10-26 09:43:00,
7250,86486,2025-10-27 12:21:00,Judo,,2025-10-27 13:31:00,
7251,86486,2025-11-01 12:32:00,Judo,,2025-11-01 13:19:00,Entraînement terminé.
7252,86486,2025-11-04 19:05:00,Judo,,2025-11-04 20:23:00,Entraînement terminé.
7253,86486,2025-11-07 09:07:00,Judo,,2025-11-07 10:04:00,Bonne séance.
7254,86486,2025-11-10 09:46:00,Judo,,2025-11-10 11:22:00,
7255,86486,2025-11-12 08:33:00,Judo,,2025-11-12 09:39:00,
7256,86486,2025-11-14 09:57:00,Judo,,2025-11-14 11:09:00,Entraînement terminé.
7257,86486,2025-11-16 07:42:00,Judo,,2025-11-16 08:50:00,Très bonnes sensations.
7258,86486,2025-11-19 17:10:00,Judo,,2025-11-19 18:31:00,
7259,86486,2025-11-20 18:21:00,Judo,,2025-11-20 19:17:00,Entraînement terminé.
7260,86486,2025-11-23 19:37:00,Judo,,2025-11-23 21:17:00,
7261,86486,2025-11-24 18:43:00,Judo,,2025-11-24 19:34:00,Entraînement terminé.
7262,86486,2025-11-29 08:36:00,Judo,,2025-11-29 09:58:00,Entraînement terminé.
7263,86486,2025-11-30 09:00:00,Judo,,2025-11-30 10:33:00,
7264,86486,2025-12-02 08:52:00,Judo,,2025-12-02 10:09:00,Entraînement terminé.
7265,86486,2025-12-06 18:45:00,Judo,,2025-12-06 19:55:00,Bonne séance.
7266,86486,2025-12-07 12:20:00,Judo,,2025-12-07 13:14:00,
7267,86486,2025-12-08 07:53:00,Judo,,2025-12-08 08:48:00,
7268,86486,2025-12-09 07:28:00,Judo,,2025-12-09 08:32:00,
7269,86486,2025-12-14 17:57:00,Judo,,2025-12-14 19:14:00,Entraînement terminé.
7270,86486,2025-12-23 17:32:00,Judo,,2025-12-23 18:50:00,Très bonnes sensations.
7271,86486,2025-12-24 12:23:00,Judo,,2025-12-24 13:47:00,Entraînement terminé.
7272,86486,2025-12-25 17:04:00,Judo,,2025-12-25 18:33:00,Bonne séance.
7273,86486,2025-12-29 07:15:00,Judo,,2025-12-29 08:42:00,Très bonnes sensations.
7274,86486,2026-01-01 12:56:00,Judo,,2026-01-01 14:23:00,Entraînement terminé.
7275,86486,2026-01-04 09:44:00,Judo,,2026-01-04 11:09:00,
7276,86486,2026-01-06 09:12:00,Judo,,2026-01-06 10:47:00,Bonne séance.
7277,86486,2026-01-07 18:07:00,Judo,,2026-01-07 19:27:00,
7278,86486,2026-01-11 08:03:00,Judo,,2026-01-11 09:21:00,Entraînement terminé.
7279,86486,2026-01-19 07:22:00,Judo,,2026-01-19 08:32:00,Bonne séance.
7280,86486,2026-01-27 08:34:00,Judo,,2026-01-27 09:35:00,
7281,86486,2026-02-02 12:11:00,Judo,,2026-02-02 13:21:00,Très bonnes sensations.
7282,86486,2026-02-03 19:05:00,Judo,,2026-02-03 20:30:00,Bonne séance.
7283,86486,2026-02-07 19:10:00,Judo,,2026-02-07 19:55:00,Bonne séance.
7284,86486,2026-02-09 08:15:00,Judo,,2026-02-09 09:34:00,Très bonnes sensations.
7285,86486,2026-02-10 12:51:00,Judo,,2026-02-10 13:38:00,Très bonnes sensations.
7286,86486,2026-02-15 09:49:00,Judo,,2026-02-15 10:42:00,Bonne séance.
7287,86486,2026-02-18 18:40:00,Judo,,2026-02-18 20:07:00,Très bonnes sensations.
7288,86486,2026-02-25 12:19:00,Judo,,2026-02-25 13:07:00,Très bonnes sensations.
7289,86486,2026-02-27 12:55:00,Judo,,2026-02-27 13:48:00,
7290,86486,2026-02-28 07:28:00,Judo,,2026-02-28 08:54:00,Entraînement terminé.
7291,86486,2026-03-07 09:53:00,Judo,,2026-03-07 11:22:00,
7292,86486,2026-03-09 19:13:00,Judo,,2026-03-09 20:42:00,
7293,86486,2026-03-15 07:44:00,Judo,,2026-03-15 09:12:00,Très bonnes sensations.
7294,86486,2026-03-21 08:18:00,Judo,,2026-03-21 09:54:00,Très bonnes sensations.
7295,86486,2026-03-24 09:11:00,Judo,,2026-03-24 10:23:00,Entraînement terminé.
7296,86486,2026-03-29 18:51:00,Judo,,2026-03-29 20:18:00,Bonne séance.
7297,86486,2026-04-01 17:11:00,Judo,,2026-04-01 18:27:00,Très bonnes sensations.
7298,86486,2026-04-06 17:35:00,Judo,,2026-04-06 18:40:00,Bonne séance.
7299,86486,2026-04-10 08:35:00,Judo,,2026-04-10 10:02:00,
7300,86486,2026-04-11 19:35:00,Judo,,2026-04-11 20:30:00,Bonne séance.
7301,86486,2026-04-13 18:40:00,Judo,,2026-04-13 19:35:00,Très bonnes sensations.
7302,86486,2026-04-17 17:41:00,Judo,,2026-04-17 18:53:00,
7303,86486,2026-04-19 09:11:00,Judo,,2026-04-19 10:37:00,Bonne séance.
7304,86486,2026-04-24 09:57:00,Judo,,2026-04-24 11:11:00,Bonne séance.
7305,86486,2026-04-30 17:38:00,Judo,,2026-04-30 18:46:00,Bonne séance.
7306,86486,2026-05-09 07:46:00,Judo,,2026-05-09 08:58:00,Bonne séance.
7307,86486,2026-05-10 09:15:00,Judo,,2026-05-10 10:19:00,Très bonnes sensations.
7308,86486,2026-05-11 18:03:00,Judo,,2026-05-11 19:10:00,
7309,86486,2026-05-15 19:30:00,Judo,,2026-05-15 21:09:00,
7310,86486,2026-05-19 07:46:00,Judo,,2026-05-19 09:06:00,Entraînement terminé.
7311,86486,2026-05-20 17:18:00,Judo,,2026-05-20 18:45:00,Très bonnes sensations.
7312,86486,2026-05-30 09:29:00,Judo,,2026-05-30 10:38:00,Très bonnes sensations.
7313,86486,2026-05-31 08:34:00,Judo,,2026-05-31 09:19:00,Entraînement terminé.
7314,86486,2026-06-01 17:22:00,Judo,,2026-06-01 18:11:00,Entraînement terminé.
7315,86486,2026-06-03 17:17:00,Judo,,2026-06-03 18:49:00,Entraînement terminé.
7316,86486,2026-06-08 08:57:00,Judo,,2026-06-08 10:05:00,Entraînement terminé.
7317,86486,2026-06-12 09:06:00,Judo,,2026-06-12 10:03:00,Bonne séance.
7318,86486,2026-06-14 17:04:00,Judo,,2026-06-14 18:11:00,Entraînement terminé.
7319,86486,2026-06-16 07:37:00,Judo,,2026-06-16 08:48:00,Bonne séance.
7320,86486,2026-06-19 18:44:00,Judo,,2026-06-19 19:51:00,
7321,86486,2026-06-21 17:26:00,Judo,,2026-06-21 18:42:00,Entraînement terminé.
7322,86486,2026-06-26 09:06:00,Judo,,2026-06-26 10:34:00,Bonne séance.
7323,86486,2026-06-27 19:51:00,Judo,,2026-06-27 21:03:00,Bonne séance.
7324,86486,2026-06-30 18:38:00,Judo,,2026-06-30 19:23:00,Entraînement terminé.
7325,86486,2026-07-04 18:01:00,Judo,,2026-07-04 19:02:00,
7326,86486,2026-07-06 08:09:00,Judo,,2026-07-06 09:09:00,Entraînement terminé.
7327,86486,2026-07-08 08:26:00,Judo,,2026-07-08 10:06:00,Très bonnes sensations.
7328,86486,2026-07-12 18:12:00,Judo,,2026-07-12 19:49:00,Bonne séance.
7329,86486,2026-07-15 08:40:00,Judo,,2026-07-15 10:17:00,
7330,86486,2026-07-18 08:33:00,Judo,,2026-07-18 09:23:00,Très bonnes sensations.
7331,86486,2026-07-19 09:55:00,Judo,,2026-07-19 10:59:00,Très bonnes sensations.
7332,56263,2025-07-20 07:57:00,Boxe,,2025-07-20 08:37:00,Très bonnes sensations.
7333,56263,2025-07-21 18:20:00,Boxe,,2025-07-21 19:50:00,Très bonnes sensations.
7334,56263,2025-07-22 08:48:00,Boxe,,2025-07-22 10:12:00,Très bonnes sensations.
7335,56263,2025-07-27 07:19:00,Boxe,,2025-07-27 08:27:00,Bonne séance.
7336,56263,2025-08-03 07:34:00,Boxe,,2025-08-03 08:36:00,Très bonnes sensations.
7337,56263,2025-08-11 07:52:00,Boxe,,2025-08-11 08:49:00,Entraînement terminé.
7338,56263,2025-08-17 07:15:00,Boxe,,2025-08-17 08:37:00,
7339,56263,2025-08-19 17:51:00,Boxe,,2025-08-19 18:22:00,Bonne séance.
7340,56263,2025-08-22 18:26:00,Boxe,,2025-08-22 19:15:00,Entraînement terminé.
7341,56263,2025-08-24 07:08:00,Boxe,,2025-08-24 07:42:00,Bonne séance.
7342,56263,2025-08-29 09:04:00,Boxe,,2025-08-29 10:19:00,Entraînement terminé.
7343,56263,2025-08-30 07:34:00,Boxe,,2025-08-30 08:09:00,Très bonnes sensations.
7344,56263,2025-09-01 17:16:00,Boxe,,2025-09-01 18:13:00,
7345,56263,2025-09-11 12:34:00,Boxe,,2025-09-11 13:32:00,Bonne séance.
7346,56263,2025-09-12 08:48:00,Boxe,,2025-09-12 09:22:00,Entraînement terminé.
7347,56263,2025-09-17 19:58:00,Boxe,,2025-09-17 21:22:00,
7348,56263,2025-09-18 08:42:00,Boxe,,2025-09-18 09:20:00,
7349,56263,2025-09-20 09:12:00,Boxe,,2025-09-20 10:23:00,Entraînement terminé.
7350,56263,2025-09-22 18:13:00,Boxe,,2025-09-22 19:02:00,Entraînement terminé.
7351,56263,2025-09-23 08:06:00,Boxe,,2025-09-23 08:38:00,Très bonnes sensations.
7352,56263,2025-09-24 09:04:00,Boxe,,2025-09-24 10:29:00,
7353,56263,2025-09-30 19:25:00,Boxe,,2025-09-30 19:55:00,
7354,56263,2025-10-10 09:07:00,Boxe,,2025-10-10 09:49:00,
7355,56263,2025-10-14 09:21:00,Boxe,,2025-10-14 10:38:00,Très bonnes sensations.
7356,56263,2025-10-19 18:30:00,Boxe,,2025-10-19 19:48:00,Bonne séance.
7357,56263,2025-10-20 18:43:00,Boxe,,2025-10-20 19:21:00,Bonne séance.
7358,56263,2025-10-21 17:22:00,Boxe,,2025-10-21 18:19:00,Très bonnes sensations.
7359,56263,2025-10-31 07:31:00,Boxe,,2025-10-31 08:25:00,
7360,56263,2025-11-06 17:35:00,Boxe,,2025-11-06 18:36:00,Très bonnes sensations.
7361,56263,2025-11-07 12:27:00,Boxe,,2025-11-07 13:27:00,Très bonnes sensations.
7362,56263,2025-11-08 09:55:00,Boxe,,2025-11-08 10:29:00,Bonne séance.
7363,56263,2025-11-09 08:50:00,Boxe,,2025-11-09 09:33:00,
7364,56263,2025-11-12 17:36:00,Boxe,,2025-11-12 18:20:00,Très bonnes sensations.
7365,56263,2025-11-15 18:40:00,Boxe,,2025-11-15 20:01:00,Bonne séance.
7366,56263,2025-11-18 17:30:00,Boxe,,2025-11-18 18:14:00,
7367,56263,2025-11-23 17:16:00,Boxe,,2025-11-23 18:06:00,Entraînement terminé.
7368,56263,2025-11-25 18:32:00,Boxe,,2025-11-25 19:28:00,
7369,56263,2025-12-01 09:07:00,Boxe,,2025-12-01 10:11:00,
7370,56263,2025-12-03 12:37:00,Boxe,,2025-12-03 13:49:00,Très bonnes sensations.
7371,56263,2025-12-05 19:19:00,Boxe,,2025-12-05 20:35:00,
7372,56263,2025-12-12 18:50:00,Boxe,,2025-12-12 19:26:00,Entraînement terminé.
7373,56263,2025-12-16 17:21:00,Boxe,,2025-12-16 18:30:00,Bonne séance.
7374,56263,2025-12-20 17:06:00,Boxe,,2025-12-20 18:25:00,Entraînement terminé.
7375,56263,2025-12-26 12:46:00,Boxe,,2025-12-26 13:24:00,
7376,56263,2025-12-30 17:12:00,Boxe,,2025-12-30 18:31:00,Bonne séance.
7377,56263,2026-01-03 17:11:00,Boxe,,2026-01-03 18:09:00,
7378,56263,2026-01-06 07:26:00,Boxe,,2026-01-06 08:10:00,Entraînement terminé.
7379,56263,2026-01-08 19:26:00,Boxe,,2026-01-08 20:53:00,Très bonnes sensations.
7380,56263,2026-01-09 07:08:00,Boxe,,2026-01-09 07:41:00,Très bonnes sensations.
7381,56263,2026-01-11 12:35:00,Boxe,,2026-01-11 13:47:00,Entraînement terminé.
7382,56263,2026-01-12 08:03:00,Boxe,,2026-01-12 09:16:00,Entraînement terminé.
7383,56263,2026-01-13 09:43:00,Boxe,,2026-01-13 10:54:00,Entraînement terminé.
7384,56263,2026-01-19 09:18:00,Boxe,,2026-01-19 10:47:00,
7385,56263,2026-01-20 12:48:00,Boxe,,2026-01-20 14:18:00,Très bonnes sensations.
7386,56263,2026-01-24 12:29:00,Boxe,,2026-01-24 13:43:00,Bonne séance.
7387,56263,2026-01-26 19:06:00,Boxe,,2026-01-26 20:24:00,
7388,56263,2026-01-30 18:02:00,Boxe,,2026-01-30 19:01:00,Bonne séance.
7389,56263,2026-01-31 18:42:00,Boxe,,2026-01-31 19:12:00,Entraînement terminé.
7390,56263,2026-02-07 19:39:00,Boxe,,2026-02-07 20:28:00,Très bonnes sensations.
7391,56263,2026-02-08 19:11:00,Boxe,,2026-02-08 19:59:00,Très bonnes sensations.
7392,56263,2026-02-20 12:23:00,Boxe,,2026-02-20 13:35:00,Très bonnes sensations.
7393,56263,2026-02-22 07:56:00,Boxe,,2026-02-22 08:27:00,Entraînement terminé.
7394,56263,2026-02-24 17:27:00,Boxe,,2026-02-24 18:23:00,Très bonnes sensations.
7395,56263,2026-02-27 07:33:00,Boxe,,2026-02-27 08:29:00,Entraînement terminé.
7396,56263,2026-03-02 08:49:00,Boxe,,2026-03-02 09:37:00,Entraînement terminé.
7397,56263,2026-03-04 19:31:00,Boxe,,2026-03-04 20:04:00,Entraînement terminé.
7398,56263,2026-03-11 07:07:00,Boxe,,2026-03-11 08:28:00,
7399,56263,2026-03-12 07:32:00,Boxe,,2026-03-12 08:31:00,Très bonnes sensations.
7400,56263,2026-03-13 19:00:00,Boxe,,2026-03-13 19:44:00,Bonne séance.
7401,56263,2026-03-17 12:49:00,Boxe,,2026-03-17 13:22:00,Entraînement terminé.
7402,56263,2026-03-22 12:15:00,Boxe,,2026-03-22 12:53:00,Entraînement terminé.
7403,56263,2026-03-23 19:24:00,Boxe,,2026-03-23 20:36:00,Très bonnes sensations.
7404,56263,2026-03-24 19:33:00,Boxe,,2026-03-24 20:39:00,Très bonnes sensations.
7405,56263,2026-03-29 19:13:00,Boxe,,2026-03-29 20:23:00,
7406,56263,2026-03-31 09:51:00,Boxe,,2026-03-31 10:35:00,
7407,56263,2026-04-02 19:29:00,Boxe,,2026-04-02 20:27:00,Bonne séance.
7408,56263,2026-04-08 08:18:00,Boxe,,2026-04-08 09:17:00,
7409,56263,2026-04-09 09:54:00,Boxe,,2026-04-09 10:57:00,
7410,56263,2026-04-17 08:03:00,Boxe,,2026-04-17 08:38:00,Très bonnes sensations.
7411,56263,2026-04-20 08:05:00,Boxe,,2026-04-20 09:27:00,Entraînement terminé.
7412,56263,2026-04-25 09:44:00,Boxe,,2026-04-25 10:38:00,Entraînement terminé.
7413,56263,2026-04-30 19:07:00,Boxe,,2026-04-30 19:47:00,Très bonnes sensations.
7414,56263,2026-05-03 19:30:00,Boxe,,2026-05-03 20:03:00,
7415,56263,2026-05-07 08:17:00,Boxe,,2026-05-07 09:02:00,Très bonnes sensations.
7416,56263,2026-05-11 19:09:00,Boxe,,2026-05-11 20:01:00,Très bonnes sensations.
7417,56263,2026-05-15 19:43:00,Boxe,,2026-05-15 20:43:00,Entraînement terminé.
7418,56263,2026-05-23 19:50:00,Boxe,,2026-05-23 21:04:00,Entraînement terminé.
7419,56263,2026-05-27 08:20:00,Boxe,,2026-05-27 08:55:00,Bonne séance.
7420,56263,2026-05-31 07:52:00,Boxe,,2026-05-31 08:43:00,Entraînement terminé.
7421,56263,2026-06-12 07:07:00,Boxe,,2026-06-12 08:14:00,
7422,56263,2026-06-14 07:31:00,Boxe,,2026-06-14 08:07:00,Bonne séance.
7423,56263,2026-06-15 18:25:00,Boxe,,2026-06-15 19:36:00,Bonne séance.
7424,56263,2026-06-17 07:50:00,Boxe,,2026-06-17 08:22:00,Entraînement terminé.
7425,56263,2026-06-22 07:43:00,Boxe,,2026-06-22 08:32:00,Entraînement terminé.
7426,56263,2026-07-03 19:27:00,Boxe,,2026-07-03 20:47:00,Très bonnes sensations.
7427,56263,2026-07-06 19:12:00,Boxe,,2026-07-06 20:17:00,Entraînement terminé.
7428,56263,2026-07-07 18:08:00,Boxe,,2026-07-07 18:58:00,Très bonnes sensations.
7429,56263,2026-07-10 07:07:00,Boxe,,2026-07-10 08:30:00,Très bonnes sensations.
7430,56263,2026-07-17 09:42:00,Boxe,,2026-07-17 11:00:00,Entraînement terminé.
7431,56263,2026-07-19 19:44:00,Boxe,,2026-07-19 20:19:00,Entraînement terminé.
7432,56263,2026-07-20 19:52:00,Boxe,,2026-07-20 20:43:00,Entraînement terminé.
7433,59040,2025-07-24 08:25:00,Judo,,2025-07-24 09:43:00,Bonne séance.
7434,59040,2025-07-27 17:06:00,Judo,,2025-07-27 18:08:00,Entraînement terminé.
7435,59040,2025-09-11 09:37:00,Judo,,2025-09-11 10:36:00,Entraînement terminé.
7436,59040,2025-10-03 08:32:00,Judo,,2025-10-03 09:50:00,
7437,59040,2025-10-05 19:31:00,Judo,,2025-10-05 20:36:00,
7438,59040,2025-10-17 18:32:00,Judo,,2025-10-17 19:22:00,Très bonnes sensations.
7439,59040,2025-10-28 19:50:00,Judo,,2025-10-28 21:27:00,Entraînement terminé.
7440,59040,2025-11-10 09:45:00,Judo,,2025-11-10 11:14:00,Très bonnes sensations.
7441,59040,2025-11-19 12:16:00,Judo,,2025-11-19 13:19:00,Entraînement terminé.
7442,59040,2025-11-25 19:37:00,Judo,,2025-11-25 20:37:00,
7443,59040,2025-12-03 09:51:00,Judo,,2025-12-03 10:39:00,
7444,59040,2025-12-07 12:36:00,Judo,,2025-12-07 13:55:00,Bonne séance.
7445,59040,2025-12-16 17:27:00,Judo,,2025-12-16 18:20:00,Très bonnes sensations.
7446,59040,2025-12-27 09:51:00,Judo,,2025-12-27 10:49:00,Très bonnes sensations.
7447,59040,2026-01-01 08:50:00,Judo,,2026-01-01 10:27:00,Entraînement terminé.
7448,59040,2026-01-09 19:24:00,Judo,,2026-01-09 20:10:00,
7449,59040,2026-02-01 12:10:00,Judo,,2026-02-01 13:50:00,Entraînement terminé.
7450,59040,2026-02-14 09:46:00,Judo,,2026-02-14 10:43:00,Très bonnes sensations.
7451,59040,2026-03-01 17:53:00,Judo,,2026-03-01 19:17:00,Bonne séance.
7452,59040,2026-03-18 07:28:00,Judo,,2026-03-18 08:49:00,Bonne séance.
7453,59040,2026-03-23 09:42:00,Judo,,2026-03-23 11:17:00,
7454,59040,2026-03-31 08:07:00,Judo,,2026-03-31 09:35:00,Très bonnes sensations.
7455,59040,2026-04-26 18:52:00,Judo,,2026-04-26 19:51:00,Entraînement terminé.
7456,59040,2026-05-12 08:29:00,Judo,,2026-05-12 09:49:00,Entraînement terminé.
7457,59040,2026-05-31 19:54:00,Judo,,2026-05-31 21:10:00,Entraînement terminé.
7458,59040,2026-06-12 09:21:00,Judo,,2026-06-12 10:57:00,Entraînement terminé.
7459,59040,2026-06-19 17:22:00,Judo,,2026-06-19 19:00:00,Très bonnes sensations.
7460,59040,2026-07-10 08:46:00,Judo,,2026-07-10 09:37:00,Très bonnes sensations.
7461,59040,2026-07-17 18:55:00,Judo,,2026-07-17 20:22:00,Bonne séance.
7462,59040,2026-07-19 17:14:00,Judo,,2026-07-19 18:07:00,Bonne séance.
7463,29450,2025-07-20 12:55:00,Randonnée,8238.0,2025-07-20 14:46:38,
7464,29450,2025-07-21 12:26:00,Randonnée,12867.0,2025-07-21 14:56:27,Une randonnée à refaire.
7465,29450,2025-07-24 07:17:00,Randonnée,16761.0,2025-07-24 11:27:51,Une randonnée à refaire.
7466,29450,2025-07-25 07:05:00,Randonnée,9353.0,2025-07-25 09:05:30,Très beau parcours.
7467,29450,2025-07-27 08:45:00,Randonnée,8301.0,2025-07-27 10:33:23,Très beau parcours.
7468,29450,2025-07-29 07:30:00,Randonnée,13566.0,2025-07-29 10:11:35,Une randonnée à refaire.
7469,29450,2025-07-31 17:22:00,Randonnée,9560.0,2025-07-31 19:08:38,Très beau parcours.
7470,29450,2025-08-01 12:49:00,Randonnée,17762.0,2025-08-01 16:47:21,Une randonnée à refaire.
7471,29450,2025-08-02 08:13:00,Randonnée,24478.0,2025-08-02 14:57:32,Une randonnée à refaire.
7472,29450,2025-08-04 08:46:00,Randonnée,8364.0,2025-08-04 10:23:31,Très beau parcours.
7473,29450,2025-08-06 17:26:00,Randonnée,22955.0,2025-08-06 23:52:44,Une randonnée à refaire.
7474,29450,2025-08-09 07:02:00,Randonnée,4390.0,2025-08-09 08:19:09,
7475,29450,2025-08-10 08:57:00,Randonnée,24579.0,2025-08-10 13:59:12,Nouveau sentier découvert.
7476,29450,2025-08-11 17:42:00,Randonnée,16538.0,2025-08-11 20:29:48,Une randonnée à refaire.
7477,29450,2025-08-12 08:55:00,Randonnée,20276.0,2025-08-12 15:14:36,Une randonnée à refaire.
7478,29450,2025-08-13 12:15:00,Randonnée,7650.0,2025-08-13 13:32:41,Une randonnée à refaire.
7479,29450,2025-08-17 17:12:00,Randonnée,6146.0,2025-08-17 18:30:59,Très beau parcours.
7480,29450,2025-08-21 07:42:00,Randonnée,22623.0,2025-08-21 11:29:35,
7481,29450,2025-08-22 12:39:00,Randonnée,10867.0,2025-08-22 14:37:02,Nouveau sentier découvert.
7482,29450,2025-08-24 17:30:00,Randonnée,10316.0,2025-08-24 19:19:13,Une randonnée à refaire.
7483,29450,2025-08-25 07:47:00,Randonnée,14202.0,2025-08-25 10:54:13,
7484,29450,2025-08-29 19:10:00,Randonnée,18872.0,2025-08-29 22:56:02,Une randonnée à refaire.
7485,29450,2025-08-30 17:40:00,Randonnée,4878.0,2025-08-30 18:43:57,Nouveau sentier découvert.
7486,29450,2025-08-31 08:11:00,Randonnée,4901.0,2025-08-31 09:13:48,Nouveau sentier découvert.
7487,29450,2025-09-01 07:55:00,Randonnée,9132.0,2025-09-01 09:28:58,
7488,29450,2025-09-04 17:37:00,Randonnée,13151.0,2025-09-04 20:52:14,Très beau parcours.
7489,29450,2025-09-05 17:41:00,Randonnée,14595.0,2025-09-05 20:46:54,
7490,29450,2025-09-06 08:15:00,Randonnée,10871.0,2025-09-06 11:37:11,Une randonnée à refaire.
7491,29450,2025-09-08 07:29:00,Randonnée,15821.0,2025-09-08 11:07:54,
7492,29450,2025-09-10 08:10:00,Randonnée,10442.0,2025-09-10 11:36:00,
7493,29450,2025-09-11 19:27:00,Randonnée,4099.0,2025-09-11 20:10:28,Une randonnée à refaire.
7494,29450,2025-09-12 07:29:00,Randonnée,15017.0,2025-09-12 12:25:50,Une randonnée à refaire.
7495,29450,2025-09-13 07:14:00,Randonnée,4787.0,2025-09-13 08:45:26,Nouveau sentier découvert.
7496,29450,2025-09-16 09:21:00,Randonnée,21734.0,2025-09-16 14:45:51,
7497,29450,2025-09-17 17:21:00,Randonnée,22842.0,2025-09-17 21:41:36,Une randonnée à refaire.
7498,29450,2025-09-18 09:02:00,Randonnée,13721.0,2025-09-18 11:51:32,Nouveau sentier découvert.
7499,29450,2025-09-19 08:57:00,Randonnée,12129.0,2025-09-19 11:51:25,Une randonnée à refaire.
7500,29450,2025-09-22 12:21:00,Randonnée,7420.0,2025-09-22 13:57:21,
7501,29450,2025-09-23 09:49:00,Randonnée,8401.0,2025-09-23 12:30:39,Très beau parcours.
7502,29450,2025-09-24 18:35:00,Randonnée,12860.0,2025-09-24 21:00:41,Une randonnée à refaire.
7503,29450,2025-09-26 07:43:00,Randonnée,12495.0,2025-09-26 09:54:04,Très beau parcours.
7504,29450,2025-09-27 07:31:00,Randonnée,16650.0,2025-09-27 11:55:07,Très beau parcours.
7505,29450,2025-09-29 07:27:00,Randonnée,16375.0,2025-09-29 11:13:00,
7506,29450,2025-09-30 12:35:00,Randonnée,22341.0,2025-09-30 17:02:14,Nouveau sentier découvert.
7507,29450,2025-10-02 17:32:00,Randonnée,15793.0,2025-10-02 20:58:03,Nouveau sentier découvert.
7508,29450,2025-10-04 09:39:00,Randonnée,6469.0,2025-10-04 10:45:05,
7509,29450,2025-10-08 12:41:00,Randonnée,8955.0,2025-10-08 14:11:32,Une randonnée à refaire.
7510,29450,2025-10-10 07:32:00,Randonnée,18666.0,2025-10-10 11:21:46,Nouveau sentier découvert.
7511,29450,2025-10-11 17:39:00,Randonnée,14388.0,2025-10-11 21:35:31,Nouveau sentier découvert.
7512,29450,2025-10-12 17:13:00,Randonnée,7588.0,2025-10-12 18:59:02,Une randonnée à refaire.
7513,29450,2025-10-13 09:43:00,Randonnée,23583.0,2025-10-13 14:52:59,Très beau parcours.
7514,29450,2025-10-14 09:15:00,Randonnée,18370.0,2025-10-14 13:12:33,Une randonnée à refaire.
7515,29450,2025-10-19 18:37:00,Randonnée,10583.0,2025-10-19 21:09:23,
7516,29450,2025-10-21 19:32:00,Randonnée,18649.0,2025-10-22 00:03:36,Très beau parcours.
7517,29450,2025-10-22 12:57:00,Randonnée,23316.0,2025-10-22 19:46:13,
7518,29450,2025-10-25 19:49:00,Randonnée,11227.0,2025-10-25 22:03:36,Très beau parcours.
7519,29450,2025-10-26 08:23:00,Randonnée,16759.0,2025-10-26 11:20:15,Très beau parcours.
7520,29450,2025-10-27 07:09:00,Randonnée,12164.0,2025-10-27 11:11:06,Une randonnée à refaire.
7521,29450,2025-10-28 12:42:00,Randonnée,20578.0,2025-10-28 16:22:58,Une randonnée à refaire.
7522,29450,2025-10-29 19:37:00,Randonnée,7772.0,2025-10-29 21:30:40,Très beau parcours.
7523,29450,2025-11-03 07:00:00,Randonnée,23016.0,2025-11-03 11:58:59,
7524,29450,2025-11-04 19:21:00,Randonnée,20092.0,2025-11-04 23:02:52,Très beau parcours.
7525,29450,2025-11-05 12:41:00,Randonnée,23849.0,2025-11-05 20:16:56,Très beau parcours.
7526,29450,2025-11-07 07:12:00,Randonnée,12803.0,2025-11-07 11:10:36,Très beau parcours.
7527,29450,2025-11-08 19:40:00,Randonnée,17292.0,2025-11-08 23:58:24,Très beau parcours.
7528,29450,2025-11-11 12:46:00,Randonnée,21567.0,2025-11-11 18:26:27,Nouveau sentier découvert.
7529,29450,2025-11-13 19:46:00,Randonnée,18456.0,2025-11-13 23:09:13,
7530,29450,2025-11-15 18:31:00,Randonnée,5425.0,2025-11-15 19:47:05,
7531,29450,2025-11-16 19:15:00,Randonnée,12110.0,2025-11-16 21:24:23,
7532,29450,2025-11-18 07:50:00,Randonnée,13102.0,2025-11-18 10:21:11,
7533,29450,2025-11-19 18:55:00,Randonnée,19997.0,2025-11-19 22:15:47,Une randonnée à refaire.
7534,29450,2025-11-22 08:24:00,Randonnée,22344.0,2025-11-22 13:34:50,Nouveau sentier découvert.
7535,29450,2025-11-26 12:11:00,Randonnée,6599.0,2025-11-26 13:20:13,Nouveau sentier découvert.
7536,29450,2025-11-27 18:31:00,Randonnée,13864.0,2025-11-27 21:02:19,Une randonnée à refaire.
7537,29450,2025-11-28 09:23:00,Randonnée,20436.0,2025-11-28 14:07:24,
7538,29450,2025-12-01 07:17:00,Randonnée,9581.0,2025-12-01 09:25:41,Une randonnée à refaire.
7539,29450,2025-12-02 08:40:00,Randonnée,6081.0,2025-12-02 10:17:15,Nouveau sentier découvert.
7540,29450,2025-12-03 08:26:00,Randonnée,10790.0,2025-12-03 10:32:17,Très beau parcours.
7541,29450,2025-12-04 07:40:00,Randonnée,9276.0,2025-12-04 10:23:16,Très beau parcours.
7542,29450,2025-12-06 17:55:00,Randonnée,23176.0,2025-12-06 22:07:40,Très beau parcours.
7543,29450,2025-12-07 07:29:00,Randonnée,8027.0,2025-12-07 09:41:30,Très beau parcours.
7544,29450,2025-12-09 18:44:00,Randonnée,4220.0,2025-12-09 19:49:27,Une randonnée à refaire.
7545,29450,2025-12-11 17:16:00,Randonnée,15505.0,2025-12-11 20:54:24,Nouveau sentier découvert.
7546,29450,2025-12-16 07:46:00,Randonnée,19225.0,2025-12-16 11:39:03,Nouveau sentier découvert.
7547,29450,2025-12-19 12:00:00,Randonnée,13722.0,2025-12-19 15:28:36,Très beau parcours.
7548,29450,2025-12-20 17:05:00,Randonnée,7235.0,2025-12-20 18:48:13,Une randonnée à refaire.
7549,29450,2025-12-24 19:52:00,Randonnée,18749.0,2025-12-24 23:26:03,Nouveau sentier découvert.
7550,29450,2025-12-25 09:52:00,Randonnée,19526.0,2025-12-25 13:39:06,Nouveau sentier découvert.
7551,29450,2025-12-26 12:55:00,Randonnée,12247.0,2025-12-26 15:40:26,Nouveau sentier découvert.
7552,29450,2025-12-27 07:35:00,Randonnée,15560.0,2025-12-27 12:11:27,Une randonnée à refaire.
7553,29450,2025-12-29 09:59:00,Randonnée,10063.0,2025-12-29 13:06:59,Une randonnée à refaire.
7554,29450,2025-12-30 07:18:00,Randonnée,22783.0,2025-12-30 11:58:43,Nouveau sentier découvert.
7555,29450,2025-12-31 17:08:00,Randonnée,23440.0,2025-12-31 22:08:50,Nouveau sentier découvert.
7556,29450,2026-01-01 08:29:00,Randonnée,15815.0,2026-01-01 12:32:29,Une randonnée à refaire.
7557,29450,2026-01-03 08:10:00,Randonnée,4162.0,2026-01-03 09:08:10,Une randonnée à refaire.
7558,29450,2026-01-04 19:34:00,Randonnée,19316.0,2026-01-04 23:10:35,Très beau parcours.
7559,29450,2026-01-05 18:33:00,Randonnée,18149.0,2026-01-05 21:56:20,Une randonnée à refaire.
7560,29450,2026-01-06 07:03:00,Randonnée,16448.0,2026-01-06 10:05:43,Très beau parcours.
7561,29450,2026-01-07 09:26:00,Randonnée,18148.0,2026-01-07 14:27:55,
7562,29450,2026-01-08 08:10:00,Randonnée,6874.0,2026-01-08 09:59:23,
7563,29450,2026-01-11 17:52:00,Randonnée,11833.0,2026-01-11 21:02:35,
7564,29450,2026-01-12 07:06:00,Randonnée,7671.0,2026-01-12 08:31:11,Une randonnée à refaire.
7565,29450,2026-01-15 18:01:00,Randonnée,17123.0,2026-01-15 22:13:59,Une randonnée à refaire.
7566,29450,2026-01-20 08:44:00,Randonnée,13487.0,2026-01-20 12:03:00,Nouveau sentier découvert.
7567,29450,2026-01-21 07:21:00,Randonnée,6451.0,2026-01-21 09:02:04,Nouveau sentier découvert.
7568,29450,2026-01-22 17:29:00,Randonnée,12288.0,2026-01-22 20:31:32,Très beau parcours.
7569,29450,2026-01-24 09:04:00,Randonnée,18846.0,2026-01-24 12:16:32,Très beau parcours.
7570,29450,2026-01-25 09:25:00,Randonnée,17900.0,2026-01-25 12:32:03,Nouveau sentier découvert.
7571,29450,2026-01-26 08:42:00,Randonnée,10662.0,2026-01-26 10:39:57,Une randonnée à refaire.
7572,29450,2026-01-28 18:56:00,Randonnée,21602.0,2026-01-28 23:56:35,Une randonnée à refaire.
7573,29450,2026-01-29 07:29:00,Randonnée,21494.0,2026-01-29 11:12:30,Une randonnée à refaire.
7574,29450,2026-01-30 18:24:00,Randonnée,5504.0,2026-01-30 19:29:02,
7575,29450,2026-02-02 09:40:00,Randonnée,19418.0,2026-02-02 14:13:19,Très beau parcours.
7576,29450,2026-02-03 17:12:00,Randonnée,16888.0,2026-02-03 20:19:28,Une randonnée à refaire.
7577,29450,2026-02-04 08:27:00,Randonnée,21210.0,2026-02-04 12:15:04,
7578,29450,2026-02-05 12:37:00,Randonnée,18993.0,2026-02-05 17:55:53,Nouveau sentier découvert.
7579,29450,2026-02-07 17:46:00,Randonnée,23864.0,2026-02-07 21:59:00,
7580,29450,2026-02-08 18:59:00,Randonnée,20202.0,2026-02-08 22:41:50,
7581,29450,2026-02-09 18:50:00,Randonnée,24321.0,2026-02-10 01:00:31,Très beau parcours.
7582,29450,2026-02-14 19:00:00,Randonnée,10156.0,2026-02-14 21:11:54,Nouveau sentier découvert.
7583,29450,2026-02-15 19:55:00,Randonnée,15971.0,2026-02-15 23:10:08,
7584,29450,2026-02-16 18:17:00,Randonnée,15529.0,2026-02-16 21:16:25,Nouveau sentier découvert.
7585,29450,2026-02-21 08:52:00,Randonnée,13985.0,2026-02-21 11:26:04,Une randonnée à refaire.
7586,29450,2026-02-22 07:25:00,Randonnée,15029.0,2026-02-22 10:55:56,Très beau parcours.
7587,29450,2026-02-23 18:50:00,Randonnée,11727.0,2026-02-23 21:16:26,Une randonnée à refaire.
7588,29450,2026-02-27 07:33:00,Randonnée,9100.0,2026-02-27 09:54:19,Très beau parcours.
7589,29450,2026-02-28 12:08:00,Randonnée,14585.0,2026-02-28 16:03:08,
7590,29450,2026-03-01 09:20:00,Randonnée,23506.0,2026-03-01 13:47:37,Une randonnée à refaire.
7591,29450,2026-03-02 07:43:00,Randonnée,12967.0,2026-03-02 09:59:56,
7592,29450,2026-03-04 08:56:00,Randonnée,13276.0,2026-03-04 11:49:38,Très beau parcours.
7593,29450,2026-03-07 19:22:00,Randonnée,5614.0,2026-03-07 20:37:28,Une randonnée à refaire.
7594,29450,2026-03-12 08:47:00,Randonnée,12085.0,2026-03-12 10:51:29,
7595,29450,2026-03-13 19:37:00,Randonnée,24960.0,2026-03-13 23:54:17,Nouveau sentier découvert.
7596,29450,2026-03-14 07:08:00,Randonnée,12683.0,2026-03-14 10:27:46,Une randonnée à refaire.
7597,29450,2026-03-15 07:29:00,Randonnée,19866.0,2026-03-15 13:31:27,Très beau parcours.
7598,29450,2026-03-19 08:43:00,Randonnée,14765.0,2026-03-19 11:36:26,Très beau parcours.
7599,29450,2026-03-21 08:48:00,Randonnée,20022.0,2026-03-21 13:19:32,Très beau parcours.
7600,29450,2026-03-24 12:25:00,Randonnée,6125.0,2026-03-24 13:50:13,Nouveau sentier découvert.
7601,29450,2026-03-25 09:30:00,Randonnée,11380.0,2026-03-25 12:20:10,Une randonnée à refaire.
7602,29450,2026-03-26 17:59:00,Randonnée,7497.0,2026-03-26 19:55:24,
7603,29450,2026-03-27 08:58:00,Randonnée,16767.0,2026-03-27 12:56:27,
7604,29450,2026-03-30 19:49:00,Randonnée,22910.0,2026-03-31 00:11:35,Très beau parcours.
7605,29450,2026-04-02 17:17:00,Randonnée,9873.0,2026-04-02 19:32:00,
7606,29450,2026-04-03 19:08:00,Randonnée,6260.0,2026-04-03 20:41:02,
7607,29450,2026-04-04 08:56:00,Randonnée,12345.0,2026-04-04 11:10:53,Très beau parcours.
7608,29450,2026-04-05 12:39:00,Randonnée,21681.0,2026-04-05 16:18:50,Une randonnée à refaire.
7609,29450,2026-04-06 17:11:00,Randonnée,13437.0,2026-04-06 19:39:17,Nouveau sentier découvert.
7610,29450,2026-04-08 08:13:00,Randonnée,22512.0,2026-04-08 15:13:50,Très beau parcours.
7611,29450,2026-04-09 17:55:00,Randonnée,23781.0,2026-04-09 22:10:05,Très beau parcours.
7612,29450,2026-04-10 12:58:00,Randonnée,7667.0,2026-04-10 14:28:48,
7613,29450,2026-04-14 08:36:00,Randonnée,15882.0,2026-04-14 12:37:32,
7614,29450,2026-04-15 09:51:00,Randonnée,9923.0,2026-04-15 12:54:02,
7615,29450,2026-04-16 12:43:00,Randonnée,10126.0,2026-04-16 14:25:08,
7616,29450,2026-04-19 07:45:00,Randonnée,13047.0,2026-04-19 10:07:16,Très beau parcours.
7617,29450,2026-04-21 12:16:00,Randonnée,11064.0,2026-04-21 14:54:56,Une randonnée à refaire.
7618,29450,2026-04-22 09:13:00,Randonnée,9254.0,2026-04-22 10:58:50,Nouveau sentier découvert.
7619,29450,2026-04-24 17:05:00,Randonnée,12286.0,2026-04-24 20:39:10,
7620,29450,2026-04-25 18:03:00,Randonnée,19184.0,2026-04-25 21:58:30,Très beau parcours.
7621,29450,2026-04-27 09:10:00,Randonnée,19132.0,2026-04-27 13:23:38,Nouveau sentier découvert.
7622,29450,2026-04-29 17:20:00,Randonnée,19807.0,2026-04-29 23:18:02,Très beau parcours.
7623,29450,2026-04-30 08:34:00,Randonnée,16194.0,2026-04-30 12:59:54,
7624,29450,2026-05-01 07:37:00,Randonnée,5421.0,2026-05-01 08:34:05,Nouveau sentier découvert.
7625,29450,2026-05-04 17:46:00,Randonnée,17897.0,2026-05-04 21:23:32,Nouveau sentier découvert.
7626,29450,2026-05-05 12:56:00,Randonnée,14836.0,2026-05-05 16:47:09,Une randonnée à refaire.
7627,29450,2026-05-08 17:26:00,Randonnée,7951.0,2026-05-08 19:13:29,Une randonnée à refaire.
7628,29450,2026-05-10 09:51:00,Randonnée,17800.0,2026-05-10 13:28:23,Très beau parcours.
7629,29450,2026-05-11 08:45:00,Randonnée,13405.0,2026-05-11 11:12:18,Une randonnée à refaire.
7630,29450,2026-05-12 18:50:00,Randonnée,17536.0,2026-05-12 21:59:00,Une randonnée à refaire.
7631,29450,2026-05-15 19:49:00,Randonnée,6131.0,2026-05-15 21:20:54,Nouveau sentier découvert.
7632,29450,2026-05-17 12:13:00,Randonnée,14275.0,2026-05-17 14:37:43,
7633,29450,2026-05-18 19:32:00,Randonnée,16007.0,2026-05-19 00:20:53,Nouveau sentier découvert.
7634,29450,2026-05-19 12:36:00,Randonnée,16668.0,2026-05-19 16:41:18,Une randonnée à refaire.
7635,29450,2026-05-20 17:26:00,Randonnée,14721.0,2026-05-20 20:10:34,
7636,29450,2026-05-23 07:50:00,Randonnée,24990.0,2026-05-23 12:10:06,Très beau parcours.
7637,29450,2026-05-24 17:53:00,Randonnée,16948.0,2026-05-24 21:08:10,Une randonnée à refaire.
7638,29450,2026-05-25 18:08:00,Randonnée,6892.0,2026-05-25 20:24:39,Très beau parcours.
7639,29450,2026-05-26 08:56:00,Randonnée,8190.0,2026-05-26 10:59:31,Une randonnée à refaire.
7640,29450,2026-05-27 09:22:00,Randonnée,19727.0,2026-05-27 12:47:43,Une randonnée à refaire.
7641,29450,2026-05-30 19:46:00,Randonnée,10486.0,2026-05-30 22:10:19,Très beau parcours.
7642,29450,2026-06-03 07:17:00,Randonnée,6296.0,2026-06-03 08:55:01,Nouveau sentier découvert.
7643,29450,2026-06-05 09:13:00,Randonnée,5881.0,2026-06-05 10:52:16,Nouveau sentier découvert.
7644,29450,2026-06-06 07:34:00,Randonnée,6538.0,2026-06-06 09:21:07,Nouveau sentier découvert.
7645,29450,2026-06-08 08:07:00,Randonnée,4528.0,2026-06-08 09:02:54,Très beau parcours.
7646,29450,2026-06-11 09:40:00,Randonnée,8869.0,2026-06-11 11:55:16,Très beau parcours.
7647,29450,2026-06-12 17:09:00,Randonnée,9445.0,2026-06-12 19:06:31,Une randonnée à refaire.
7648,29450,2026-06-14 17:25:00,Randonnée,8360.0,2026-06-14 19:12:23,
7649,29450,2026-06-16 12:51:00,Randonnée,18172.0,2026-06-16 16:27:44,Une randonnée à refaire.
7650,29450,2026-06-19 08:38:00,Randonnée,5783.0,2026-06-19 09:38:12,Nouveau sentier découvert.
7651,29450,2026-06-22 12:43:00,Randonnée,24437.0,2026-06-22 20:40:16,Nouveau sentier découvert.
7652,29450,2026-06-23 17:09:00,Randonnée,14181.0,2026-06-23 20:46:36,Nouveau sentier découvert.
7653,29450,2026-06-24 12:24:00,Randonnée,23908.0,2026-06-24 18:29:24,Très beau parcours.
7654,29450,2026-06-26 12:59:00,Randonnée,4159.0,2026-06-26 13:48:31,Une randonnée à refaire.
7655,29450,2026-06-27 08:33:00,Randonnée,17384.0,2026-06-27 12:23:56,Une randonnée à refaire.
7656,29450,2026-06-28 08:21:00,Randonnée,24749.0,2026-06-28 14:07:50,Nouveau sentier découvert.
7657,29450,2026-06-30 19:11:00,Randonnée,16353.0,2026-06-30 23:07:57,Très beau parcours.
7658,29450,2026-07-01 08:51:00,Randonnée,8677.0,2026-07-01 11:01:44,Très beau parcours.
7659,29450,2026-07-02 12:15:00,Randonnée,24709.0,2026-07-02 16:29:01,Nouveau sentier découvert.
7660,29450,2026-07-03 17:52:00,Randonnée,23848.0,2026-07-03 22:30:40,Nouveau sentier découvert.
7661,29450,2026-07-07 12:11:00,Randonnée,10305.0,2026-07-07 14:06:43,Très beau parcours.
7662,29450,2026-07-10 09:40:00,Randonnée,12238.0,2026-07-10 11:50:31,Nouveau sentier découvert.
7663,29450,2026-07-11 12:25:00,Randonnée,7452.0,2026-07-11 14:47:29,
7664,29450,2026-07-12 17:03:00,Randonnée,16400.0,2026-07-12 19:58:24,Nouveau sentier découvert.
7665,29450,2026-07-15 08:32:00,Randonnée,21986.0,2026-07-15 13:49:14,Nouveau sentier découvert.
7666,29450,2026-07-16 17:10:00,Randonnée,12907.0,2026-07-16 19:20:55,Une randonnée à refaire.
7667,29450,2026-07-17 07:48:00,Randonnée,12054.0,2026-07-17 10:11:29,Une randonnée à refaire.
7668,29450,2026-07-19 12:51:00,Randonnée,6840.0,2026-07-19 14:42:16,Une randonnée à refaire.
7669,29450,2026-07-20 09:03:00,Randonnée,22397.0,2026-07-20 12:49:48,Très beau parcours.
7670,53944,2025-07-26 07:34:00,Natation,1514.0,2025-07-26 08:01:02,
7671,53944,2025-07-31 08:17:00,Natation,2420.0,2025-07-31 09:04:34,
7672,53944,2025-08-01 19:08:00,Natation,3143.0,2025-08-01 19:54:12,
7673,53944,2025-08-06 19:15:00,Natation,3087.0,2025-08-06 19:56:52,Travail d'endurance.
7674,53944,2025-08-07 19:00:00,Natation,872.0,2025-08-07 19:13:17,
7675,53944,2025-08-16 07:04:00,Natation,2079.0,2025-08-16 07:53:09,Travail d'endurance.
7676,53944,2025-08-17 07:40:00,Natation,1127.0,2025-08-17 08:06:00,
7677,53944,2025-08-18 09:09:00,Natation,1385.0,2025-08-18 09:47:04,
7678,53944,2025-08-30 19:25:00,Natation,3109.0,2025-08-30 20:12:50,
7679,53944,2025-08-31 17:35:00,Natation,1226.0,2025-08-31 18:08:27,Bonne séance.
7680,53944,2025-09-02 07:11:00,Natation,1501.0,2025-09-02 07:50:04,Travail d'endurance.
7681,53944,2025-09-06 12:30:00,Natation,1267.0,2025-09-06 13:06:25,
7682,53944,2025-09-11 09:38:00,Natation,574.0,2025-09-11 09:46:07,
7683,53944,2025-09-19 19:29:00,Natation,2490.0,2025-09-19 20:10:38,Bonne séance.
7684,53944,2025-09-21 07:44:00,Natation,523.0,2025-09-21 07:52:25,Travail d'endurance.
7685,53944,2025-09-26 17:40:00,Natation,3579.0,2025-09-26 18:35:28,Bonne séance.
7686,53944,2025-09-27 12:55:00,Natation,1903.0,2025-09-27 13:22:48,
7687,53944,2025-09-30 19:19:00,Natation,2669.0,2025-09-30 20:20:41,
7688,53944,2025-10-05 09:58:00,Natation,797.0,2025-10-05 10:15:12,Travail d'endurance.
7689,53944,2025-10-08 12:19:00,Natation,2283.0,2025-10-08 12:57:37,
7690,53944,2025-10-11 12:40:00,Natation,739.0,2025-10-11 12:50:27,Travail d'endurance.
7691,53944,2025-10-12 12:09:00,Natation,2683.0,2025-10-12 12:45:26,
7692,53944,2025-10-13 19:16:00,Natation,718.0,2025-10-13 19:36:21,
7693,53944,2025-10-15 18:46:00,Natation,3444.0,2025-10-15 19:48:38,Travail d'endurance.
7694,53944,2025-10-20 18:07:00,Natation,1232.0,2025-10-20 18:25:03,
7695,53944,2025-10-21 07:24:00,Natation,3228.0,2025-10-21 08:16:18,
7696,53944,2025-10-23 09:55:00,Natation,2958.0,2025-10-23 10:37:30,
7697,53944,2025-10-28 18:04:00,Natation,2737.0,2025-10-28 19:07:34,Travail d'endurance.
7698,53944,2025-11-03 18:28:00,Natation,2074.0,2025-11-03 19:19:50,
7699,53944,2025-11-04 18:55:00,Natation,675.0,2025-11-04 19:04:37,
7700,53944,2025-11-08 08:07:00,Natation,904.0,2025-11-08 08:24:33,Travail d'endurance.
7701,53944,2025-11-11 08:33:00,Natation,3551.0,2025-11-11 09:56:57,Bonne séance.
7702,53944,2025-11-14 12:43:00,Natation,608.0,2025-11-14 12:59:11,
7703,53944,2025-11-19 07:07:00,Natation,3789.0,2025-11-19 08:20:45,Bonne séance.
7704,53944,2025-11-20 19:53:00,Natation,3539.0,2025-11-20 20:56:32,Travail d'endurance.
7705,53944,2025-11-27 07:11:00,Natation,1810.0,2025-11-27 07:59:29,
7706,53944,2025-12-01 12:28:00,Natation,1457.0,2025-12-01 12:50:08,
7707,53944,2025-12-02 08:02:00,Natation,3018.0,2025-12-02 08:54:44,
7708,53944,2025-12-03 12:43:00,Natation,3805.0,2025-12-03 13:35:45,Bonne séance.
7709,53944,2025-12-12 19:01:00,Natation,1658.0,2025-12-12 19:23:48,
7710,53944,2025-12-15 07:38:00,Natation,2637.0,2025-12-15 08:36:33,
7711,53944,2025-12-20 07:42:00,Natation,1903.0,2025-12-20 08:37:12,Bonne séance.
7712,53944,2025-12-21 09:32:00,Natation,1810.0,2025-12-21 10:17:04,Bonne séance.
7713,53944,2025-12-25 12:59:00,Natation,2504.0,2025-12-25 13:47:13,
7714,53944,2025-12-30 12:28:00,Natation,2998.0,2025-12-30 13:23:41,Travail d'endurance.
7715,53944,2026-01-01 07:35:00,Natation,3183.0,2026-01-01 08:25:03,
7716,53944,2026-01-06 18:18:00,Natation,3902.0,2026-01-06 20:09:26,Travail d'endurance.
7717,53944,2026-01-07 08:20:00,Natation,1842.0,2026-01-07 08:49:07,
7718,53944,2026-01-10 07:31:00,Natation,1169.0,2026-01-10 07:53:36,Bonne séance.
7719,53944,2026-01-12 18:08:00,Natation,2746.0,2026-01-12 19:14:45,
7720,53944,2026-01-14 07:54:00,Natation,3324.0,2026-01-14 08:53:13,
7721,53944,2026-01-15 08:00:00,Natation,1978.0,2026-01-15 08:52:17,
7722,53944,2026-01-24 08:16:00,Natation,613.0,2026-01-24 08:27:59,
7723,53944,2026-01-25 07:56:00,Natation,3031.0,2026-01-25 08:48:05,Bonne séance.
7724,53944,2026-01-29 07:11:00,Natation,1740.0,2026-01-29 08:00:38,Bonne séance.
7725,53944,2026-02-01 18:30:00,Natation,3113.0,2026-02-01 19:19:22,Bonne séance.
7726,53944,2026-02-08 18:05:00,Natation,2387.0,2026-02-08 19:12:29,Bonne séance.
7727,53944,2026-02-14 09:34:00,Natation,1940.0,2026-02-14 10:00:46,Bonne séance.
7728,53944,2026-02-18 12:12:00,Natation,3083.0,2026-02-18 13:02:46,
7729,53944,2026-02-19 19:50:00,Natation,1542.0,2026-02-19 20:12:43,Bonne séance.
7730,53944,2026-02-20 18:42:00,Natation,2974.0,2026-02-20 20:08:29,Travail d'endurance.
7731,53944,2026-02-26 07:15:00,Natation,2721.0,2026-02-26 07:51:38,Travail d'endurance.
7732,53944,2026-02-27 07:36:00,Natation,755.0,2026-02-27 07:46:34,
7733,53944,2026-03-03 18:26:00,Natation,2547.0,2026-03-03 19:04:18,Bonne séance.
7734,53944,2026-03-07 12:28:00,Natation,2204.0,2026-03-07 12:59:05,Travail d'endurance.
7735,53944,2026-03-09 17:25:00,Natation,3522.0,2026-03-09 19:06:58,Bonne séance.
7736,53944,2026-03-10 07:36:00,Natation,1127.0,2026-03-10 07:53:01,Bonne séance.
7737,53944,2026-03-17 07:59:00,Natation,2479.0,2026-03-17 08:34:38,Bonne séance.
7738,53944,2026-03-21 19:51:00,Natation,664.0,2026-03-21 20:08:09,
7739,53944,2026-03-22 09:45:00,Natation,1933.0,2026-03-22 10:11:24,Bonne séance.
7740,53944,2026-03-23 12:32:00,Natation,1164.0,2026-03-23 12:54:31,Travail d'endurance.
7741,53944,2026-03-26 08:20:00,Natation,1276.0,2026-03-26 08:40:02,
7742,53944,2026-03-31 18:44:00,Natation,1247.0,2026-03-31 19:06:28,Travail d'endurance.
7743,53944,2026-04-02 17:35:00,Natation,2442.0,2026-04-02 18:12:00,Bonne séance.
7744,53944,2026-04-03 18:32:00,Natation,2543.0,2026-04-03 19:34:37,Bonne séance.
7745,53944,2026-04-09 17:56:00,Natation,1278.0,2026-04-09 18:26:13,Travail d'endurance.
7746,53944,2026-04-15 18:40:00,Natation,565.0,2026-04-15 18:54:05,Bonne séance.
7747,53944,2026-04-17 07:57:00,Natation,3840.0,2026-04-17 09:02:15,Travail d'endurance.
7748,53944,2026-04-22 08:45:00,Natation,2983.0,2026-04-22 09:29:45,Bonne séance.
7749,53944,2026-04-24 19:24:00,Natation,1672.0,2026-04-24 19:54:05,Bonne séance.
7750,53944,2026-04-25 08:43:00,Natation,2363.0,2026-04-25 09:37:05,Travail d'endurance.
7751,53944,2026-04-28 18:48:00,Natation,2109.0,2026-04-28 19:19:43,Bonne séance.
7752,53944,2026-05-08 08:38:00,Natation,817.0,2026-05-08 08:52:29,Travail d'endurance.
7753,53944,2026-05-13 12:10:00,Natation,3731.0,2026-05-13 13:00:33,Bonne séance.
7754,53944,2026-05-15 08:21:00,Natation,1424.0,2026-05-15 08:41:58,Bonne séance.
7755,53944,2026-05-20 18:10:00,Natation,731.0,2026-05-20 18:20:37,Bonne séance.
7756,53944,2026-05-25 09:49:00,Natation,742.0,2026-05-25 10:08:26,Travail d'endurance.
7757,53944,2026-05-30 08:05:00,Natation,2033.0,2026-05-30 08:45:43,
7758,53944,2026-06-02 08:55:00,Natation,2202.0,2026-06-02 09:47:14,
7759,53944,2026-06-05 19:55:00,Natation,2663.0,2026-06-05 20:42:07,
7760,53944,2026-06-08 09:29:00,Natation,631.0,2026-06-08 09:42:59,Bonne séance.
7761,53944,2026-06-16 07:47:00,Natation,3172.0,2026-06-16 08:30:40,
7762,53944,2026-06-19 09:55:00,Natation,1689.0,2026-06-19 10:18:23,
7763,53944,2026-06-21 12:21:00,Natation,1586.0,2026-06-21 12:43:32,Bonne séance.
7764,53944,2026-06-30 12:41:00,Natation,1683.0,2026-06-30 13:22:47,
7765,53944,2026-07-02 18:35:00,Natation,2676.0,2026-07-02 19:17:18,
7766,53944,2026-07-07 08:32:00,Natation,949.0,2026-07-07 08:45:24,
7767,53944,2026-07-08 08:39:00,Natation,955.0,2026-07-08 09:03:50,Bonne séance.
7768,53944,2026-07-11 09:48:00,Natation,2511.0,2026-07-11 10:29:48,
7769,53944,2026-07-15 09:11:00,Natation,2902.0,2026-07-15 10:00:53,Travail d'endurance.
7770,53944,2026-07-17 12:11:00,Natation,1537.0,2026-07-17 12:40:44,
7771,53944,2026-07-19 09:48:00,Natation,3142.0,2026-07-19 10:43:03,
7772,53944,2026-07-20 09:15:00,Natation,3998.0,2026-07-20 11:14:38,Bonne séance.
7773,27483,2025-07-22 09:41:00,Badminton,,2025-07-22 10:15:00,Bonne séance.
7774,27483,2025-07-30 08:58:00,Badminton,,2025-07-30 10:11:00,Bonne séance.
7775,27483,2025-07-31 07:21:00,Badminton,,2025-07-31 08:20:00,Bonne séance.
7776,27483,2025-08-05 08:04:00,Badminton,,2025-08-05 08:35:00,
7777,27483,2025-08-08 08:16:00,Badminton,,2025-08-08 09:11:00,Entraînement terminé.
7778,27483,2025-08-15 12:34:00,Badminton,,2025-08-15 13:44:00,Très bonnes sensations.
7779,27483,2025-08-19 08:47:00,Badminton,,2025-08-19 09:20:00,
7780,27483,2025-08-27 07:27:00,Badminton,,2025-08-27 08:23:00,Très bonnes sensations.
7781,27483,2025-08-29 07:46:00,Badminton,,2025-08-29 08:17:00,Très bonnes sensations.
7782,27483,2025-09-01 18:28:00,Badminton,,2025-09-01 19:56:00,Entraînement terminé.
7783,27483,2025-09-03 17:06:00,Badminton,,2025-09-03 18:32:00,Bonne séance.
7784,27483,2025-09-05 19:54:00,Badminton,,2025-09-05 21:14:00,
7785,27483,2025-09-07 12:21:00,Badminton,,2025-09-07 12:51:00,Très bonnes sensations.
7786,27483,2025-09-10 07:54:00,Badminton,,2025-09-10 09:13:00,Entraînement terminé.
7787,27483,2025-09-11 12:05:00,Badminton,,2025-09-11 12:57:00,
7788,27483,2025-09-14 08:20:00,Badminton,,2025-09-14 08:50:00,Bonne séance.
7789,27483,2025-09-21 07:00:00,Badminton,,2025-09-21 08:28:00,Entraînement terminé.
7790,27483,2025-09-22 19:03:00,Badminton,,2025-09-22 19:44:00,Très bonnes sensations.
7791,27483,2025-09-24 08:35:00,Badminton,,2025-09-24 10:04:00,Très bonnes sensations.
7792,27483,2025-09-29 07:59:00,Badminton,,2025-09-29 08:40:00,
7793,27483,2025-10-03 17:25:00,Badminton,,2025-10-03 18:51:00,
7794,27483,2025-10-04 09:47:00,Badminton,,2025-10-04 11:01:00,Entraînement terminé.
7795,27483,2025-10-07 07:54:00,Badminton,,2025-10-07 08:53:00,Très bonnes sensations.
7796,27483,2025-10-16 19:40:00,Badminton,,2025-10-16 20:58:00,Très bonnes sensations.
7797,27483,2025-10-18 17:56:00,Badminton,,2025-10-18 18:42:00,Bonne séance.
7798,27483,2025-10-19 18:04:00,Badminton,,2025-10-19 18:52:00,
7799,27483,2025-10-28 08:16:00,Badminton,,2025-10-28 09:11:00,
7800,27483,2025-11-01 18:30:00,Badminton,,2025-11-01 19:14:00,Très bonnes sensations.
7801,27483,2025-11-03 18:54:00,Badminton,,2025-11-03 19:58:00,Très bonnes sensations.
7802,27483,2025-11-14 09:37:00,Badminton,,2025-11-14 10:30:00,Bonne séance.
7803,27483,2025-11-18 18:55:00,Badminton,,2025-11-18 20:03:00,Entraînement terminé.
7804,27483,2025-11-20 12:20:00,Badminton,,2025-11-20 13:32:00,Très bonnes sensations.
7805,27483,2025-11-21 18:27:00,Badminton,,2025-11-21 19:10:00,Très bonnes sensations.
7806,27483,2025-11-27 08:37:00,Badminton,,2025-11-27 09:21:00,
7807,27483,2025-11-28 09:20:00,Badminton,,2025-11-28 10:21:00,Très bonnes sensations.
7808,27483,2025-11-29 17:30:00,Badminton,,2025-11-29 18:42:00,Bonne séance.
7809,27483,2025-12-03 07:30:00,Badminton,,2025-12-03 08:19:00,
7810,27483,2025-12-06 07:23:00,Badminton,,2025-12-06 08:30:00,Bonne séance.
7811,27483,2025-12-09 07:20:00,Badminton,,2025-12-09 07:50:00,Entraînement terminé.
7812,27483,2025-12-11 19:54:00,Badminton,,2025-12-11 20:38:00,
7813,27483,2025-12-12 08:21:00,Badminton,,2025-12-12 09:42:00,Très bonnes sensations.
7814,27483,2025-12-14 09:49:00,Badminton,,2025-12-14 10:54:00,Très bonnes sensations.
7815,27483,2025-12-15 17:40:00,Badminton,,2025-12-15 18:34:00,Très bonnes sensations.
7816,27483,2025-12-18 18:00:00,Badminton,,2025-12-18 19:24:00,Très bonnes sensations.
7817,27483,2025-12-23 09:43:00,Badminton,,2025-12-23 10:42:00,Très bonnes sensations.
7818,27483,2025-12-31 09:54:00,Badminton,,2025-12-31 10:29:00,Bonne séance.
7819,27483,2026-01-04 07:32:00,Badminton,,2026-01-04 08:20:00,Bonne séance.
7820,27483,2026-01-12 08:24:00,Badminton,,2026-01-12 09:13:00,Entraînement terminé.
7821,27483,2026-01-16 07:33:00,Badminton,,2026-01-16 08:04:00,Bonne séance.
7822,27483,2026-01-20 09:03:00,Badminton,,2026-01-20 10:05:00,Entraînement terminé.
7823,27483,2026-01-22 19:38:00,Badminton,,2026-01-22 20:48:00,Bonne séance.
7824,27483,2026-01-27 08:21:00,Badminton,,2026-01-27 09:01:00,Entraînement terminé.
7825,27483,2026-01-28 18:15:00,Badminton,,2026-01-28 19:15:00,Très bonnes sensations.
7826,27483,2026-02-01 19:28:00,Badminton,,2026-02-01 20:44:00,Très bonnes sensations.
7827,27483,2026-02-03 18:59:00,Badminton,,2026-02-03 19:52:00,Entraînement terminé.
7828,27483,2026-02-05 12:57:00,Badminton,,2026-02-05 13:41:00,Très bonnes sensations.
7829,27483,2026-02-12 19:46:00,Badminton,,2026-02-12 20:38:00,Bonne séance.
7830,27483,2026-02-13 09:04:00,Badminton,,2026-02-13 09:44:00,Bonne séance.
7831,27483,2026-02-20 17:53:00,Badminton,,2026-02-20 18:41:00,Très bonnes sensations.
7832,27483,2026-02-21 12:50:00,Badminton,,2026-02-21 13:57:00,
7833,27483,2026-02-27 12:51:00,Badminton,,2026-02-27 13:41:00,Bonne séance.
7834,27483,2026-03-07 12:37:00,Badminton,,2026-03-07 13:55:00,Bonne séance.
7835,27483,2026-03-10 09:56:00,Badminton,,2026-03-10 10:36:00,Bonne séance.
7836,27483,2026-03-11 19:39:00,Badminton,,2026-03-11 20:34:00,Très bonnes sensations.
7837,27483,2026-03-12 09:43:00,Badminton,,2026-03-12 11:08:00,
7838,27483,2026-03-15 19:14:00,Badminton,,2026-03-15 20:26:00,Entraînement terminé.
7839,27483,2026-03-22 07:03:00,Badminton,,2026-03-22 08:08:00,Entraînement terminé.
7840,27483,2026-03-25 19:05:00,Badminton,,2026-03-25 19:56:00,
7841,27483,2026-03-31 08:26:00,Badminton,,2026-03-31 09:32:00,Entraînement terminé.
7842,27483,2026-04-06 19:44:00,Badminton,,2026-04-06 20:48:00,Entraînement terminé.
7843,27483,2026-04-07 07:45:00,Badminton,,2026-04-07 08:27:00,Très bonnes sensations.
7844,27483,2026-04-13 09:10:00,Badminton,,2026-04-13 10:19:00,Entraînement terminé.
7845,27483,2026-04-17 12:04:00,Badminton,,2026-04-17 12:53:00,Bonne séance.
7846,27483,2026-04-20 07:17:00,Badminton,,2026-04-20 07:50:00,Entraînement terminé.
7847,27483,2026-04-22 08:01:00,Badminton,,2026-04-22 08:56:00,Bonne séance.
7848,27483,2026-04-24 08:16:00,Badminton,,2026-04-24 09:42:00,Très bonnes sensations.
7849,27483,2026-04-26 17:38:00,Badminton,,2026-04-26 18:39:00,Très bonnes sensations.
7850,27483,2026-05-06 08:33:00,Badminton,,2026-05-06 09:14:00,Très bonnes sensations.
7851,27483,2026-05-11 18:13:00,Badminton,,2026-05-11 19:27:00,
7852,27483,2026-05-14 09:06:00,Badminton,,2026-05-14 10:21:00,
7853,27483,2026-05-17 07:15:00,Badminton,,2026-05-17 07:57:00,Bonne séance.
7854,27483,2026-05-20 07:32:00,Badminton,,2026-05-20 08:54:00,Entraînement terminé.
7855,27483,2026-05-24 17:41:00,Badminton,,2026-05-24 18:30:00,Bonne séance.
7856,27483,2026-05-26 12:41:00,Badminton,,2026-05-26 14:02:00,Très bonnes sensations.
7857,27483,2026-06-05 08:43:00,Badminton,,2026-06-05 09:14:00,Bonne séance.
7858,27483,2026-06-08 12:58:00,Badminton,,2026-06-08 14:03:00,
7859,27483,2026-06-14 07:37:00,Badminton,,2026-06-14 08:22:00,Très bonnes sensations.
7860,27483,2026-06-15 12:46:00,Badminton,,2026-06-15 14:02:00,Très bonnes sensations.
7861,27483,2026-06-19 12:29:00,Badminton,,2026-06-19 13:49:00,Très bonnes sensations.
7862,27483,2026-06-22 09:48:00,Badminton,,2026-06-22 10:47:00,Très bonnes sensations.
7863,27483,2026-06-24 09:22:00,Badminton,,2026-06-24 10:14:00,Entraînement terminé.
7864,27483,2026-06-28 08:16:00,Badminton,,2026-06-28 09:43:00,
7865,27483,2026-07-02 17:21:00,Badminton,,2026-07-02 18:42:00,Entraînement terminé.
7866,27483,2026-07-07 19:47:00,Badminton,,2026-07-07 21:03:00,
7867,27483,2026-07-12 08:24:00,Badminton,,2026-07-12 09:33:00,Bonne séance.
7868,27483,2026-07-19 08:15:00,Badminton,,2026-07-19 09:37:00,
7869,27483,2026-07-20 17:39:00,Badminton,,2026-07-20 18:55:00,Bonne séance.
7870,34922,2025-08-22 18:04:00,Tennis,,2025-08-22 19:28:00,Entraînement terminé.
7871,34922,2025-08-29 19:01:00,Tennis,,2025-08-29 20:45:00,
7872,34922,2025-09-09 07:27:00,Tennis,,2025-09-09 08:29:00,Très bonnes sensations.
7873,34922,2025-09-24 09:45:00,Tennis,,2025-09-24 10:43:00,Entraînement terminé.
7874,34922,2025-10-07 19:32:00,Tennis,,2025-10-07 21:18:00,Très bonnes sensations.
7875,34922,2025-10-28 17:15:00,Tennis,,2025-10-28 18:32:00,Bonne séance.
7876,34922,2025-11-07 19:57:00,Tennis,,2025-11-07 21:56:00,Très bonnes sensations.
7877,34922,2025-11-30 12:36:00,Tennis,,2025-11-30 14:02:00,Très bonnes sensations.
7878,34922,2025-12-15 18:02:00,Tennis,,2025-12-15 19:07:00,Bonne séance.
7879,34922,2025-12-25 17:13:00,Tennis,,2025-12-25 18:56:00,Très bonnes sensations.
7880,34922,2026-01-15 08:34:00,Tennis,,2026-01-15 09:52:00,
7881,34922,2026-01-24 17:22:00,Tennis,,2026-01-24 18:17:00,Très bonnes sensations.
7882,34922,2026-01-29 17:04:00,Tennis,,2026-01-29 19:03:00,Entraînement terminé.
7883,34922,2026-02-07 19:25:00,Tennis,,2026-02-07 20:47:00,Entraînement terminé.
7884,34922,2026-02-10 19:20:00,Tennis,,2026-02-10 20:23:00,Bonne séance.
7885,34922,2026-03-01 09:10:00,Tennis,,2026-03-01 10:33:00,Bonne séance.
7886,34922,2026-03-11 17:23:00,Tennis,,2026-03-11 18:50:00,Entraînement terminé.
7887,34922,2026-03-15 19:04:00,Tennis,,2026-03-15 20:53:00,Très bonnes sensations.
7888,34922,2026-03-26 18:22:00,Tennis,,2026-03-26 19:12:00,
7889,34922,2026-04-01 12:02:00,Tennis,,2026-04-01 13:16:00,Très bonnes sensations.
7890,34922,2026-04-06 19:41:00,Tennis,,2026-04-06 21:09:00,
7891,34922,2026-05-08 07:29:00,Tennis,,2026-05-08 09:15:00,
7892,34922,2026-05-11 09:44:00,Tennis,,2026-05-11 11:23:00,
7893,34922,2026-05-31 08:42:00,Tennis,,2026-05-31 10:05:00,
7894,34922,2026-06-11 17:08:00,Tennis,,2026-06-11 18:04:00,Très bonnes sensations.
7895,34922,2026-06-16 12:20:00,Tennis,,2026-06-16 13:27:00,Très bonnes sensations.
7896,34922,2026-06-23 18:11:00,Tennis,,2026-06-23 20:00:00,Bonne séance.
7897,34922,2026-07-08 18:57:00,Tennis,,2026-07-08 20:46:00,Entraînement terminé.
7898,34922,2026-07-19 12:58:00,Tennis,,2026-07-19 14:33:00,
7899,96558,2025-07-20 09:53:00,Triathlon,32255.0,2025-07-20 11:35:44,
7900,96558,2025-07-22 19:26:00,Triathlon,32170.0,2025-07-22 21:19:51,Bonne préparation.
7901,96558,2025-07-23 09:02:00,Triathlon,20696.0,2025-07-23 10:26:18,Bonne préparation.
7902,96558,2025-07-30 09:26:00,Triathlon,5927.0,2025-07-30 09:52:25,Entraînement complet.
7903,96558,2025-08-03 12:07:00,Triathlon,9702.0,2025-08-03 12:57:36,Bonne préparation.
7904,96558,2025-08-08 09:26:00,Triathlon,17312.0,2025-08-08 11:00:27,Entraînement complet.
7905,96558,2025-08-10 08:23:00,Triathlon,30881.0,2025-08-10 10:07:37,
7906,96558,2025-08-14 17:08:00,Triathlon,10342.0,2025-08-14 17:34:46,Bonne préparation.
7907,96558,2025-08-20 19:47:00,Triathlon,25440.0,2025-08-20 21:17:10,Bonne préparation.
7908,96558,2025-08-21 12:37:00,Triathlon,36856.0,2025-08-21 14:48:12,Bonne préparation.
7909,96558,2025-08-23 12:36:00,Triathlon,38257.0,2025-08-23 14:43:15,Entraînement complet.
7910,96558,2025-08-24 12:59:00,Triathlon,19710.0,2025-08-24 15:11:21,
7911,96558,2025-08-25 12:40:00,Triathlon,8339.0,2025-08-25 13:21:09,
7912,96558,2025-08-28 12:36:00,Triathlon,17006.0,2025-08-28 14:09:43,Entraînement complet.
7913,96558,2025-08-31 09:08:00,Triathlon,20404.0,2025-08-31 11:39:43,
7914,96558,2025-09-03 08:30:00,Triathlon,23452.0,2025-09-03 10:07:08,Bonne préparation.
7915,96558,2025-09-05 19:00:00,Triathlon,12248.0,2025-09-05 19:46:30,
7916,96558,2025-09-13 17:05:00,Triathlon,37925.0,2025-09-13 18:49:24,
7917,96558,2025-09-19 07:53:00,Triathlon,39351.0,2025-09-19 10:44:02,Entraînement complet.
7918,96558,2025-09-20 08:51:00,Triathlon,30448.0,2025-09-20 12:37:21,
7919,96558,2025-09-22 07:26:00,Triathlon,17357.0,2025-09-22 08:42:44,Entraînement complet.
7920,96558,2025-10-03 18:22:00,Triathlon,37134.0,2025-10-03 20:47:51,Entraînement complet.
7921,96558,2025-10-06 19:38:00,Triathlon,39133.0,2025-10-06 22:39:18,
7922,96558,2025-10-07 07:51:00,Triathlon,24527.0,2025-10-07 08:57:39,Bonne préparation.
7923,96558,2025-10-10 07:13:00,Triathlon,15442.0,2025-10-10 08:12:46,
7924,96558,2025-10-18 08:19:00,Triathlon,39325.0,2025-10-18 11:57:46,Entraînement complet.
7925,96558,2025-10-24 12:13:00,Triathlon,26291.0,2025-10-24 14:50:10,Bonne préparation.
7926,96558,2025-10-25 08:50:00,Triathlon,27383.0,2025-10-25 10:06:41,
7927,96558,2025-10-30 17:44:00,Triathlon,14912.0,2025-10-30 19:33:02,
7928,96558,2025-11-02 19:52:00,Triathlon,26595.0,2025-11-02 21:31:11,Entraînement complet.
7929,96558,2025-11-05 08:42:00,Triathlon,9397.0,2025-11-05 09:15:11,
7930,96558,2025-11-07 18:42:00,Triathlon,9199.0,2025-11-07 19:10:30,
7931,96558,2025-11-09 12:31:00,Triathlon,6967.0,2025-11-09 12:50:57,
7932,96558,2025-11-10 18:25:00,Triathlon,32780.0,2025-11-10 20:43:54,
7933,96558,2025-11-13 12:41:00,Triathlon,24904.0,2025-11-13 14:16:17,Bonne préparation.
7934,96558,2025-11-21 08:10:00,Triathlon,32141.0,2025-11-21 09:33:02,Entraînement complet.
7935,96558,2025-11-25 07:12:00,Triathlon,18176.0,2025-11-25 07:58:09,Entraînement complet.
7936,96558,2025-11-27 17:03:00,Triathlon,16339.0,2025-11-27 17:55:28,Bonne préparation.
7937,96558,2025-11-28 09:01:00,Triathlon,19740.0,2025-11-28 10:15:44,
7938,96558,2025-12-05 08:42:00,Triathlon,12055.0,2025-12-05 09:20:58,
7939,96558,2025-12-06 18:16:00,Triathlon,27475.0,2025-12-06 21:00:33,Bonne préparation.
7940,96558,2025-12-09 12:28:00,Triathlon,11431.0,2025-12-09 13:07:37,Entraînement complet.
7941,96558,2025-12-12 07:52:00,Triathlon,21352.0,2025-12-12 10:16:24,Entraînement complet.
7942,96558,2025-12-14 12:50:00,Triathlon,9394.0,2025-12-14 13:46:18,Entraînement complet.
7943,96558,2025-12-17 09:09:00,Triathlon,23614.0,2025-12-17 10:14:38,Bonne préparation.
7944,96558,2025-12-18 09:50:00,Triathlon,9734.0,2025-12-18 10:26:29,
7945,96558,2025-12-22 17:32:00,Triathlon,16091.0,2025-12-22 18:14:49,Bonne préparation.
7946,96558,2025-12-25 07:20:00,Triathlon,12917.0,2025-12-25 08:22:23,Entraînement complet.
7947,96558,2025-12-27 12:31:00,Triathlon,32109.0,2025-12-27 15:07:44,
7948,96558,2025-12-31 18:05:00,Triathlon,31752.0,2025-12-31 19:32:44,Entraînement complet.
7949,96558,2026-01-06 08:32:00,Triathlon,15913.0,2026-01-06 09:12:54,Bonne préparation.
7950,96558,2026-01-10 19:48:00,Triathlon,30344.0,2026-01-10 22:55:00,Bonne préparation.
7951,96558,2026-01-13 18:59:00,Triathlon,6553.0,2026-01-13 19:16:41,
7952,96558,2026-01-16 17:19:00,Triathlon,22271.0,2026-01-16 18:36:18,Entraînement complet.
7953,96558,2026-01-17 08:42:00,Triathlon,21778.0,2026-01-17 09:47:51,Entraînement complet.
7954,96558,2026-01-21 19:25:00,Triathlon,10034.0,2026-01-21 19:55:48,
7955,96558,2026-01-24 17:34:00,Triathlon,33634.0,2026-01-24 20:03:34,Entraînement complet.
7956,96558,2026-01-31 18:56:00,Triathlon,7225.0,2026-01-31 19:18:27,Bonne préparation.
7957,96558,2026-02-06 09:38:00,Triathlon,27719.0,2026-02-06 11:03:11,Bonne préparation.
7958,96558,2026-02-09 08:13:00,Triathlon,28894.0,2026-02-09 09:27:15,Bonne préparation.
7959,96558,2026-02-12 19:12:00,Triathlon,30141.0,2026-02-12 20:38:29,
7960,96558,2026-02-15 08:40:00,Triathlon,35125.0,2026-02-15 12:48:12,Entraînement complet.
7961,96558,2026-02-17 07:35:00,Triathlon,26442.0,2026-02-17 08:59:39,Entraînement complet.
7962,96558,2026-02-21 07:45:00,Triathlon,39803.0,2026-02-21 10:15:21,
7963,96558,2026-02-22 18:08:00,Triathlon,6904.0,2026-02-22 18:26:28,
7964,96558,2026-02-23 18:45:00,Triathlon,19068.0,2026-02-23 19:53:04,Bonne préparation.
7965,96558,2026-03-01 08:00:00,Triathlon,32978.0,2026-03-01 10:18:01,Entraînement complet.
7966,96558,2026-03-09 08:01:00,Triathlon,18064.0,2026-03-09 09:00:04,
7967,96558,2026-03-11 09:49:00,Triathlon,21398.0,2026-03-11 11:08:59,Entraînement complet.
7968,96558,2026-03-18 07:29:00,Triathlon,11595.0,2026-03-18 08:09:17,Bonne préparation.
7969,96558,2026-03-21 07:22:00,Triathlon,31583.0,2026-03-21 09:04:09,Entraînement complet.
7970,96558,2026-03-24 19:55:00,Triathlon,17700.0,2026-03-24 20:55:57,Entraînement complet.
7971,96558,2026-03-28 12:02:00,Triathlon,25817.0,2026-03-28 14:09:17,Entraînement complet.
7972,96558,2026-04-02 08:04:00,Triathlon,30720.0,2026-04-02 10:37:21,Bonne préparation.
7973,96558,2026-04-09 18:21:00,Triathlon,22730.0,2026-04-09 19:18:18,Bonne préparation.
7974,96558,2026-04-13 18:42:00,Triathlon,8281.0,2026-04-13 19:06:45,Bonne préparation.
7975,96558,2026-04-15 17:27:00,Triathlon,39983.0,2026-04-15 21:27:05,
7976,96558,2026-04-16 09:13:00,Triathlon,11194.0,2026-04-16 10:18:56,Bonne préparation.
7977,96558,2026-04-22 19:56:00,Triathlon,32497.0,2026-04-22 23:10:07,Entraînement complet.
7978,96558,2026-04-30 07:43:00,Triathlon,7140.0,2026-04-30 08:08:11,Bonne préparation.
7979,96558,2026-05-02 07:19:00,Triathlon,5925.0,2026-05-02 07:35:28,Entraînement complet.
7980,96558,2026-05-03 17:50:00,Triathlon,35595.0,2026-05-03 19:35:13,
7981,96558,2026-05-05 07:01:00,Triathlon,9609.0,2026-05-05 07:26:26,Bonne préparation.
7982,96558,2026-05-10 12:13:00,Triathlon,39016.0,2026-05-10 14:38:22,Entraînement complet.
7983,96558,2026-05-20 19:45:00,Triathlon,20190.0,2026-05-20 20:51:57,Bonne préparation.
7984,96558,2026-05-23 12:18:00,Triathlon,20991.0,2026-05-23 13:16:33,Bonne préparation.
7985,96558,2026-05-30 17:40:00,Triathlon,7125.0,2026-05-30 18:05:20,Entraînement complet.
7986,96558,2026-06-01 07:36:00,Triathlon,39808.0,2026-06-01 10:38:30,Bonne préparation.
7987,96558,2026-06-07 17:14:00,Triathlon,14401.0,2026-06-07 18:42:39,
7988,96558,2026-06-10 09:18:00,Triathlon,13247.0,2026-06-10 09:52:41,Bonne préparation.
7989,96558,2026-06-15 09:40:00,Triathlon,9440.0,2026-06-15 10:38:39,Bonne préparation.
7990,96558,2026-06-16 18:02:00,Triathlon,17865.0,2026-06-16 18:55:21,Bonne préparation.
7991,96558,2026-06-19 09:55:00,Triathlon,5943.0,2026-06-19 10:15:41,
7992,96558,2026-06-21 19:11:00,Triathlon,25546.0,2026-06-21 20:40:58,Bonne préparation.
7993,96558,2026-06-23 17:47:00,Triathlon,7382.0,2026-06-23 18:09:32,
7994,96558,2026-06-25 19:49:00,Triathlon,14143.0,2026-06-25 21:00:00,Bonne préparation.
7995,96558,2026-07-01 12:24:00,Triathlon,33193.0,2026-07-01 16:16:07,Bonne préparation.
7996,96558,2026-07-03 12:53:00,Triathlon,15834.0,2026-07-03 13:37:16,Bonne préparation.
7997,96558,2026-07-04 17:20:00,Triathlon,9655.0,2026-07-04 17:45:58,Entraînement complet.
7998,96558,2026-07-10 08:36:00,Triathlon,35827.0,2026-07-10 10:43:56,Bonne préparation.
7999,96558,2026-07-14 18:44:00,Triathlon,17741.0,2026-07-14 20:51:37,
8000,96558,2026-07-18 17:12:00,Triathlon,31703.0,2026-07-18 19:52:55,Bonne préparation.
8001,96558,2026-07-19 18:00:00,Triathlon,16820.0,2026-07-19 19:11:17,Entraînement complet.
8002,96558,2026-07-20 08:32:00,Triathlon,15934.0,2026-07-20 09:15:23,Entraînement complet.
8003,50866,2025-07-24 07:35:00,Randonnée,14672.0,2025-07-24 11:57:39,Très beau parcours.
8004,50866,2025-08-14 12:03:00,Randonnée,15177.0,2025-08-14 15:34:08,Nouveau sentier découvert.
8005,50866,2025-08-23 12:31:00,Randonnée,6342.0,2025-08-23 13:50:38,Très beau parcours.
8006,50866,2025-09-23 19:28:00,Randonnée,12841.0,2025-09-23 23:36:30,Très beau parcours.
8007,50866,2025-10-19 12:28:00,Randonnée,20017.0,2025-10-19 16:49:41,
8008,50866,2025-11-08 17:30:00,Randonnée,9733.0,2025-11-08 19:51:16,Une randonnée à refaire.
8009,50866,2025-11-09 08:59:00,Randonnée,17266.0,2025-11-09 13:28:24,Nouveau sentier découvert.
8010,50866,2025-11-18 18:23:00,Randonnée,7104.0,2025-11-18 19:46:51,Une randonnée à refaire.
8011,50866,2025-11-24 12:22:00,Randonnée,9822.0,2025-11-24 14:46:56,Une randonnée à refaire.
8012,50866,2025-12-05 19:52:00,Randonnée,20980.0,2025-12-06 00:25:55,Une randonnée à refaire.
8013,50866,2025-12-19 19:38:00,Randonnée,22790.0,2025-12-19 23:29:42,
8014,50866,2025-12-21 19:59:00,Randonnée,7375.0,2025-12-21 21:20:05,Une randonnée à refaire.
8015,50866,2025-12-31 08:50:00,Randonnée,11609.0,2025-12-31 11:20:26,Une randonnée à refaire.
8016,50866,2026-01-14 12:18:00,Randonnée,17777.0,2026-01-14 16:15:54,
8017,50866,2026-01-18 18:26:00,Randonnée,21434.0,2026-01-19 01:30:45,Très beau parcours.
8018,50866,2026-02-18 09:44:00,Randonnée,5983.0,2026-02-18 11:25:37,Nouveau sentier découvert.
8019,50866,2026-02-26 12:03:00,Randonnée,12146.0,2026-02-26 14:09:24,Une randonnée à refaire.
8020,50866,2026-03-04 08:44:00,Randonnée,11898.0,2026-03-04 10:52:21,Très beau parcours.
8021,50866,2026-03-19 09:08:00,Randonnée,13138.0,2026-03-19 11:36:31,Nouveau sentier découvert.
8022,50866,2026-03-29 09:55:00,Randonnée,15050.0,2026-03-29 12:49:45,Très beau parcours.
8023,50866,2026-04-06 17:34:00,Randonnée,4247.0,2026-04-06 18:20:34,Très beau parcours.
8024,50866,2026-04-24 18:55:00,Randonnée,8762.0,2026-04-24 20:54:42,Nouveau sentier découvert.
8025,50866,2026-05-09 08:45:00,Randonnée,20752.0,2026-05-09 12:22:23,Nouveau sentier découvert.
8026,50866,2026-05-15 09:30:00,Randonnée,17695.0,2026-05-15 12:55:21,Très beau parcours.
8027,50866,2026-05-24 08:43:00,Randonnée,22235.0,2026-05-24 14:13:45,Une randonnée à refaire.
8028,50866,2026-06-04 19:28:00,Randonnée,10075.0,2026-06-04 21:50:35,
8029,50866,2026-07-05 19:50:00,Randonnée,9757.0,2026-07-05 21:30:57,Très beau parcours.
8030,35731,2025-07-21 19:46:00,Rugby,,2025-07-21 20:52:00,Entraînement terminé.
8031,35731,2025-07-22 09:21:00,Rugby,,2025-07-22 10:44:00,Entraînement terminé.
8032,35731,2025-07-25 07:53:00,Rugby,,2025-07-25 09:27:00,Bonne séance.
8033,35731,2025-07-26 09:34:00,Rugby,,2025-07-26 11:07:00,Bonne séance.
8034,35731,2025-07-27 08:22:00,Rugby,,2025-07-27 09:47:00,Bonne séance.
8035,35731,2025-07-29 07:12:00,Rugby,,2025-07-29 08:22:00,Bonne séance.
8036,35731,2025-08-01 12:30:00,Rugby,,2025-08-01 13:42:00,Entraînement terminé.
8037,35731,2025-08-03 17:52:00,Rugby,,2025-08-03 19:40:00,Très bonnes sensations.
8038,35731,2025-08-04 09:28:00,Rugby,,2025-08-04 10:34:00,Très bonnes sensations.
8039,35731,2025-08-05 19:50:00,Rugby,,2025-08-05 21:22:00,Très bonnes sensations.
8040,35731,2025-08-07 18:08:00,Rugby,,2025-08-07 19:13:00,Bonne séance.
8041,35731,2025-08-09 08:49:00,Rugby,,2025-08-09 10:36:00,Entraînement terminé.
8042,35731,2025-08-11 19:34:00,Rugby,,2025-08-11 21:00:00,Entraînement terminé.
8043,35731,2025-08-13 12:18:00,Rugby,,2025-08-13 13:58:00,Bonne séance.
8044,35731,2025-08-14 09:28:00,Rugby,,2025-08-14 10:52:00,
8045,35731,2025-08-17 07:36:00,Rugby,,2025-08-17 08:46:00,Entraînement terminé.
8046,35731,2025-08-18 17:28:00,Rugby,,2025-08-18 18:39:00,Entraînement terminé.
8047,35731,2025-08-21 12:29:00,Rugby,,2025-08-21 14:11:00,Bonne séance.
8048,35731,2025-08-22 12:13:00,Rugby,,2025-08-22 13:17:00,Très bonnes sensations.
8049,35731,2025-08-23 08:15:00,Rugby,,2025-08-23 09:16:00,Entraînement terminé.
8050,35731,2025-08-24 18:25:00,Rugby,,2025-08-24 19:34:00,
8051,35731,2025-08-25 08:13:00,Rugby,,2025-08-25 09:57:00,Très bonnes sensations.
8052,35731,2025-08-27 09:38:00,Rugby,,2025-08-27 10:41:00,Entraînement terminé.
8053,35731,2025-08-30 19:56:00,Rugby,,2025-08-30 21:38:00,Très bonnes sensations.
8054,35731,2025-08-31 19:15:00,Rugby,,2025-08-31 20:31:00,Bonne séance.
8055,35731,2025-09-03 19:43:00,Rugby,,2025-09-03 20:45:00,Bonne séance.
8056,35731,2025-09-04 07:03:00,Rugby,,2025-09-04 08:48:00,
8057,35731,2025-09-05 12:26:00,Rugby,,2025-09-05 13:41:00,Très bonnes sensations.
8058,35731,2025-09-08 09:53:00,Rugby,,2025-09-08 11:13:00,Entraînement terminé.
8059,35731,2025-09-09 07:18:00,Rugby,,2025-09-09 09:06:00,
8060,35731,2025-09-11 17:40:00,Rugby,,2025-09-11 19:01:00,Très bonnes sensations.
8061,35731,2025-09-13 17:58:00,Rugby,,2025-09-13 19:22:00,Bonne séance.
8062,35731,2025-09-14 19:53:00,Rugby,,2025-09-14 20:59:00,
8063,35731,2025-09-16 17:19:00,Rugby,,2025-09-16 18:52:00,Très bonnes sensations.
8064,35731,2025-09-18 07:02:00,Rugby,,2025-09-18 08:26:00,Très bonnes sensations.
8065,35731,2025-09-21 07:18:00,Rugby,,2025-09-21 08:44:00,
8066,35731,2025-09-22 18:06:00,Rugby,,2025-09-22 19:34:00,Entraînement terminé.
8067,35731,2025-09-24 17:42:00,Rugby,,2025-09-24 19:03:00,Bonne séance.
8068,35731,2025-09-26 17:53:00,Rugby,,2025-09-26 19:33:00,
8069,35731,2025-09-27 19:46:00,Rugby,,2025-09-27 21:10:00,Bonne séance.
8070,35731,2025-09-28 12:40:00,Rugby,,2025-09-28 14:11:00,Entraînement terminé.
8071,35731,2025-09-30 09:30:00,Rugby,,2025-09-30 10:44:00,Bonne séance.
8072,35731,2025-10-01 07:27:00,Rugby,,2025-10-01 08:49:00,
8073,35731,2025-10-03 19:11:00,Rugby,,2025-10-03 20:54:00,Entraînement terminé.
8074,35731,2025-10-06 08:22:00,Rugby,,2025-10-06 09:39:00,Entraînement terminé.
8075,35731,2025-10-09 19:53:00,Rugby,,2025-10-09 20:53:00,Très bonnes sensations.
8076,35731,2025-10-10 07:51:00,Rugby,,2025-10-10 08:55:00,
8077,35731,2025-10-12 08:15:00,Rugby,,2025-10-12 09:57:00,
8078,35731,2025-10-13 09:40:00,Rugby,,2025-10-13 11:27:00,
8079,35731,2025-10-14 19:27:00,Rugby,,2025-10-14 20:54:00,Très bonnes sensations.
8080,35731,2025-10-15 07:16:00,Rugby,,2025-10-15 08:50:00,Entraînement terminé.
8081,35731,2025-10-16 08:59:00,Rugby,,2025-10-16 10:13:00,Bonne séance.
8082,35731,2025-10-19 12:36:00,Rugby,,2025-10-19 14:24:00,Entraînement terminé.
8083,35731,2025-10-21 09:16:00,Rugby,,2025-10-21 11:03:00,
8084,35731,2025-10-22 08:36:00,Rugby,,2025-10-22 10:11:00,Bonne séance.
8085,35731,2025-10-27 07:52:00,Rugby,,2025-10-27 09:42:00,Bonne séance.
8086,35731,2025-10-30 17:42:00,Rugby,,2025-10-30 19:17:00,
8087,35731,2025-10-31 09:50:00,Rugby,,2025-10-31 11:31:00,Bonne séance.
8088,35731,2025-11-01 07:32:00,Rugby,,2025-11-01 09:09:00,Entraînement terminé.
8089,35731,2025-11-02 17:00:00,Rugby,,2025-11-02 18:07:00,Bonne séance.
8090,35731,2025-11-05 12:38:00,Rugby,,2025-11-05 14:05:00,Bonne séance.
8091,35731,2025-11-07 09:02:00,Rugby,,2025-11-07 10:22:00,
8092,35731,2025-11-10 18:58:00,Rugby,,2025-11-10 20:36:00,
8093,35731,2025-11-11 08:56:00,Rugby,,2025-11-11 10:34:00,Entraînement terminé.
8094,35731,2025-11-14 08:03:00,Rugby,,2025-11-14 09:18:00,Bonne séance.
8095,35731,2025-11-15 09:02:00,Rugby,,2025-11-15 10:49:00,Bonne séance.
8096,35731,2025-11-17 19:15:00,Rugby,,2025-11-17 20:50:00,Bonne séance.
8097,35731,2025-11-18 17:18:00,Rugby,,2025-11-18 18:36:00,
8098,35731,2025-11-19 19:58:00,Rugby,,2025-11-19 21:41:00,Bonne séance.
8099,35731,2025-11-20 12:41:00,Rugby,,2025-11-20 14:06:00,Entraînement terminé.
8100,35731,2025-11-24 08:53:00,Rugby,,2025-11-24 10:39:00,Entraînement terminé.
8101,35731,2025-11-25 18:33:00,Rugby,,2025-11-25 19:34:00,Bonne séance.
8102,35731,2025-11-27 08:01:00,Rugby,,2025-11-27 09:34:00,Très bonnes sensations.
8103,35731,2025-11-28 18:16:00,Rugby,,2025-11-28 19:22:00,Entraînement terminé.
8104,35731,2025-12-01 18:02:00,Rugby,,2025-12-01 19:34:00,Entraînement terminé.
8105,35731,2025-12-02 19:01:00,Rugby,,2025-12-02 20:22:00,
8106,35731,2025-12-03 19:53:00,Rugby,,2025-12-03 21:10:00,Très bonnes sensations.
8107,35731,2025-12-04 18:06:00,Rugby,,2025-12-04 19:27:00,
8108,35731,2025-12-05 19:20:00,Rugby,,2025-12-05 20:27:00,Bonne séance.
8109,35731,2025-12-08 07:03:00,Rugby,,2025-12-08 08:42:00,
8110,35731,2025-12-10 12:16:00,Rugby,,2025-12-10 13:34:00,Entraînement terminé.
8111,35731,2025-12-13 12:36:00,Rugby,,2025-12-13 14:20:00,Bonne séance.
8112,35731,2025-12-14 12:16:00,Rugby,,2025-12-14 14:01:00,
8113,35731,2025-12-17 07:12:00,Rugby,,2025-12-17 08:57:00,Entraînement terminé.
8114,35731,2025-12-18 09:25:00,Rugby,,2025-12-18 10:58:00,Entraînement terminé.
8115,35731,2025-12-19 17:25:00,Rugby,,2025-12-19 18:46:00,Très bonnes sensations.
8116,35731,2025-12-20 19:13:00,Rugby,,2025-12-20 20:43:00,Entraînement terminé.
8117,35731,2025-12-24 07:28:00,Rugby,,2025-12-24 08:36:00,Bonne séance.
8118,35731,2025-12-25 12:24:00,Rugby,,2025-12-25 14:10:00,
8119,35731,2025-12-26 19:18:00,Rugby,,2025-12-26 21:08:00,Très bonnes sensations.
8120,35731,2025-12-27 09:06:00,Rugby,,2025-12-27 10:15:00,
8121,35731,2025-12-28 17:38:00,Rugby,,2025-12-28 18:51:00,Bonne séance.
8122,35731,2025-12-29 09:53:00,Rugby,,2025-12-29 11:01:00,Entraînement terminé.
8123,35731,2025-12-31 07:19:00,Rugby,,2025-12-31 08:32:00,Bonne séance.
8124,35731,2026-01-01 19:23:00,Rugby,,2026-01-01 20:30:00,Très bonnes sensations.
8125,35731,2026-01-03 07:08:00,Rugby,,2026-01-03 08:33:00,Entraînement terminé.
8126,35731,2026-01-05 12:35:00,Rugby,,2026-01-05 13:53:00,
8127,35731,2026-01-06 08:42:00,Rugby,,2026-01-06 10:29:00,
8128,35731,2026-01-07 12:12:00,Rugby,,2026-01-07 13:37:00,Très bonnes sensations.
8129,35731,2026-01-10 17:04:00,Rugby,,2026-01-10 18:33:00,Entraînement terminé.
8130,35731,2026-01-13 07:15:00,Rugby,,2026-01-13 08:36:00,Bonne séance.
8131,35731,2026-01-15 12:24:00,Rugby,,2026-01-15 13:41:00,Bonne séance.
8132,35731,2026-01-16 17:53:00,Rugby,,2026-01-16 19:25:00,Bonne séance.
8133,35731,2026-01-18 17:23:00,Rugby,,2026-01-18 18:31:00,Très bonnes sensations.
8134,35731,2026-01-19 07:33:00,Rugby,,2026-01-19 09:14:00,Entraînement terminé.
8135,35731,2026-01-20 08:11:00,Rugby,,2026-01-20 09:49:00,Très bonnes sensations.
8136,35731,2026-01-23 08:18:00,Rugby,,2026-01-23 10:03:00,
8137,35731,2026-01-24 07:05:00,Rugby,,2026-01-24 08:21:00,Très bonnes sensations.
8138,35731,2026-01-27 12:12:00,Rugby,,2026-01-27 13:55:00,Très bonnes sensations.
8139,35731,2026-01-28 19:29:00,Rugby,,2026-01-28 20:31:00,Entraînement terminé.
8140,35731,2026-01-29 19:37:00,Rugby,,2026-01-29 21:16:00,
8141,35731,2026-01-30 17:26:00,Rugby,,2026-01-30 18:55:00,
8142,35731,2026-01-31 17:19:00,Rugby,,2026-01-31 18:42:00,Très bonnes sensations.
8143,35731,2026-02-02 17:24:00,Rugby,,2026-02-02 18:30:00,
8144,35731,2026-02-04 18:12:00,Rugby,,2026-02-04 20:01:00,Entraînement terminé.
8145,35731,2026-02-05 07:21:00,Rugby,,2026-02-05 08:51:00,Bonne séance.
8146,35731,2026-02-06 12:34:00,Rugby,,2026-02-06 14:20:00,
8147,35731,2026-02-08 09:51:00,Rugby,,2026-02-08 10:58:00,Très bonnes sensations.
8148,35731,2026-02-12 09:27:00,Rugby,,2026-02-12 11:06:00,Entraînement terminé.
8149,35731,2026-02-13 08:02:00,Rugby,,2026-02-13 09:32:00,Bonne séance.
8150,35731,2026-02-19 12:42:00,Rugby,,2026-02-19 14:11:00,
8151,35731,2026-02-20 18:46:00,Rugby,,2026-02-20 20:13:00,
8152,35731,2026-02-21 12:20:00,Rugby,,2026-02-21 13:52:00,Très bonnes sensations.
8153,35731,2026-02-23 09:48:00,Rugby,,2026-02-23 10:52:00,
8154,35731,2026-02-25 07:16:00,Rugby,,2026-02-25 08:50:00,Entraînement terminé.
8155,35731,2026-02-28 12:35:00,Rugby,,2026-02-28 14:20:00,Très bonnes sensations.
8156,35731,2026-03-01 19:30:00,Rugby,,2026-03-01 21:14:00,Bonne séance.
8157,35731,2026-03-02 17:53:00,Rugby,,2026-03-02 18:57:00,Bonne séance.
8158,35731,2026-03-03 19:49:00,Rugby,,2026-03-03 21:26:00,
8159,35731,2026-03-04 08:54:00,Rugby,,2026-03-04 10:25:00,Entraînement terminé.
8160,35731,2026-03-08 12:01:00,Rugby,,2026-03-08 13:41:00,Entraînement terminé.
8161,35731,2026-03-09 07:46:00,Rugby,,2026-03-09 09:30:00,Entraînement terminé.
8162,35731,2026-03-10 18:35:00,Rugby,,2026-03-10 20:24:00,Entraînement terminé.
8163,35731,2026-03-12 09:12:00,Rugby,,2026-03-12 10:41:00,Bonne séance.
8164,35731,2026-03-13 07:45:00,Rugby,,2026-03-13 09:35:00,Entraînement terminé.
8165,35731,2026-03-16 07:33:00,Rugby,,2026-03-16 08:53:00,Entraînement terminé.
8166,35731,2026-03-18 17:25:00,Rugby,,2026-03-18 18:56:00,
8167,35731,2026-03-21 12:52:00,Rugby,,2026-03-21 13:59:00,Très bonnes sensations.
8168,35731,2026-03-22 18:19:00,Rugby,,2026-03-22 19:19:00,
8169,35731,2026-03-23 07:47:00,Rugby,,2026-03-23 09:33:00,Entraînement terminé.
8170,35731,2026-03-24 07:50:00,Rugby,,2026-03-24 09:18:00,Entraînement terminé.
8171,35731,2026-03-27 12:02:00,Rugby,,2026-03-27 13:11:00,Bonne séance.
8172,35731,2026-03-28 19:55:00,Rugby,,2026-03-28 21:02:00,
8173,35731,2026-03-29 12:10:00,Rugby,,2026-03-29 13:47:00,Très bonnes sensations.
8174,35731,2026-03-31 17:47:00,Rugby,,2026-03-31 18:57:00,Bonne séance.
8175,35731,2026-04-01 18:35:00,Rugby,,2026-04-01 20:07:00,Entraînement terminé.
8176,35731,2026-04-03 18:50:00,Rugby,,2026-04-03 20:09:00,Bonne séance.
8177,35731,2026-04-04 12:59:00,Rugby,,2026-04-04 14:12:00,Entraînement terminé.
8178,35731,2026-04-06 19:23:00,Rugby,,2026-04-06 20:30:00,Très bonnes sensations.
8179,35731,2026-04-08 18:12:00,Rugby,,2026-04-08 19:38:00,Très bonnes sensations.
8180,35731,2026-04-09 18:52:00,Rugby,,2026-04-09 20:12:00,Entraînement terminé.
8181,35731,2026-04-10 12:46:00,Rugby,,2026-04-10 14:09:00,Très bonnes sensations.
8182,35731,2026-04-12 07:53:00,Rugby,,2026-04-12 09:37:00,Entraînement terminé.
8183,35731,2026-04-13 08:37:00,Rugby,,2026-04-13 10:24:00,Bonne séance.
8184,35731,2026-04-15 09:41:00,Rugby,,2026-04-15 11:26:00,
8185,35731,2026-04-17 19:27:00,Rugby,,2026-04-17 21:11:00,Très bonnes sensations.
8186,35731,2026-04-18 12:07:00,Rugby,,2026-04-18 13:42:00,Entraînement terminé.
8187,35731,2026-04-19 19:40:00,Rugby,,2026-04-19 20:46:00,Très bonnes sensations.
8188,35731,2026-04-22 09:59:00,Rugby,,2026-04-22 11:13:00,
8189,35731,2026-04-24 09:03:00,Rugby,,2026-04-24 10:13:00,Entraînement terminé.
8190,35731,2026-04-26 07:12:00,Rugby,,2026-04-26 08:18:00,Très bonnes sensations.
8191,35731,2026-04-28 18:25:00,Rugby,,2026-04-28 19:56:00,Très bonnes sensations.
8192,35731,2026-05-01 09:09:00,Rugby,,2026-05-01 10:39:00,
8193,35731,2026-05-02 12:07:00,Rugby,,2026-05-02 13:16:00,Très bonnes sensations.
8194,35731,2026-05-03 12:13:00,Rugby,,2026-05-03 14:00:00,Entraînement terminé.
8195,35731,2026-05-04 07:26:00,Rugby,,2026-05-04 09:16:00,Entraînement terminé.
8196,35731,2026-05-06 08:44:00,Rugby,,2026-05-06 10:13:00,Bonne séance.
8197,35731,2026-05-08 17:46:00,Rugby,,2026-05-08 19:24:00,
8198,35731,2026-05-09 18:18:00,Rugby,,2026-05-09 19:31:00,
8199,35731,2026-05-13 08:59:00,Rugby,,2026-05-13 10:09:00,Très bonnes sensations.
8200,35731,2026-05-14 07:09:00,Rugby,,2026-05-14 08:56:00,Entraînement terminé.
8201,35731,2026-05-15 09:15:00,Rugby,,2026-05-15 10:19:00,Très bonnes sensations.
8202,35731,2026-05-16 18:14:00,Rugby,,2026-05-16 19:50:00,
8203,35731,2026-05-19 12:08:00,Rugby,,2026-05-19 13:29:00,Très bonnes sensations.
8204,35731,2026-05-20 07:52:00,Rugby,,2026-05-20 09:10:00,Très bonnes sensations.
8205,35731,2026-05-21 19:29:00,Rugby,,2026-05-21 21:01:00,Bonne séance.
8206,35731,2026-05-22 18:02:00,Rugby,,2026-05-22 19:45:00,Bonne séance.
8207,35731,2026-05-24 09:45:00,Rugby,,2026-05-24 11:35:00,Entraînement terminé.
8208,35731,2026-05-27 07:42:00,Rugby,,2026-05-27 08:53:00,Très bonnes sensations.
8209,35731,2026-05-28 07:15:00,Rugby,,2026-05-28 08:31:00,
8210,35731,2026-05-29 18:39:00,Rugby,,2026-05-29 20:09:00,Bonne séance.
8211,35731,2026-06-01 19:49:00,Rugby,,2026-06-01 21:32:00,
8212,35731,2026-06-05 19:52:00,Rugby,,2026-06-05 21:37:00,Très bonnes sensations.
8213,35731,2026-06-06 12:28:00,Rugby,,2026-06-06 13:55:00,Très bonnes sensations.
8214,35731,2026-06-07 08:47:00,Rugby,,2026-06-07 10:27:00,Bonne séance.
8215,35731,2026-06-09 09:10:00,Rugby,,2026-06-09 10:50:00,
8216,35731,2026-06-12 18:55:00,Rugby,,2026-06-12 20:21:00,Entraînement terminé.
8217,35731,2026-06-13 08:21:00,Rugby,,2026-06-13 09:35:00,Bonne séance.
8218,35731,2026-06-14 18:00:00,Rugby,,2026-06-14 19:23:00,
8219,35731,2026-06-16 08:33:00,Rugby,,2026-06-16 09:35:00,Entraînement terminé.
8220,35731,2026-06-17 12:14:00,Rugby,,2026-06-17 13:25:00,
8221,35731,2026-06-19 08:24:00,Rugby,,2026-06-19 10:13:00,Très bonnes sensations.
8222,35731,2026-06-20 19:35:00,Rugby,,2026-06-20 21:23:00,Très bonnes sensations.
8223,35731,2026-06-22 12:07:00,Rugby,,2026-06-22 13:27:00,
8224,35731,2026-06-23 07:28:00,Rugby,,2026-06-23 08:28:00,Entraînement terminé.
8225,35731,2026-06-26 18:23:00,Rugby,,2026-06-26 19:54:00,
8226,35731,2026-06-27 09:10:00,Rugby,,2026-06-27 10:49:00,Entraînement terminé.
8227,35731,2026-07-01 12:56:00,Rugby,,2026-07-01 14:13:00,Entraînement terminé.
8228,35731,2026-07-02 07:08:00,Rugby,,2026-07-02 08:57:00,Bonne séance.
8229,35731,2026-07-04 09:59:00,Rugby,,2026-07-04 11:42:00,Très bonnes sensations.
8230,35731,2026-07-06 08:55:00,Rugby,,2026-07-06 10:20:00,Bonne séance.
8231,35731,2026-07-07 09:27:00,Rugby,,2026-07-07 10:28:00,
8232,35731,2026-07-08 12:41:00,Rugby,,2026-07-08 13:52:00,Entraînement terminé.
8233,35731,2026-07-09 18:22:00,Rugby,,2026-07-09 19:26:00,Entraînement terminé.
8234,35731,2026-07-10 07:30:00,Rugby,,2026-07-10 09:18:00,Très bonnes sensations.
8235,35731,2026-07-12 17:16:00,Rugby,,2026-07-12 18:53:00,Entraînement terminé.
8236,35731,2026-07-13 08:04:00,Rugby,,2026-07-13 09:15:00,Très bonnes sensations.
8237,35731,2026-07-14 19:12:00,Rugby,,2026-07-14 20:29:00,Entraînement terminé.
8238,35731,2026-07-15 19:55:00,Rugby,,2026-07-15 21:16:00,
8239,35731,2026-07-16 18:04:00,Rugby,,2026-07-16 19:43:00,Très bonnes sensations.
8240,35731,2026-07-19 08:17:00,Rugby,,2026-07-19 09:43:00,
8241,35731,2026-07-20 12:17:00,Rugby,,2026-07-20 14:00:00,Très bonnes sensations.
8242,51866,2025-08-02 09:15:00,Runing,5476.0,2025-08-02 09:42:40,Bonne sortie !
8243,51866,2025-08-09 12:02:00,Runing,15148.0,2025-08-09 13:24:11,
8244,51866,2025-08-28 18:06:00,Runing,5749.0,2025-08-28 18:38:52,Très bonnes sensations.
8245,51866,2025-09-07 19:53:00,Runing,12102.0,2025-09-07 21:01:28,Reprise du sport :)
8246,51866,2025-09-27 19:19:00,Runing,12073.0,2025-09-27 20:24:53,
8247,51866,2025-10-09 07:31:00,Runing,15354.0,2025-10-09 08:44:22,Bonne sortie !
8248,51866,2025-11-06 17:51:00,Runing,12711.0,2025-11-06 19:02:37,
8249,51866,2025-11-15 18:58:00,Runing,11320.0,2025-11-15 20:31:40,
8250,51866,2025-11-16 08:13:00,Runing,7630.0,2025-11-16 08:53:36,
8251,51866,2025-11-23 17:53:00,Runing,15141.0,2025-11-23 19:51:23,
8252,51866,2025-12-03 18:14:00,Runing,8591.0,2025-12-03 18:54:27,Très bonnes sensations.
8253,51866,2026-01-23 12:36:00,Runing,7971.0,2026-01-23 13:26:18,Bonne sortie !
8254,51866,2026-02-11 12:53:00,Runing,9914.0,2026-02-11 13:44:02,Bonne sortie !
8255,51866,2026-03-05 17:55:00,Runing,6115.0,2026-03-05 18:34:07,Bonne sortie !
8256,51866,2026-03-21 19:17:00,Runing,13189.0,2026-03-21 20:35:42,Reprise du sport :)
8257,51866,2026-03-26 07:54:00,Runing,5820.0,2026-03-26 08:31:25,Bonne sortie !
8258,51866,2026-05-01 12:23:00,Runing,9836.0,2026-05-01 13:09:04,Reprise du sport :)
8259,51866,2026-05-08 19:07:00,Runing,15435.0,2026-05-08 20:44:18,Reprise du sport :)
8260,51866,2026-05-16 19:58:00,Runing,11393.0,2026-05-16 21:01:21,Bonne sortie !
8261,51866,2026-05-28 17:22:00,Runing,16915.0,2026-05-28 19:40:12,Bonne sortie !
8262,51866,2026-06-02 18:06:00,Runing,9519.0,2026-06-02 19:12:14,
8263,51866,2026-06-08 18:45:00,Runing,12233.0,2026-06-08 19:44:51,Bonne sortie !
8264,51866,2026-07-13 09:57:00,Runing,14918.0,2026-07-13 11:06:32,Très bonnes sensations.
8265,51866,2026-07-20 07:58:00,Runing,6053.0,2026-07-20 08:36:19,Bonne sortie !
8266,19260,2025-07-22 09:20:00,Runing,11914.0,2025-07-22 10:36:12,
8267,19260,2025-07-23 18:20:00,Runing,17012.0,2025-07-23 20:01:50,Bonne sortie !
8268,19260,2025-07-26 09:56:00,Runing,3592.0,2025-07-26 10:17:19,Reprise du sport :)
8269,19260,2025-07-29 19:09:00,Runing,14064.0,2025-07-29 20:26:53,Reprise du sport :)
8270,19260,2025-08-01 17:34:00,Runing,11354.0,2025-08-01 19:01:54,Bonne sortie !
8271,19260,2025-08-06 17:24:00,Runing,9109.0,2025-08-06 18:22:52,Bonne sortie !
8272,19260,2025-08-12 18:58:00,Runing,12796.0,2025-08-12 20:18:55,Bonne sortie !
8273,19260,2025-08-20 08:08:00,Runing,6932.0,2025-08-20 08:51:51,Bonne sortie !
8274,19260,2025-08-22 07:51:00,Runing,5851.0,2025-08-22 08:26:45,Bonne sortie !
8275,19260,2025-08-24 08:39:00,Runing,15116.0,2025-08-24 10:04:13,Reprise du sport :)
8276,19260,2025-08-28 09:40:00,Runing,10705.0,2025-08-28 10:33:29,
8277,19260,2025-09-06 19:54:00,Runing,16834.0,2025-09-06 22:03:24,
8278,19260,2025-09-13 12:31:00,Runing,4321.0,2025-09-13 12:54:25,
8279,19260,2025-09-15 09:23:00,Runing,17213.0,2025-09-15 10:45:43,Bonne sortie !
8280,19260,2025-09-18 18:24:00,Runing,13822.0,2025-09-18 19:35:48,Reprise du sport :)
8281,19260,2025-09-22 19:23:00,Runing,13927.0,2025-09-22 21:03:54,
8282,19260,2025-09-24 19:41:00,Runing,7618.0,2025-09-24 20:21:53,
8283,19260,2025-10-03 08:11:00,Runing,6904.0,2025-10-03 08:47:17,
8284,19260,2025-10-08 12:54:00,Runing,12389.0,2025-10-08 14:02:41,Très bonnes sensations.
8285,19260,2025-10-10 12:40:00,Runing,10968.0,2025-10-10 13:31:35,Reprise du sport :)
8286,19260,2025-10-11 12:30:00,Runing,13582.0,2025-10-11 13:45:24,
8287,19260,2025-10-12 09:00:00,Runing,12032.0,2025-10-12 10:26:07,Reprise du sport :)
8288,19260,2025-10-17 08:47:00,Runing,10672.0,2025-10-17 09:40:01,Bonne sortie !
8289,19260,2025-10-18 12:01:00,Runing,15981.0,2025-10-18 14:08:41,Très bonnes sensations.
8290,19260,2025-10-22 19:39:00,Runing,15336.0,2025-10-22 21:20:24,Bonne sortie !
8291,19260,2025-10-24 08:55:00,Runing,15238.0,2025-10-24 10:07:36,Bonne sortie !
8292,19260,2025-10-28 08:37:00,Runing,6702.0,2025-10-28 09:08:48,Bonne sortie !
8293,19260,2025-11-04 08:23:00,Runing,17501.0,2025-11-04 09:53:38,Très bonnes sensations.
8294,19260,2025-11-10 12:29:00,Runing,7132.0,2025-11-10 13:15:39,Reprise du sport :)
8295,19260,2025-11-15 07:10:00,Runing,4747.0,2025-11-15 07:36:01,Reprise du sport :)
8296,19260,2025-11-16 07:59:00,Runing,7619.0,2025-11-16 08:44:00,Très bonnes sensations.
8297,19260,2025-11-24 18:24:00,Runing,6106.0,2025-11-24 18:59:58,Très bonnes sensations.
8298,19260,2025-12-03 17:53:00,Runing,11282.0,2025-12-03 18:48:18,Bonne sortie !
8299,19260,2025-12-04 19:50:00,Runing,3259.0,2025-12-04 20:06:56,Reprise du sport :)
8300,19260,2025-12-06 12:21:00,Runing,17749.0,2025-12-06 13:56:42,Bonne sortie !
8301,19260,2025-12-11 19:38:00,Runing,8096.0,2025-12-11 20:28:10,Très bonnes sensations.
8302,19260,2025-12-12 07:56:00,Runing,9280.0,2025-12-12 08:49:15,Bonne sortie !
8303,19260,2025-12-15 09:15:00,Runing,5143.0,2025-12-15 09:43:23,
8304,19260,2025-12-18 08:59:00,Runing,8197.0,2025-12-18 09:54:30,
8305,19260,2025-12-20 19:26:00,Runing,14676.0,2025-12-20 20:46:07,Très bonnes sensations.
8306,19260,2025-12-23 18:28:00,Runing,11607.0,2025-12-23 19:31:23,
8307,19260,2025-12-24 17:48:00,Runing,12330.0,2025-12-24 19:01:15,Très bonnes sensations.
8308,19260,2025-12-26 08:45:00,Runing,9787.0,2025-12-26 09:36:10,
8309,19260,2026-01-03 17:20:00,Runing,13131.0,2026-01-03 18:29:39,Reprise du sport :)
8310,19260,2026-01-04 07:45:00,Runing,12179.0,2026-01-04 09:06:05,Très bonnes sensations.
8311,19260,2026-01-05 08:14:00,Runing,13363.0,2026-01-05 09:43:09,
8312,19260,2026-01-09 07:39:00,Runing,7600.0,2026-01-09 08:25:42,Très bonnes sensations.
8313,19260,2026-01-14 08:25:00,Runing,14054.0,2026-01-14 10:08:05,Très bonnes sensations.
8314,19260,2026-01-15 19:22:00,Runing,7785.0,2026-01-15 20:02:17,Très bonnes sensations.
8315,19260,2026-01-18 18:30:00,Runing,12076.0,2026-01-18 19:37:19,Bonne sortie !
8316,19260,2026-01-21 19:55:00,Runing,16013.0,2026-01-21 21:58:00,
8317,19260,2026-01-22 17:45:00,Runing,13564.0,2026-01-22 19:30:09,
8318,19260,2026-01-30 09:11:00,Runing,11267.0,2026-01-30 10:07:48,Très bonnes sensations.
8319,19260,2026-02-01 09:05:00,Runing,8272.0,2026-02-01 09:54:59,Reprise du sport :)
8320,19260,2026-02-02 07:16:00,Runing,17205.0,2026-02-02 08:54:21,
8321,19260,2026-02-04 17:44:00,Runing,9513.0,2026-02-04 18:43:01,
8322,19260,2026-02-08 18:16:00,Runing,13340.0,2026-02-08 19:19:19,Très bonnes sensations.
8323,19260,2026-02-12 08:17:00,Runing,5566.0,2026-02-12 08:47:29,Très bonnes sensations.
8324,19260,2026-02-13 19:43:00,Runing,17742.0,2026-02-13 21:21:09,Très bonnes sensations.
8325,19260,2026-02-17 18:08:00,Runing,13144.0,2026-02-17 19:37:47,Bonne sortie !
8326,19260,2026-02-20 19:02:00,Runing,8657.0,2026-02-20 20:09:33,
8327,19260,2026-02-23 07:11:00,Runing,13691.0,2026-02-23 08:49:56,Reprise du sport :)
8328,19260,2026-02-24 08:48:00,Runing,6850.0,2026-02-24 09:33:51,Très bonnes sensations.
8329,19260,2026-02-25 12:23:00,Runing,14067.0,2026-02-25 13:50:09,Très bonnes sensations.
8330,19260,2026-03-02 09:57:00,Runing,14832.0,2026-03-02 11:12:55,Bonne sortie !
8331,19260,2026-03-04 12:51:00,Runing,16647.0,2026-03-04 14:17:00,Très bonnes sensations.
8332,19260,2026-03-08 18:04:00,Runing,3148.0,2026-03-08 18:25:28,Très bonnes sensations.
8333,19260,2026-03-09 17:05:00,Runing,7206.0,2026-03-09 18:06:43,Très bonnes sensations.
8334,19260,2026-03-20 18:40:00,Runing,5987.0,2026-03-20 19:09:26,
8335,19260,2026-03-22 17:38:00,Runing,3577.0,2026-03-22 17:59:42,Reprise du sport :)
8336,19260,2026-03-27 12:25:00,Runing,17538.0,2026-03-27 13:58:33,Très bonnes sensations.
8337,19260,2026-03-31 12:09:00,Runing,16003.0,2026-03-31 13:28:34,
8338,19260,2026-04-01 12:07:00,Runing,15299.0,2026-04-01 13:19:46,Reprise du sport :)
8339,19260,2026-04-04 19:14:00,Runing,9033.0,2026-04-04 20:12:02,Bonne sortie !
8340,19260,2026-04-05 09:48:00,Runing,6231.0,2026-04-05 10:28:07,Reprise du sport :)
8341,19260,2026-04-06 18:09:00,Runing,17476.0,2026-04-06 20:03:17,Très bonnes sensations.
8342,19260,2026-04-10 18:47:00,Runing,17572.0,2026-04-10 20:40:38,Bonne sortie !
8343,19260,2026-04-12 12:35:00,Runing,15439.0,2026-04-12 14:37:30,
8344,19260,2026-04-17 18:31:00,Runing,5881.0,2026-04-17 19:05:49,Bonne sortie !
8345,19260,2026-04-21 19:24:00,Runing,7391.0,2026-04-21 19:58:58,Très bonnes sensations.
8346,19260,2026-04-22 18:43:00,Runing,4179.0,2026-04-22 19:13:57,Très bonnes sensations.
8347,19260,2026-04-23 07:16:00,Runing,12984.0,2026-04-23 08:25:39,Bonne sortie !
8348,19260,2026-04-27 07:49:00,Runing,12389.0,2026-04-27 09:08:20,Très bonnes sensations.
8349,19260,2026-04-29 09:25:00,Runing,14436.0,2026-04-29 11:03:33,Bonne sortie !
8350,19260,2026-05-01 17:55:00,Runing,15485.0,2026-05-01 20:03:31,Reprise du sport :)
8351,19260,2026-05-08 17:53:00,Runing,8519.0,2026-05-08 18:47:37,Très bonnes sensations.
8352,19260,2026-05-10 07:41:00,Runing,9453.0,2026-05-10 08:50:08,Bonne sortie !
8353,19260,2026-05-17 18:04:00,Runing,9370.0,2026-05-17 19:09:43,Très bonnes sensations.
8354,19260,2026-05-19 17:29:00,Runing,17256.0,2026-05-19 18:59:27,
8355,19260,2026-05-23 19:19:00,Runing,16750.0,2026-05-23 20:39:41,
8356,19260,2026-05-25 18:41:00,Runing,8962.0,2026-05-25 19:27:23,Bonne sortie !
8357,19260,2026-06-01 17:26:00,Runing,8978.0,2026-06-01 18:08:48,Très bonnes sensations.
8358,19260,2026-06-03 18:56:00,Runing,5673.0,2026-06-03 19:25:22,Reprise du sport :)
8359,19260,2026-06-05 17:47:00,Runing,11914.0,2026-06-05 19:03:25,Très bonnes sensations.
8360,19260,2026-06-07 09:23:00,Runing,7885.0,2026-06-07 10:09:50,
8361,19260,2026-06-12 12:05:00,Runing,5984.0,2026-06-12 12:37:10,Très bonnes sensations.
8362,19260,2026-06-14 09:18:00,Runing,14531.0,2026-06-14 10:42:41,Très bonnes sensations.
8363,19260,2026-06-18 07:03:00,Runing,13761.0,2026-06-18 08:49:21,Bonne sortie !
8364,19260,2026-06-20 08:49:00,Runing,14393.0,2026-06-20 10:01:15,Bonne sortie !
8365,19260,2026-06-24 17:36:00,Runing,6195.0,2026-06-24 18:13:50,Reprise du sport :)
8366,19260,2026-06-28 07:15:00,Runing,10119.0,2026-06-28 08:07:35,Reprise du sport :)
8367,19260,2026-06-29 07:23:00,Runing,11187.0,2026-06-29 08:30:51,Bonne sortie !
8368,19260,2026-07-05 09:11:00,Runing,14475.0,2026-07-05 10:31:46,Reprise du sport :)
8369,19260,2026-07-09 07:46:00,Runing,12673.0,2026-07-09 09:09:23,Très bonnes sensations.
8370,19260,2026-07-11 19:05:00,Runing,10748.0,2026-07-11 20:12:04,Reprise du sport :)
8371,19260,2026-07-16 08:09:00,Runing,6606.0,2026-07-16 08:44:32,Reprise du sport :)
8372,19260,2026-07-18 08:44:00,Runing,11958.0,2026-07-18 10:04:16,Très bonnes sensations.
8373,19260,2026-07-19 08:00:00,Runing,15842.0,2026-07-19 09:26:24,Bonne sortie !
8374,19260,2026-07-20 17:49:00,Runing,17250.0,2026-07-20 19:20:45,Bonne sortie !
8375,50955,2025-07-21 19:28:00,Rugby,,2025-07-21 21:01:00,Très bonnes sensations.
8376,50955,2025-07-24 07:23:00,Rugby,,2025-07-24 09:09:00,Bonne séance.
8377,50955,2025-07-31 18:26:00,Rugby,,2025-07-31 19:45:00,Très bonnes sensations.
8378,50955,2025-08-02 08:26:00,Rugby,,2025-08-02 09:59:00,Entraînement terminé.
8379,50955,2025-08-05 09:43:00,Rugby,,2025-08-05 11:06:00,Entraînement terminé.
8380,50955,2025-08-06 07:29:00,Rugby,,2025-08-06 09:12:00,Bonne séance.
8381,50955,2025-08-09 17:15:00,Rugby,,2025-08-09 18:21:00,
8382,50955,2025-08-14 09:46:00,Rugby,,2025-08-14 11:29:00,
8383,50955,2025-08-17 12:20:00,Rugby,,2025-08-17 13:45:00,Entraînement terminé.
8384,50955,2025-08-21 19:59:00,Rugby,,2025-08-21 21:21:00,
8385,50955,2025-08-23 18:43:00,Rugby,,2025-08-23 20:04:00,
8386,50955,2025-08-24 07:06:00,Rugby,,2025-08-24 08:06:00,Très bonnes sensations.
8387,50955,2025-08-26 12:38:00,Rugby,,2025-08-26 14:09:00,Entraînement terminé.
8388,50955,2025-08-28 09:31:00,Rugby,,2025-08-28 10:58:00,
8389,50955,2025-09-01 19:49:00,Rugby,,2025-09-01 21:35:00,Très bonnes sensations.
8390,50955,2025-09-03 12:12:00,Rugby,,2025-09-03 13:36:00,Entraînement terminé.
8391,50955,2025-09-04 12:48:00,Rugby,,2025-09-04 14:09:00,Bonne séance.
8392,50955,2025-09-08 09:52:00,Rugby,,2025-09-08 11:20:00,Très bonnes sensations.
8393,50955,2025-09-18 12:14:00,Rugby,,2025-09-18 13:26:00,Très bonnes sensations.
8394,50955,2025-09-19 17:57:00,Rugby,,2025-09-19 19:06:00,Bonne séance.
8395,50955,2025-09-22 07:39:00,Rugby,,2025-09-22 08:43:00,Entraînement terminé.
8396,50955,2025-09-24 07:11:00,Rugby,,2025-09-24 08:24:00,Très bonnes sensations.
8397,50955,2025-09-25 09:13:00,Rugby,,2025-09-25 10:48:00,Très bonnes sensations.
8398,50955,2025-09-30 09:03:00,Rugby,,2025-09-30 10:23:00,Bonne séance.
8399,50955,2025-10-09 09:00:00,Rugby,,2025-10-09 10:20:00,
8400,50955,2025-10-13 19:26:00,Rugby,,2025-10-13 20:27:00,Très bonnes sensations.
8401,50955,2025-10-15 19:58:00,Rugby,,2025-10-15 21:39:00,Très bonnes sensations.
8402,50955,2025-10-23 07:17:00,Rugby,,2025-10-23 08:39:00,Très bonnes sensations.
8403,50955,2025-10-27 12:01:00,Rugby,,2025-10-27 13:37:00,Entraînement terminé.
8404,50955,2025-10-29 17:07:00,Rugby,,2025-10-29 18:45:00,
8405,50955,2025-11-04 12:46:00,Rugby,,2025-11-04 14:00:00,Très bonnes sensations.
8406,50955,2025-11-08 12:23:00,Rugby,,2025-11-08 13:36:00,Très bonnes sensations.
8407,50955,2025-11-11 17:28:00,Rugby,,2025-11-11 18:47:00,Entraînement terminé.
8408,50955,2025-11-13 18:55:00,Rugby,,2025-11-13 20:18:00,Très bonnes sensations.
8409,50955,2025-11-15 07:15:00,Rugby,,2025-11-15 08:22:00,Entraînement terminé.
8410,50955,2025-11-18 17:59:00,Rugby,,2025-11-18 19:23:00,
8411,50955,2025-11-21 12:15:00,Rugby,,2025-11-21 13:51:00,Entraînement terminé.
8412,50955,2025-11-25 12:16:00,Rugby,,2025-11-25 13:46:00,Très bonnes sensations.
8413,50955,2025-12-01 12:40:00,Rugby,,2025-12-01 13:50:00,
8414,50955,2025-12-02 08:14:00,Rugby,,2025-12-02 09:46:00,Entraînement terminé.
8415,50955,2025-12-09 12:57:00,Rugby,,2025-12-09 14:01:00,
8416,50955,2025-12-10 17:48:00,Rugby,,2025-12-10 19:24:00,Très bonnes sensations.
8417,50955,2025-12-13 09:23:00,Rugby,,2025-12-13 10:54:00,Bonne séance.
8418,50955,2025-12-19 08:52:00,Rugby,,2025-12-19 10:30:00,
8419,50955,2025-12-21 09:37:00,Rugby,,2025-12-21 10:37:00,Entraînement terminé.
8420,50955,2025-12-26 09:22:00,Rugby,,2025-12-26 11:09:00,
8421,50955,2025-12-27 12:14:00,Rugby,,2025-12-27 13:38:00,Entraînement terminé.
8422,50955,2025-12-28 09:46:00,Rugby,,2025-12-28 11:22:00,
8423,50955,2025-12-30 17:14:00,Rugby,,2025-12-30 18:31:00,Entraînement terminé.
8424,50955,2026-01-03 08:18:00,Rugby,,2026-01-03 09:44:00,Bonne séance.
8425,50955,2026-01-04 08:12:00,Rugby,,2026-01-04 09:51:00,Bonne séance.
8426,50955,2026-01-07 08:56:00,Rugby,,2026-01-07 09:59:00,Très bonnes sensations.
8427,50955,2026-01-09 09:15:00,Rugby,,2026-01-09 10:27:00,Entraînement terminé.
8428,50955,2026-01-16 09:39:00,Rugby,,2026-01-16 11:09:00,Entraînement terminé.
8429,50955,2026-01-18 17:25:00,Rugby,,2026-01-18 18:35:00,Bonne séance.
8430,50955,2026-01-22 18:45:00,Rugby,,2026-01-22 19:52:00,Très bonnes sensations.
8431,50955,2026-01-23 07:33:00,Rugby,,2026-01-23 09:04:00,Très bonnes sensations.
8432,50955,2026-01-27 17:41:00,Rugby,,2026-01-27 19:16:00,Bonne séance.
8433,50955,2026-01-28 19:44:00,Rugby,,2026-01-28 21:34:00,Très bonnes sensations.
8434,50955,2026-01-30 08:29:00,Rugby,,2026-01-30 09:56:00,Bonne séance.
8435,50955,2026-02-05 12:29:00,Rugby,,2026-02-05 13:43:00,Bonne séance.
8436,50955,2026-02-11 12:01:00,Rugby,,2026-02-11 13:37:00,Très bonnes sensations.
8437,50955,2026-02-14 18:36:00,Rugby,,2026-02-14 20:07:00,Entraînement terminé.
8438,50955,2026-02-15 18:41:00,Rugby,,2026-02-15 19:59:00,Entraînement terminé.
8439,50955,2026-02-21 09:42:00,Rugby,,2026-02-21 10:44:00,Très bonnes sensations.
8440,50955,2026-02-23 08:39:00,Rugby,,2026-02-23 10:25:00,
8441,50955,2026-02-25 18:05:00,Rugby,,2026-02-25 19:06:00,Très bonnes sensations.
8442,50955,2026-02-26 17:14:00,Rugby,,2026-02-26 18:59:00,Bonne séance.
8443,50955,2026-03-02 08:28:00,Rugby,,2026-03-02 10:01:00,Bonne séance.
8444,50955,2026-03-03 09:18:00,Rugby,,2026-03-03 10:42:00,Bonne séance.
8445,50955,2026-03-04 07:21:00,Rugby,,2026-03-04 09:00:00,Entraînement terminé.
8446,50955,2026-03-08 12:31:00,Rugby,,2026-03-08 13:38:00,
8447,50955,2026-03-10 12:28:00,Rugby,,2026-03-10 13:48:00,Bonne séance.
8448,50955,2026-03-13 17:35:00,Rugby,,2026-03-13 19:24:00,Très bonnes sensations.
8449,50955,2026-03-17 19:40:00,Rugby,,2026-03-17 21:00:00,
8450,50955,2026-03-25 18:02:00,Rugby,,2026-03-25 19:34:00,Entraînement terminé.
8451,50955,2026-03-26 07:31:00,Rugby,,2026-03-26 08:52:00,Entraînement terminé.
8452,50955,2026-03-28 19:12:00,Rugby,,2026-03-28 20:56:00,
8453,50955,2026-03-30 12:21:00,Rugby,,2026-03-30 14:00:00,Très bonnes sensations.
8454,50955,2026-04-03 08:27:00,Rugby,,2026-04-03 10:00:00,Bonne séance.
8455,50955,2026-04-05 18:44:00,Rugby,,2026-04-05 19:45:00,Entraînement terminé.
8456,50955,2026-04-07 07:51:00,Rugby,,2026-04-07 09:03:00,
8457,50955,2026-04-08 12:38:00,Rugby,,2026-04-08 14:04:00,Très bonnes sensations.
8458,50955,2026-04-12 19:08:00,Rugby,,2026-04-12 20:42:00,
8459,50955,2026-04-22 08:35:00,Rugby,,2026-04-22 10:03:00,
8460,50955,2026-04-23 19:59:00,Rugby,,2026-04-23 21:10:00,Très bonnes sensations.
8461,50955,2026-04-27 17:56:00,Rugby,,2026-04-27 19:31:00,Bonne séance.
8462,50955,2026-04-28 07:18:00,Rugby,,2026-04-28 09:04:00,Bonne séance.
8463,50955,2026-04-29 09:05:00,Rugby,,2026-04-29 10:19:00,Très bonnes sensations.
8464,50955,2026-05-06 08:00:00,Rugby,,2026-05-06 09:27:00,Bonne séance.
8465,50955,2026-05-10 17:13:00,Rugby,,2026-05-10 18:15:00,Très bonnes sensations.
8466,50955,2026-05-12 17:16:00,Rugby,,2026-05-12 18:59:00,Bonne séance.
8467,50955,2026-05-14 19:27:00,Rugby,,2026-05-14 21:16:00,
8468,50955,2026-05-18 08:34:00,Rugby,,2026-05-18 09:59:00,Très bonnes sensations.
8469,50955,2026-05-20 09:42:00,Rugby,,2026-05-20 11:08:00,
8470,50955,2026-05-27 09:59:00,Rugby,,2026-05-27 11:21:00,Entraînement terminé.
8471,50955,2026-05-30 12:50:00,Rugby,,2026-05-30 14:05:00,Entraînement terminé.
8472,50955,2026-05-31 09:47:00,Rugby,,2026-05-31 11:35:00,Très bonnes sensations.
8473,50955,2026-06-06 12:57:00,Rugby,,2026-06-06 14:39:00,Bonne séance.
8474,50955,2026-06-07 07:11:00,Rugby,,2026-06-07 08:32:00,
8475,50955,2026-06-09 07:40:00,Rugby,,2026-06-09 09:14:00,Entraînement terminé.
8476,50955,2026-06-17 08:13:00,Rugby,,2026-06-17 09:34:00,Très bonnes sensations.
8477,50955,2026-06-18 17:18:00,Rugby,,2026-06-18 19:06:00,Entraînement terminé.
8478,50955,2026-06-22 07:33:00,Rugby,,2026-06-22 08:34:00,Bonne séance.
8479,50955,2026-06-26 09:07:00,Rugby,,2026-06-26 10:08:00,Entraînement terminé.
8480,50955,2026-06-30 07:50:00,Rugby,,2026-06-30 09:19:00,Entraînement terminé.
8481,50955,2026-07-05 12:00:00,Rugby,,2026-07-05 13:33:00,
8482,50955,2026-07-06 12:49:00,Rugby,,2026-07-06 14:32:00,
8483,50955,2026-07-08 07:21:00,Rugby,,2026-07-08 09:01:00,Entraînement terminé.
8484,50955,2026-07-12 08:41:00,Rugby,,2026-07-12 09:59:00,
8485,50955,2026-07-15 18:17:00,Rugby,,2026-07-15 19:45:00,Entraînement terminé.
8486,50955,2026-07-18 07:02:00,Rugby,,2026-07-18 08:04:00,Entraînement terminé.
8487,50955,2026-07-19 18:35:00,Rugby,,2026-07-19 20:12:00,Bonne séance.
8488,50955,2026-07-20 08:40:00,Rugby,,2026-07-20 10:10:00,
8489,42960,2025-07-20 18:24:00,Runing,8081.0,2025-07-20 19:09:34,Reprise du sport :)
8490,42960,2025-07-24 17:15:00,Runing,8440.0,2025-07-24 18:07:38,Reprise du sport :)
8491,42960,2025-07-25 18:44:00,Runing,16964.0,2025-07-25 20:06:15,
8492,42960,2025-07-28 08:35:00,Runing,6564.0,2025-07-28 09:16:48,Très bonnes sensations.
8493,42960,2025-07-30 08:55:00,Runing,5699.0,2025-07-30 09:33:44,Reprise du sport :)
8494,42960,2025-08-01 19:32:00,Runing,15186.0,2025-08-01 21:32:09,
8495,42960,2025-08-04 09:04:00,Runing,15817.0,2025-08-04 10:25:58,Reprise du sport :)
8496,42960,2025-08-08 19:41:00,Runing,13942.0,2025-08-08 21:24:13,Reprise du sport :)
8497,42960,2025-08-09 18:40:00,Runing,17286.0,2025-08-09 20:08:39,Très bonnes sensations.
8498,42960,2025-08-11 18:38:00,Runing,3577.0,2025-08-11 18:56:28,
8499,42960,2025-08-15 09:22:00,Runing,6468.0,2025-08-15 09:58:47,
8500,42960,2025-08-22 17:55:00,Runing,15461.0,2025-08-22 19:25:24,Très bonnes sensations.
8501,42960,2025-08-23 12:40:00,Runing,5715.0,2025-08-23 13:08:27,
8502,42960,2025-08-24 17:24:00,Runing,4793.0,2025-08-24 17:49:09,
8503,42960,2025-08-29 17:37:00,Runing,11224.0,2025-08-29 18:30:09,Bonne sortie !
8504,42960,2025-09-03 19:00:00,Runing,12666.0,2025-09-03 20:15:57,
8505,42960,2025-09-10 17:06:00,Runing,6651.0,2025-09-10 17:38:17,Bonne sortie !
8506,42960,2025-09-11 19:40:00,Runing,11938.0,2025-09-11 21:01:44,
8507,42960,2025-09-14 09:03:00,Runing,4657.0,2025-09-14 09:33:05,Reprise du sport :)
8508,42960,2025-09-15 09:59:00,Runing,9698.0,2025-09-15 11:01:30,Bonne sortie !
8509,42960,2025-09-18 09:28:00,Runing,6795.0,2025-09-18 10:21:09,Reprise du sport :)
8510,42960,2025-09-24 07:08:00,Runing,10231.0,2025-09-24 08:13:12,Très bonnes sensations.
8511,42960,2025-09-29 19:48:00,Runing,17522.0,2025-09-29 21:28:05,Très bonnes sensations.
8512,42960,2025-10-04 19:47:00,Runing,13467.0,2025-10-04 21:03:55,Reprise du sport :)
8513,42960,2025-10-07 07:35:00,Runing,3981.0,2025-10-07 07:57:09,Très bonnes sensations.
8514,42960,2025-10-11 07:29:00,Runing,17806.0,2025-10-11 09:36:21,Bonne sortie !
8515,42960,2025-10-18 09:49:00,Runing,11127.0,2025-10-18 11:17:16,Très bonnes sensations.
8516,42960,2025-10-21 08:24:00,Runing,16549.0,2025-10-21 10:36:29,Reprise du sport :)
8517,42960,2025-10-26 09:02:00,Runing,16896.0,2025-10-26 11:00:01,
8518,42960,2025-10-29 09:11:00,Runing,10047.0,2025-10-29 10:21:22,Reprise du sport :)
8519,42960,2025-11-03 17:57:00,Runing,15968.0,2025-11-03 19:38:01,Reprise du sport :)
8520,42960,2025-11-06 18:23:00,Runing,7209.0,2025-11-06 19:20:32,
8521,42960,2025-11-07 19:14:00,Runing,14965.0,2025-11-07 20:29:25,
8522,42960,2025-11-13 12:53:00,Runing,10021.0,2025-11-13 14:09:59,Bonne sortie !
8523,42960,2025-11-15 19:35:00,Runing,16237.0,2025-11-15 21:34:29,Bonne sortie !
8524,42960,2025-11-17 09:57:00,Runing,5844.0,2025-11-17 10:26:28,Très bonnes sensations.
8525,42960,2025-11-18 07:45:00,Runing,16134.0,2025-11-18 09:22:38,
8526,42960,2025-11-19 09:27:00,Runing,7284.0,2025-11-19 10:03:13,Reprise du sport :)
8527,42960,2025-11-29 08:27:00,Runing,14367.0,2025-11-29 10:18:19,Reprise du sport :)
8528,42960,2025-12-02 08:20:00,Runing,8787.0,2025-12-02 09:18:16,
8529,42960,2025-12-08 18:09:00,Runing,16617.0,2025-12-08 20:21:25,Reprise du sport :)
8530,42960,2025-12-10 07:55:00,Runing,14271.0,2025-12-10 09:28:28,
8531,42960,2025-12-13 19:00:00,Runing,12431.0,2025-12-13 20:07:48,Reprise du sport :)
8532,42960,2025-12-20 18:23:00,Runing,15660.0,2025-12-20 20:22:43,Très bonnes sensations.
8533,42960,2025-12-21 12:57:00,Runing,11866.0,2025-12-21 14:08:03,
8534,42960,2025-12-23 17:57:00,Runing,7487.0,2025-12-23 18:38:17,Bonne sortie !
8535,42960,2025-12-28 12:04:00,Runing,5478.0,2025-12-28 12:39:10,Bonne sortie !
8536,42960,2025-12-29 09:02:00,Runing,14342.0,2025-12-29 10:20:21,Bonne sortie !
8537,42960,2025-12-31 12:33:00,Runing,4725.0,2025-12-31 12:57:52,Bonne sortie !
8538,42960,2026-01-07 12:10:00,Runing,10394.0,2026-01-07 13:23:30,Bonne sortie !
8539,42960,2026-01-12 12:58:00,Runing,14812.0,2026-01-12 14:30:48,Reprise du sport :)
8540,42960,2026-01-14 12:56:00,Runing,13066.0,2026-01-14 14:22:58,
8541,42960,2026-01-20 17:28:00,Runing,13488.0,2026-01-20 18:40:01,Reprise du sport :)
8542,42960,2026-01-21 17:43:00,Runing,5474.0,2026-01-21 18:08:33,Reprise du sport :)
8543,42960,2026-01-23 09:38:00,Runing,13003.0,2026-01-23 11:13:34,
8544,42960,2026-01-28 12:22:00,Runing,13439.0,2026-01-28 13:27:31,Bonne sortie !
8545,42960,2026-02-04 17:16:00,Runing,14621.0,2026-02-04 18:29:47,
8546,42960,2026-02-06 18:21:00,Runing,6766.0,2026-02-06 19:04:04,Très bonnes sensations.
8547,42960,2026-02-07 12:41:00,Runing,11214.0,2026-02-07 14:02:30,Bonne sortie !
8548,42960,2026-02-09 07:25:00,Runing,5022.0,2026-02-09 07:49:17,Bonne sortie !
8549,42960,2026-02-18 12:38:00,Runing,3242.0,2026-02-18 12:59:30,Reprise du sport :)
8550,42960,2026-02-23 17:43:00,Runing,11749.0,2026-02-23 19:07:38,Bonne sortie !
8551,42960,2026-03-06 09:50:00,Runing,13891.0,2026-03-06 10:55:54,
8552,42960,2026-03-08 12:17:00,Runing,11856.0,2026-03-08 13:16:45,Bonne sortie !
8553,42960,2026-03-11 08:27:00,Runing,5214.0,2026-03-11 08:57:35,
8554,42960,2026-03-14 19:38:00,Runing,6638.0,2026-03-14 20:17:49,Reprise du sport :)
8555,42960,2026-03-15 07:22:00,Runing,7522.0,2026-03-15 08:00:45,Bonne sortie !
8556,42960,2026-03-22 09:31:00,Runing,7031.0,2026-03-22 10:20:17,
8557,42960,2026-03-25 19:20:00,Runing,12499.0,2026-03-25 20:23:27,
8558,42960,2026-03-26 18:24:00,Runing,15695.0,2026-03-26 20:02:32,Très bonnes sensations.
8559,42960,2026-03-30 18:24:00,Runing,8787.0,2026-03-30 19:35:39,Très bonnes sensations.
8560,42960,2026-04-06 12:58:00,Runing,13699.0,2026-04-06 14:40:08,Bonne sortie !
8561,42960,2026-04-15 17:40:00,Runing,12914.0,2026-04-15 19:19:27,Reprise du sport :)
8562,42960,2026-04-18 07:40:00,Runing,15809.0,2026-04-18 09:12:05,Bonne sortie !
8563,42960,2026-04-19 19:49:00,Runing,7009.0,2026-04-19 20:35:36,Très bonnes sensations.
8564,42960,2026-04-24 08:04:00,Runing,3988.0,2026-04-24 08:27:31,
8565,42960,2026-04-28 19:30:00,Runing,16833.0,2026-04-28 21:04:33,Très bonnes sensations.
8566,42960,2026-05-03 18:39:00,Runing,17487.0,2026-05-03 20:22:28,
8567,42960,2026-05-04 17:39:00,Runing,10825.0,2026-05-04 18:38:50,Bonne sortie !
8568,42960,2026-05-06 19:27:00,Runing,11699.0,2026-05-06 20:41:53,Reprise du sport :)
8569,42960,2026-05-14 08:26:00,Runing,12049.0,2026-05-14 10:01:39,Très bonnes sensations.
8570,42960,2026-05-18 07:18:00,Runing,3687.0,2026-05-18 07:40:55,Bonne sortie !
8571,42960,2026-05-22 12:12:00,Runing,3883.0,2026-05-22 12:34:57,Très bonnes sensations.
8572,42960,2026-05-23 07:59:00,Runing,7596.0,2026-05-23 08:38:32,
8573,42960,2026-05-28 07:38:00,Runing,17641.0,2026-05-28 09:01:11,
8574,42960,2026-06-02 19:50:00,Runing,15106.0,2026-06-02 21:12:28,Bonne sortie !
8575,42960,2026-06-07 12:00:00,Runing,13362.0,2026-06-07 13:39:25,Reprise du sport :)
8576,42960,2026-06-13 12:18:00,Runing,11415.0,2026-06-13 13:15:18,Très bonnes sensations.
8577,42960,2026-06-18 19:33:00,Runing,13093.0,2026-06-18 21:10:49,Bonne sortie !
8578,42960,2026-06-19 08:29:00,Runing,6742.0,2026-06-19 09:08:40,Reprise du sport :)
8579,42960,2026-06-20 08:09:00,Runing,12765.0,2026-06-20 09:14:25,Bonne sortie !
8580,42960,2026-06-22 17:29:00,Runing,13987.0,2026-06-22 18:44:47,Reprise du sport :)
8581,42960,2026-06-28 09:37:00,Runing,13989.0,2026-06-28 10:46:15,Bonne sortie !
8582,42960,2026-07-04 17:43:00,Runing,16856.0,2026-07-04 19:04:51,Très bonnes sensations.
8583,42960,2026-07-06 18:05:00,Runing,11288.0,2026-07-06 19:11:15,Reprise du sport :)
8584,42960,2026-07-07 09:38:00,Runing,7395.0,2026-07-07 10:23:37,
8585,42960,2026-07-15 19:40:00,Runing,16617.0,2026-07-15 21:03:13,Bonne sortie !
8586,42960,2026-07-19 08:25:00,Runing,9735.0,2026-07-19 09:10:12,Bonne sortie !
8587,42960,2026-07-20 12:53:00,Runing,8740.0,2026-07-20 13:50:16,Reprise du sport :)
8588,18941,2025-07-22 17:15:00,Runing,11841.0,2025-07-22 18:26:21,
8589,18941,2025-07-26 07:55:00,Runing,15151.0,2025-07-26 09:25:55,Très bonnes sensations.
8590,18941,2025-07-31 17:03:00,Runing,14988.0,2025-07-31 18:53:37,Très bonnes sensations.
8591,18941,2025-08-03 18:56:00,Runing,4274.0,2025-08-03 19:17:48,Reprise du sport :)
8592,18941,2025-08-10 09:12:00,Runing,6432.0,2025-08-10 09:57:50,Reprise du sport :)
8593,18941,2025-08-14 18:26:00,Runing,12513.0,2025-08-14 19:44:50,
8594,18941,2025-08-15 07:03:00,Runing,4366.0,2025-08-15 07:32:31,
8595,18941,2025-08-21 18:12:00,Runing,6420.0,2025-08-21 18:54:59,
8596,18941,2025-08-25 19:24:00,Runing,3893.0,2025-08-25 19:45:00,Bonne sortie !
8597,18941,2025-08-30 07:24:00,Runing,15177.0,2025-08-30 09:09:11,Très bonnes sensations.
8598,18941,2025-09-01 08:07:00,Runing,9211.0,2025-09-01 09:20:02,
8599,18941,2025-09-06 17:09:00,Runing,6117.0,2025-09-06 17:57:05,
8600,18941,2025-09-07 12:07:00,Runing,12864.0,2025-09-07 13:12:37,Reprise du sport :)
8601,18941,2025-09-12 09:29:00,Runing,15099.0,2025-09-12 11:15:35,Reprise du sport :)
8602,18941,2025-09-18 18:40:00,Runing,12382.0,2025-09-18 20:01:00,
8603,18941,2025-09-21 19:53:00,Runing,15404.0,2025-09-21 21:10:47,Très bonnes sensations.
8604,18941,2025-09-26 19:28:00,Runing,16073.0,2025-09-26 20:49:22,Reprise du sport :)
8605,18941,2025-09-27 08:51:00,Runing,9835.0,2025-09-27 09:36:26,Reprise du sport :)
8606,18941,2025-09-28 19:27:00,Runing,6909.0,2025-09-28 20:12:13,Reprise du sport :)
8607,18941,2025-09-30 07:15:00,Runing,13684.0,2025-09-30 08:19:48,Bonne sortie !
8608,18941,2025-10-01 18:11:00,Runing,16210.0,2025-10-01 19:28:22,Très bonnes sensations.
8609,18941,2025-10-05 12:26:00,Runing,8349.0,2025-10-05 13:09:44,
8610,18941,2025-10-11 08:18:00,Runing,12521.0,2025-10-11 09:51:50,Bonne sortie !
8611,18941,2025-10-15 12:18:00,Runing,4329.0,2025-10-15 12:41:39,
8612,18941,2025-10-18 09:30:00,Runing,4400.0,2025-10-18 09:56:26,Bonne sortie !
8613,18941,2025-10-20 18:31:00,Runing,17151.0,2025-10-20 20:03:46,Très bonnes sensations.
8614,18941,2025-10-28 08:25:00,Runing,4999.0,2025-10-28 08:58:43,Très bonnes sensations.
8615,18941,2025-10-31 17:39:00,Runing,14520.0,2025-10-31 18:48:55,
8616,18941,2025-11-01 12:52:00,Runing,14938.0,2025-11-01 14:18:49,Bonne sortie !
8617,18941,2025-11-05 07:20:00,Runing,17184.0,2025-11-05 08:40:55,
8618,18941,2025-11-11 08:46:00,Runing,7310.0,2025-11-11 09:42:59,Reprise du sport :)
8619,18941,2025-11-18 09:56:00,Runing,8002.0,2025-11-18 10:33:31,Très bonnes sensations.
8620,18941,2025-11-20 08:04:00,Runing,17996.0,2025-11-20 09:41:50,Bonne sortie !
8621,18941,2025-11-22 12:04:00,Runing,15141.0,2025-11-22 13:36:31,Reprise du sport :)
8622,18941,2025-11-27 07:43:00,Runing,9715.0,2025-11-27 08:44:55,Reprise du sport :)
8623,18941,2025-12-02 07:34:00,Runing,8765.0,2025-12-02 08:27:22,
8624,18941,2025-12-05 08:16:00,Runing,3121.0,2025-12-05 08:31:09,
8625,18941,2025-12-07 12:01:00,Runing,9339.0,2025-12-07 13:14:29,
8626,18941,2025-12-10 07:06:00,Runing,14011.0,2025-12-10 08:54:25,Bonne sortie !
8627,18941,2025-12-14 18:53:00,Runing,13649.0,2025-12-14 20:41:48,Bonne sortie !
8628,18941,2025-12-15 07:15:00,Runing,8208.0,2025-12-15 08:05:09,Très bonnes sensations.
8629,18941,2025-12-18 09:53:00,Runing,9912.0,2025-12-18 11:02:30,
8630,18941,2025-12-25 07:42:00,Runing,15690.0,2025-12-25 08:59:43,Reprise du sport :)
8631,18941,2025-12-29 19:25:00,Runing,14842.0,2025-12-29 21:26:16,Très bonnes sensations.
8632,18941,2026-01-03 17:52:00,Runing,5433.0,2026-01-03 18:18:55,
8633,18941,2026-01-07 19:17:00,Runing,6371.0,2026-01-07 20:01:18,Bonne sortie !
8634,18941,2026-01-16 19:04:00,Runing,16700.0,2026-01-16 21:13:35,Très bonnes sensations.
8635,18941,2026-01-17 09:56:00,Runing,7778.0,2026-01-17 10:38:36,Très bonnes sensations.
8636,18941,2026-01-20 19:33:00,Runing,5389.0,2026-01-20 20:14:40,
8637,18941,2026-01-26 18:04:00,Runing,16051.0,2026-01-26 20:12:50,Reprise du sport :)
8638,18941,2026-01-27 12:03:00,Runing,6675.0,2026-01-27 12:42:37,Reprise du sport :)
8639,18941,2026-01-28 07:40:00,Runing,14496.0,2026-01-28 09:16:21,Bonne sortie !
8640,18941,2026-02-03 18:27:00,Runing,9404.0,2026-02-03 19:30:19,
8641,18941,2026-02-10 09:20:00,Runing,6085.0,2026-02-10 09:51:34,Bonne sortie !
8642,18941,2026-02-11 07:27:00,Runing,15321.0,2026-02-11 08:42:22,Reprise du sport :)
8643,18941,2026-02-18 07:49:00,Runing,8301.0,2026-02-18 08:34:48,Reprise du sport :)
8644,18941,2026-02-22 18:56:00,Runing,6492.0,2026-02-22 19:35:32,
8645,18941,2026-03-06 18:18:00,Runing,13498.0,2026-03-06 19:42:47,Bonne sortie !
8646,18941,2026-03-08 12:34:00,Runing,12807.0,2026-03-08 13:37:34,
8647,18941,2026-03-13 18:30:00,Runing,11774.0,2026-03-13 19:43:49,Reprise du sport :)
8648,18941,2026-03-14 12:47:00,Runing,9156.0,2026-03-14 14:02:02,Bonne sortie !
8649,18941,2026-03-17 07:44:00,Runing,14037.0,2026-03-17 09:18:15,Reprise du sport :)
8650,18941,2026-03-24 19:31:00,Runing,6939.0,2026-03-24 20:20:24,Bonne sortie !
8651,18941,2026-03-25 09:41:00,Runing,16595.0,2026-03-25 11:12:12,Très bonnes sensations.
8652,18941,2026-03-28 08:27:00,Runing,15436.0,2026-03-28 09:54:14,
8653,18941,2026-04-03 12:32:00,Runing,15644.0,2026-04-03 14:14:27,Reprise du sport :)
8654,18941,2026-04-05 18:51:00,Runing,16790.0,2026-04-05 20:20:50,Reprise du sport :)
8655,18941,2026-04-14 07:50:00,Runing,12232.0,2026-04-14 09:18:35,
8656,18941,2026-04-24 07:33:00,Runing,8365.0,2026-04-24 08:19:47,Très bonnes sensations.
8657,18941,2026-04-26 18:39:00,Runing,8873.0,2026-04-26 19:45:25,
8658,18941,2026-05-01 09:46:00,Runing,15908.0,2026-05-01 11:13:13,Reprise du sport :)
8659,18941,2026-05-07 09:30:00,Runing,12347.0,2026-05-07 11:03:33,
8660,18941,2026-05-11 12:25:00,Runing,11279.0,2026-05-11 13:57:44,Bonne sortie !
8661,18941,2026-05-12 18:56:00,Runing,12934.0,2026-05-12 20:08:59,Bonne sortie !
8662,18941,2026-05-13 09:04:00,Runing,9979.0,2026-05-13 09:51:22,
8663,18941,2026-05-21 09:55:00,Runing,7413.0,2026-05-21 10:56:41,Très bonnes sensations.
8664,18941,2026-05-29 12:32:00,Runing,13585.0,2026-05-29 13:37:59,
8665,18941,2026-05-31 12:32:00,Runing,16091.0,2026-05-31 14:29:37,
8666,18941,2026-06-04 08:42:00,Runing,16462.0,2026-06-04 10:50:10,Reprise du sport :)
8667,18941,2026-06-05 17:08:00,Runing,17388.0,2026-06-05 18:49:02,Bonne sortie !
8668,18941,2026-06-08 07:11:00,Runing,8395.0,2026-06-08 08:04:55,Très bonnes sensations.
8669,18941,2026-06-16 07:52:00,Runing,14307.0,2026-06-16 09:08:18,Bonne sortie !
8670,18941,2026-06-23 07:27:00,Runing,5864.0,2026-06-23 07:58:36,
8671,18941,2026-06-24 09:05:00,Runing,6104.0,2026-06-24 09:47:13,Bonne sortie !
8672,18941,2026-06-27 12:41:00,Runing,14606.0,2026-06-27 14:08:55,Bonne sortie !
8673,18941,2026-06-30 18:31:00,Runing,6809.0,2026-06-30 19:07:29,Reprise du sport :)
8674,18941,2026-07-11 07:43:00,Runing,17678.0,2026-07-11 09:42:45,Bonne sortie !
8675,18941,2026-07-16 09:11:00,Runing,3568.0,2026-07-16 09:33:13,Bonne sortie !
8676,18941,2026-07-19 09:41:00,Runing,11326.0,2026-07-19 10:50:50,Reprise du sport :)
8677,18941,2026-07-20 08:21:00,Runing,3825.0,2026-07-20 08:38:50,Reprise du sport :)
8678,81676,2025-07-21 19:57:00,Tennis,,2025-07-21 20:42:00,Entraînement terminé.
8679,81676,2025-07-22 09:44:00,Tennis,,2025-07-22 11:39:00,Très bonnes sensations.
8680,81676,2025-07-25 12:38:00,Tennis,,2025-07-25 13:51:00,Très bonnes sensations.
8681,81676,2025-07-28 12:37:00,Tennis,,2025-07-28 14:06:00,Très bonnes sensations.
8682,81676,2025-07-30 08:14:00,Tennis,,2025-07-30 10:05:00,
8683,81676,2025-08-01 12:43:00,Tennis,,2025-08-01 13:37:00,Bonne séance.
8684,81676,2025-08-02 17:09:00,Tennis,,2025-08-02 18:04:00,Bonne séance.
8685,81676,2025-08-03 18:13:00,Tennis,,2025-08-03 19:04:00,
8686,81676,2025-08-04 07:30:00,Tennis,,2025-08-04 08:57:00,Bonne séance.
8687,81676,2025-08-08 09:48:00,Tennis,,2025-08-08 10:38:00,Bonne séance.
8688,81676,2025-08-09 19:16:00,Tennis,,2025-08-09 20:52:00,Entraînement terminé.
8689,81676,2025-08-10 08:52:00,Tennis,,2025-08-10 09:53:00,Bonne séance.
8690,81676,2025-08-11 08:54:00,Tennis,,2025-08-11 10:00:00,
8691,81676,2025-08-12 17:30:00,Tennis,,2025-08-12 18:46:00,Entraînement terminé.
8692,81676,2025-08-14 18:55:00,Tennis,,2025-08-14 20:40:00,
8693,81676,2025-08-16 19:48:00,Tennis,,2025-08-16 21:46:00,Entraînement terminé.
8694,81676,2025-08-17 12:00:00,Tennis,,2025-08-17 13:52:00,Entraînement terminé.
8695,81676,2025-08-18 17:56:00,Tennis,,2025-08-18 19:37:00,Bonne séance.
8696,81676,2025-08-21 12:39:00,Tennis,,2025-08-21 13:45:00,
8697,81676,2025-08-24 08:08:00,Tennis,,2025-08-24 09:41:00,
8698,81676,2025-08-27 17:00:00,Tennis,,2025-08-27 18:11:00,Très bonnes sensations.
8699,81676,2025-08-28 07:23:00,Tennis,,2025-08-28 08:21:00,Bonne séance.
8700,81676,2025-09-02 09:45:00,Tennis,,2025-09-02 11:39:00,Bonne séance.
8701,81676,2025-09-03 17:00:00,Tennis,,2025-09-03 18:10:00,Très bonnes sensations.
8702,81676,2025-09-04 18:17:00,Tennis,,2025-09-04 19:58:00,Bonne séance.
8703,81676,2025-09-07 07:42:00,Tennis,,2025-09-07 08:59:00,Entraînement terminé.
8704,81676,2025-09-08 12:10:00,Tennis,,2025-09-08 13:34:00,Entraînement terminé.
8705,81676,2025-09-10 09:19:00,Tennis,,2025-09-10 10:07:00,Très bonnes sensations.
8706,81676,2025-09-11 19:31:00,Tennis,,2025-09-11 20:17:00,
8707,81676,2025-09-13 09:58:00,Tennis,,2025-09-13 11:12:00,Entraînement terminé.
8708,81676,2025-09-15 19:13:00,Tennis,,2025-09-15 20:31:00,
8709,81676,2025-09-18 18:07:00,Tennis,,2025-09-18 19:57:00,
8710,81676,2025-09-19 18:35:00,Tennis,,2025-09-19 19:42:00,Bonne séance.
8711,81676,2025-09-20 17:20:00,Tennis,,2025-09-20 18:12:00,Bonne séance.
8712,81676,2025-09-23 17:48:00,Tennis,,2025-09-23 18:54:00,Entraînement terminé.
8713,81676,2025-09-24 17:31:00,Tennis,,2025-09-24 19:01:00,Bonne séance.
8714,81676,2025-09-25 12:04:00,Tennis,,2025-09-25 13:36:00,Très bonnes sensations.
8715,81676,2025-09-26 19:18:00,Tennis,,2025-09-26 20:15:00,Entraînement terminé.
8716,81676,2025-09-27 19:51:00,Tennis,,2025-09-27 21:06:00,Bonne séance.
8717,81676,2025-09-28 12:43:00,Tennis,,2025-09-28 14:31:00,
8718,81676,2025-09-29 18:56:00,Tennis,,2025-09-29 20:32:00,Bonne séance.
8719,81676,2025-10-01 19:57:00,Tennis,,2025-10-01 21:11:00,
8720,81676,2025-10-03 07:36:00,Tennis,,2025-10-03 08:29:00,Très bonnes sensations.
8721,81676,2025-10-04 18:05:00,Tennis,,2025-10-04 19:03:00,Entraînement terminé.
8722,81676,2025-10-05 12:13:00,Tennis,,2025-10-05 13:12:00,Bonne séance.
8723,81676,2025-10-06 09:43:00,Tennis,,2025-10-06 10:35:00,Bonne séance.
8724,81676,2025-10-10 12:31:00,Tennis,,2025-10-10 13:25:00,Très bonnes sensations.
8725,81676,2025-10-11 07:49:00,Tennis,,2025-10-11 09:01:00,Très bonnes sensations.
8726,81676,2025-10-12 07:51:00,Tennis,,2025-10-12 09:44:00,Bonne séance.
8727,81676,2025-10-13 07:57:00,Tennis,,2025-10-13 08:43:00,Entraînement terminé.
8728,81676,2025-10-16 09:33:00,Tennis,,2025-10-16 10:34:00,
8729,81676,2025-10-17 12:09:00,Tennis,,2025-10-17 13:06:00,Très bonnes sensations.
8730,81676,2025-10-18 08:53:00,Tennis,,2025-10-18 10:12:00,Très bonnes sensations.
8731,81676,2025-10-20 09:59:00,Tennis,,2025-10-20 11:45:00,Bonne séance.
8732,81676,2025-10-21 08:23:00,Tennis,,2025-10-21 09:49:00,
8733,81676,2025-10-22 19:27:00,Tennis,,2025-10-22 20:54:00,Bonne séance.
8734,81676,2025-10-23 17:42:00,Tennis,,2025-10-23 18:30:00,Entraînement terminé.
8735,81676,2025-10-25 18:57:00,Tennis,,2025-10-25 20:10:00,Très bonnes sensations.
8736,81676,2025-10-26 07:52:00,Tennis,,2025-10-26 09:34:00,Bonne séance.
8737,81676,2025-10-27 18:46:00,Tennis,,2025-10-27 19:35:00,Entraînement terminé.
8738,81676,2025-10-30 12:35:00,Tennis,,2025-10-30 13:22:00,Bonne séance.
8739,81676,2025-10-31 09:44:00,Tennis,,2025-10-31 11:10:00,
8740,81676,2025-11-02 19:51:00,Tennis,,2025-11-02 21:09:00,Entraînement terminé.
8741,81676,2025-11-04 09:27:00,Tennis,,2025-11-04 10:53:00,Très bonnes sensations.
8742,81676,2025-11-05 18:44:00,Tennis,,2025-11-05 20:37:00,
8743,81676,2025-11-06 19:46:00,Tennis,,2025-11-06 21:28:00,Entraînement terminé.
8744,81676,2025-11-07 09:11:00,Tennis,,2025-11-07 10:00:00,Entraînement terminé.
8745,81676,2025-11-09 09:59:00,Tennis,,2025-11-09 11:25:00,Très bonnes sensations.
8746,81676,2025-11-11 12:51:00,Tennis,,2025-11-11 14:11:00,
8747,81676,2025-11-14 17:50:00,Tennis,,2025-11-14 18:57:00,
8748,81676,2025-11-15 07:46:00,Tennis,,2025-11-15 09:21:00,Très bonnes sensations.
8749,81676,2025-11-17 07:59:00,Tennis,,2025-11-17 08:47:00,
8750,81676,2025-11-20 08:56:00,Tennis,,2025-11-20 10:13:00,
8751,81676,2025-11-21 09:55:00,Tennis,,2025-11-21 10:44:00,Entraînement terminé.
8752,81676,2025-11-22 18:40:00,Tennis,,2025-11-22 20:33:00,
8753,81676,2025-11-23 19:16:00,Tennis,,2025-11-23 20:35:00,Très bonnes sensations.
8754,81676,2025-11-26 09:19:00,Tennis,,2025-11-26 11:10:00,Entraînement terminé.
8755,81676,2025-11-27 07:03:00,Tennis,,2025-11-27 07:49:00,
8756,81676,2025-11-28 09:02:00,Tennis,,2025-11-28 09:49:00,Entraînement terminé.
8757,81676,2025-12-02 12:24:00,Tennis,,2025-12-02 14:16:00,Bonne séance.
8758,81676,2025-12-03 09:46:00,Tennis,,2025-12-03 11:39:00,Très bonnes sensations.
8759,81676,2025-12-04 09:10:00,Tennis,,2025-12-04 10:41:00,Très bonnes sensations.
8760,81676,2025-12-05 07:18:00,Tennis,,2025-12-05 09:13:00,Bonne séance.
8761,81676,2025-12-06 19:18:00,Tennis,,2025-12-06 20:53:00,Très bonnes sensations.
8762,81676,2025-12-09 07:05:00,Tennis,,2025-12-09 08:14:00,
8763,81676,2025-12-10 18:30:00,Tennis,,2025-12-10 19:57:00,
8764,81676,2025-12-12 07:32:00,Tennis,,2025-12-12 08:31:00,Bonne séance.
8765,81676,2025-12-14 18:23:00,Tennis,,2025-12-14 19:15:00,
8766,81676,2025-12-15 09:36:00,Tennis,,2025-12-15 11:03:00,
8767,81676,2025-12-16 09:15:00,Tennis,,2025-12-16 10:13:00,Entraînement terminé.
8768,81676,2025-12-17 07:28:00,Tennis,,2025-12-17 08:22:00,Très bonnes sensations.
8769,81676,2025-12-18 09:04:00,Tennis,,2025-12-18 10:44:00,Entraînement terminé.
8770,81676,2025-12-22 19:49:00,Tennis,,2025-12-22 20:46:00,
8771,81676,2025-12-24 18:57:00,Tennis,,2025-12-24 20:11:00,Bonne séance.
8772,81676,2025-12-26 18:15:00,Tennis,,2025-12-26 19:15:00,Très bonnes sensations.
8773,81676,2025-12-27 12:30:00,Tennis,,2025-12-27 13:22:00,Bonne séance.
8774,81676,2025-12-28 17:16:00,Tennis,,2025-12-28 18:38:00,Entraînement terminé.
8775,81676,2025-12-30 12:37:00,Tennis,,2025-12-30 14:15:00,Entraînement terminé.
8776,81676,2025-12-31 09:48:00,Tennis,,2025-12-31 11:37:00,Bonne séance.
8777,81676,2026-01-02 09:43:00,Tennis,,2026-01-02 11:07:00,
8778,81676,2026-01-04 19:51:00,Tennis,,2026-01-04 21:06:00,Très bonnes sensations.
8779,81676,2026-01-05 18:08:00,Tennis,,2026-01-05 19:27:00,Entraînement terminé.
8780,81676,2026-01-07 19:31:00,Tennis,,2026-01-07 20:36:00,Très bonnes sensations.
8781,81676,2026-01-08 18:45:00,Tennis,,2026-01-08 20:11:00,
8782,81676,2026-01-09 18:54:00,Tennis,,2026-01-09 20:13:00,Entraînement terminé.
8783,81676,2026-01-11 18:19:00,Tennis,,2026-01-11 19:53:00,Entraînement terminé.
8784,81676,2026-01-13 19:48:00,Tennis,,2026-01-13 21:42:00,Entraînement terminé.
8785,81676,2026-01-15 12:15:00,Tennis,,2026-01-15 14:14:00,Bonne séance.
8786,81676,2026-01-16 18:47:00,Tennis,,2026-01-16 20:09:00,Très bonnes sensations.
8787,81676,2026-01-17 17:01:00,Tennis,,2026-01-17 18:47:00,Bonne séance.
8788,81676,2026-01-21 19:16:00,Tennis,,2026-01-21 21:14:00,Très bonnes sensations.
8789,81676,2026-01-22 08:28:00,Tennis,,2026-01-22 10:20:00,
8790,81676,2026-01-23 09:15:00,Tennis,,2026-01-23 10:35:00,Bonne séance.
8791,81676,2026-01-24 09:07:00,Tennis,,2026-01-24 11:04:00,
8792,81676,2026-01-25 17:28:00,Tennis,,2026-01-25 18:52:00,Très bonnes sensations.
8793,81676,2026-01-26 12:51:00,Tennis,,2026-01-26 14:34:00,Très bonnes sensations.
8794,81676,2026-01-27 12:44:00,Tennis,,2026-01-27 14:20:00,
8795,81676,2026-01-28 18:39:00,Tennis,,2026-01-28 19:34:00,
8796,81676,2026-01-31 17:12:00,Tennis,,2026-01-31 18:43:00,Bonne séance.
8797,81676,2026-02-02 17:42:00,Tennis,,2026-02-02 18:53:00,
8798,81676,2026-02-03 12:27:00,Tennis,,2026-02-03 14:26:00,Très bonnes sensations.
8799,81676,2026-02-06 19:59:00,Tennis,,2026-02-06 20:45:00,Entraînement terminé.
8800,81676,2026-02-07 12:48:00,Tennis,,2026-02-07 14:30:00,Entraînement terminé.
8801,81676,2026-02-08 19:13:00,Tennis,,2026-02-08 21:13:00,Très bonnes sensations.
8802,81676,2026-02-10 12:02:00,Tennis,,2026-02-10 13:25:00,Entraînement terminé.
8803,81676,2026-02-11 19:28:00,Tennis,,2026-02-11 21:14:00,Très bonnes sensations.
8804,81676,2026-02-12 19:07:00,Tennis,,2026-02-12 20:26:00,
8805,81676,2026-02-14 09:51:00,Tennis,,2026-02-14 11:33:00,Très bonnes sensations.
8806,81676,2026-02-15 18:05:00,Tennis,,2026-02-15 19:36:00,Entraînement terminé.
8807,81676,2026-02-16 09:16:00,Tennis,,2026-02-16 10:37:00,
8808,81676,2026-02-17 18:53:00,Tennis,,2026-02-17 20:46:00,Entraînement terminé.
8809,81676,2026-02-23 12:40:00,Tennis,,2026-02-23 13:52:00,Très bonnes sensations.
8810,81676,2026-02-24 09:58:00,Tennis,,2026-02-24 11:17:00,Entraînement terminé.
8811,81676,2026-02-27 09:21:00,Tennis,,2026-02-27 10:49:00,Très bonnes sensations.
8812,81676,2026-02-28 12:53:00,Tennis,,2026-02-28 14:30:00,Bonne séance.
8813,81676,2026-03-03 08:00:00,Tennis,,2026-03-03 09:27:00,
8814,81676,2026-03-06 17:57:00,Tennis,,2026-03-06 19:25:00,Bonne séance.
8815,81676,2026-03-07 19:00:00,Tennis,,2026-03-07 20:42:00,Bonne séance.
8816,81676,2026-03-09 12:24:00,Tennis,,2026-03-09 14:22:00,Entraînement terminé.
8817,81676,2026-03-11 18:32:00,Tennis,,2026-03-11 20:28:00,Très bonnes sensations.
8818,81676,2026-03-12 07:45:00,Tennis,,2026-03-12 09:41:00,Entraînement terminé.
8819,81676,2026-03-13 19:55:00,Tennis,,2026-03-13 21:00:00,Très bonnes sensations.
8820,81676,2026-03-15 19:39:00,Tennis,,2026-03-15 21:33:00,
8821,81676,2026-03-16 19:40:00,Tennis,,2026-03-16 20:48:00,Très bonnes sensations.
8822,81676,2026-03-18 12:43:00,Tennis,,2026-03-18 14:07:00,Entraînement terminé.
8823,81676,2026-03-19 17:11:00,Tennis,,2026-03-19 18:32:00,Bonne séance.
8824,81676,2026-03-22 19:25:00,Tennis,,2026-03-22 20:23:00,Très bonnes sensations.
8825,81676,2026-03-24 09:14:00,Tennis,,2026-03-24 11:00:00,Très bonnes sensations.
8826,81676,2026-03-25 19:49:00,Tennis,,2026-03-25 21:33:00,Entraînement terminé.
8827,81676,2026-03-27 08:17:00,Tennis,,2026-03-27 10:04:00,
8828,81676,2026-03-28 12:18:00,Tennis,,2026-03-28 14:15:00,
8829,81676,2026-03-29 09:01:00,Tennis,,2026-03-29 10:46:00,Bonne séance.
8830,81676,2026-03-30 09:38:00,Tennis,,2026-03-30 10:45:00,Entraînement terminé.
8831,81676,2026-03-31 07:06:00,Tennis,,2026-03-31 08:40:00,
8832,81676,2026-04-01 09:27:00,Tennis,,2026-04-01 11:12:00,
8833,81676,2026-04-03 12:39:00,Tennis,,2026-04-03 14:29:00,Bonne séance.
8834,81676,2026-04-05 07:33:00,Tennis,,2026-04-05 08:26:00,Bonne séance.
8835,81676,2026-04-08 08:48:00,Tennis,,2026-04-08 10:12:00,
8836,81676,2026-04-11 08:13:00,Tennis,,2026-04-11 09:59:00,Entraînement terminé.
8837,81676,2026-04-13 19:45:00,Tennis,,2026-04-13 20:52:00,Entraînement terminé.
8838,81676,2026-04-15 17:18:00,Tennis,,2026-04-15 18:15:00,
8839,81676,2026-04-16 07:44:00,Tennis,,2026-04-16 09:17:00,Entraînement terminé.
8840,81676,2026-04-19 19:19:00,Tennis,,2026-04-19 20:57:00,Entraînement terminé.
8841,81676,2026-04-20 07:15:00,Tennis,,2026-04-20 08:08:00,
8842,81676,2026-04-21 17:09:00,Tennis,,2026-04-21 19:04:00,Très bonnes sensations.
8843,81676,2026-04-23 17:57:00,Tennis,,2026-04-23 18:54:00,Entraînement terminé.
8844,81676,2026-04-24 12:58:00,Tennis,,2026-04-24 14:28:00,Entraînement terminé.
8845,81676,2026-04-26 07:51:00,Tennis,,2026-04-26 09:00:00,Bonne séance.
8846,81676,2026-04-27 17:52:00,Tennis,,2026-04-27 18:44:00,Entraînement terminé.
8847,81676,2026-05-01 17:24:00,Tennis,,2026-05-01 19:04:00,Très bonnes sensations.
8848,81676,2026-05-04 09:52:00,Tennis,,2026-05-04 11:01:00,Bonne séance.
8849,81676,2026-05-05 18:30:00,Tennis,,2026-05-05 20:00:00,Entraînement terminé.
8850,81676,2026-05-07 08:33:00,Tennis,,2026-05-07 10:22:00,Entraînement terminé.
8851,81676,2026-05-08 12:15:00,Tennis,,2026-05-08 14:00:00,Très bonnes sensations.
8852,81676,2026-05-09 08:19:00,Tennis,,2026-05-09 10:14:00,Entraînement terminé.
8853,81676,2026-05-10 19:46:00,Tennis,,2026-05-10 20:53:00,Très bonnes sensations.
8854,81676,2026-05-11 12:50:00,Tennis,,2026-05-11 13:52:00,
8855,81676,2026-05-15 12:36:00,Tennis,,2026-05-15 13:47:00,
8856,81676,2026-05-17 09:12:00,Tennis,,2026-05-17 10:17:00,Très bonnes sensations.
8857,81676,2026-05-18 12:39:00,Tennis,,2026-05-18 13:42:00,Entraînement terminé.
8858,81676,2026-05-19 19:53:00,Tennis,,2026-05-19 21:17:00,Bonne séance.
8859,81676,2026-05-22 18:29:00,Tennis,,2026-05-22 19:32:00,Très bonnes sensations.
8860,81676,2026-05-25 17:56:00,Tennis,,2026-05-25 19:48:00,Entraînement terminé.
8861,81676,2026-05-26 19:38:00,Tennis,,2026-05-26 20:33:00,Bonne séance.
8862,81676,2026-05-27 19:33:00,Tennis,,2026-05-27 21:13:00,Très bonnes sensations.
8863,81676,2026-05-29 08:32:00,Tennis,,2026-05-29 10:19:00,Très bonnes sensations.
8864,81676,2026-05-30 09:31:00,Tennis,,2026-05-30 11:24:00,Très bonnes sensations.
8865,81676,2026-05-31 12:45:00,Tennis,,2026-05-31 13:51:00,Très bonnes sensations.
8866,81676,2026-06-01 19:39:00,Tennis,,2026-06-01 21:12:00,Entraînement terminé.
8867,81676,2026-06-02 08:53:00,Tennis,,2026-06-02 10:14:00,
8868,81676,2026-06-05 18:20:00,Tennis,,2026-06-05 20:07:00,Bonne séance.
8869,81676,2026-06-06 07:42:00,Tennis,,2026-06-06 09:32:00,
8870,81676,2026-06-07 09:04:00,Tennis,,2026-06-07 09:50:00,Très bonnes sensations.
8871,81676,2026-06-09 19:06:00,Tennis,,2026-06-09 21:03:00,
8872,81676,2026-06-13 08:38:00,Tennis,,2026-06-13 09:58:00,Bonne séance.
8873,81676,2026-06-14 09:28:00,Tennis,,2026-06-14 11:20:00,
8874,81676,2026-06-15 09:39:00,Tennis,,2026-06-15 11:14:00,Bonne séance.
8875,81676,2026-06-17 19:22:00,Tennis,,2026-06-17 20:47:00,
8876,81676,2026-06-19 07:37:00,Tennis,,2026-06-19 08:48:00,Entraînement terminé.
8877,81676,2026-06-20 08:57:00,Tennis,,2026-06-20 09:50:00,
8878,81676,2026-06-21 17:19:00,Tennis,,2026-06-21 18:51:00,Très bonnes sensations.
8879,81676,2026-06-23 12:53:00,Tennis,,2026-06-23 14:06:00,
8880,81676,2026-06-26 19:14:00,Tennis,,2026-06-26 21:00:00,
8881,81676,2026-06-28 17:12:00,Tennis,,2026-06-28 18:08:00,Très bonnes sensations.
8882,81676,2026-06-29 09:26:00,Tennis,,2026-06-29 10:14:00,Très bonnes sensations.
8883,81676,2026-07-01 08:00:00,Tennis,,2026-07-01 09:08:00,
8884,81676,2026-07-03 18:59:00,Tennis,,2026-07-03 20:40:00,Bonne séance.
8885,81676,2026-07-04 12:13:00,Tennis,,2026-07-04 13:28:00,Très bonnes sensations.
8886,81676,2026-07-05 18:56:00,Tennis,,2026-07-05 20:18:00,Bonne séance.
8887,81676,2026-07-08 12:10:00,Tennis,,2026-07-08 13:04:00,Bonne séance.
8888,81676,2026-07-09 19:10:00,Tennis,,2026-07-09 20:28:00,
8889,81676,2026-07-10 07:26:00,Tennis,,2026-07-10 08:20:00,Bonne séance.
8890,81676,2026-07-11 17:24:00,Tennis,,2026-07-11 18:51:00,Entraînement terminé.
8891,81676,2026-07-12 18:20:00,Tennis,,2026-07-12 19:15:00,Entraînement terminé.
8892,81676,2026-07-15 08:21:00,Tennis,,2026-07-15 10:15:00,
8893,81676,2026-07-16 19:17:00,Tennis,,2026-07-16 21:02:00,
8894,81676,2026-07-17 07:53:00,Tennis,,2026-07-17 09:49:00,
8895,81676,2026-07-18 19:02:00,Tennis,,2026-07-18 20:25:00,Entraînement terminé.
8896,81676,2026-07-19 18:15:00,Tennis,,2026-07-19 19:08:00,
8897,81676,2026-07-20 17:20:00,Tennis,,2026-07-20 18:57:00,
8898,27069,2025-07-23 12:38:00,Runing,15787.0,2025-07-23 14:34:19,Reprise du sport :)
8899,27069,2025-07-30 12:26:00,Runing,3814.0,2025-07-30 12:44:56,Reprise du sport :)
8900,27069,2025-07-31 17:53:00,Runing,17597.0,2025-07-31 19:50:24,Bonne sortie !
8901,27069,2025-08-05 07:53:00,Runing,7478.0,2025-08-05 08:48:59,Reprise du sport :)
8902,27069,2025-08-06 12:55:00,Runing,7275.0,2025-08-06 13:32:49,Très bonnes sensations.
8903,27069,2025-08-12 12:48:00,Runing,4796.0,2025-08-12 13:12:38,Très bonnes sensations.
8904,27069,2025-08-14 09:54:00,Runing,7224.0,2025-08-14 10:29:18,Bonne sortie !
8905,27069,2025-08-15 12:49:00,Runing,11175.0,2025-08-15 14:16:35,
8906,27069,2025-08-21 19:50:00,Runing,4591.0,2025-08-21 20:19:38,Reprise du sport :)
8907,27069,2025-08-23 17:01:00,Runing,4239.0,2025-08-23 17:25:27,Reprise du sport :)
8908,27069,2025-08-24 17:10:00,Runing,9578.0,2025-08-24 18:07:45,Très bonnes sensations.
8909,27069,2025-08-27 19:20:00,Runing,17542.0,2025-08-27 21:44:35,Reprise du sport :)
8910,27069,2025-08-31 09:47:00,Runing,5251.0,2025-08-31 10:16:19,Reprise du sport :)
8911,27069,2025-09-02 19:09:00,Runing,15267.0,2025-09-02 20:46:11,
8912,27069,2025-09-06 17:34:00,Runing,3992.0,2025-09-06 17:55:23,
8913,27069,2025-09-09 19:07:00,Runing,6724.0,2025-09-09 19:48:54,Très bonnes sensations.
8914,27069,2025-09-17 17:16:00,Runing,17381.0,2025-09-17 18:53:25,Très bonnes sensations.
8915,27069,2025-09-23 08:16:00,Runing,4028.0,2025-09-23 08:41:32,
8916,27069,2025-09-28 12:24:00,Runing,13804.0,2025-09-28 13:44:56,Très bonnes sensations.
8917,27069,2025-09-29 18:00:00,Runing,3722.0,2025-09-29 18:23:19,
8918,27069,2025-10-06 09:36:00,Runing,10739.0,2025-10-06 10:57:18,Bonne sortie !
8919,27069,2025-10-08 17:47:00,Runing,13658.0,2025-10-08 18:56:55,Très bonnes sensations.
8920,27069,2025-10-12 18:03:00,Runing,8126.0,2025-10-12 19:00:18,Très bonnes sensations.
8921,27069,2025-10-17 19:05:00,Runing,8282.0,2025-10-17 20:13:46,Très bonnes sensations.
8922,27069,2025-10-19 18:53:00,Runing,17265.0,2025-10-19 20:39:19,
8923,27069,2025-10-25 18:47:00,Runing,11796.0,2025-10-25 19:44:37,
8924,27069,2025-10-29 09:11:00,Runing,11305.0,2025-10-29 10:28:56,Reprise du sport :)
8925,27069,2025-10-30 09:29:00,Runing,10156.0,2025-10-30 10:49:01,Très bonnes sensations.
8926,27069,2025-11-02 12:27:00,Runing,10997.0,2025-11-02 13:51:44,
8927,27069,2025-11-05 17:46:00,Runing,5610.0,2025-11-05 18:14:33,Bonne sortie !
8928,27069,2025-11-10 17:55:00,Runing,4922.0,2025-11-10 18:29:32,
8929,27069,2025-11-11 18:37:00,Runing,16034.0,2025-11-11 20:38:41,Reprise du sport :)
8930,27069,2025-11-15 08:28:00,Runing,5895.0,2025-11-15 08:58:50,Très bonnes sensations.
8931,27069,2025-11-17 19:29:00,Runing,17935.0,2025-11-17 20:52:49,
8932,27069,2025-11-19 17:43:00,Runing,12440.0,2025-11-19 19:21:02,
8933,27069,2025-11-22 09:37:00,Runing,12568.0,2025-11-22 10:40:38,Reprise du sport :)
8934,27069,2025-11-26 17:47:00,Runing,16883.0,2025-11-26 19:26:18,
8935,27069,2025-11-28 07:11:00,Runing,13996.0,2025-11-28 08:23:07,Reprise du sport :)
8936,27069,2025-11-29 19:25:00,Runing,16067.0,2025-11-29 21:29:00,Bonne sortie !
8937,27069,2025-11-30 07:55:00,Runing,12164.0,2025-11-30 09:06:17,Bonne sortie !
8938,27069,2025-12-05 09:31:00,Runing,16497.0,2025-12-05 11:01:24,
8939,27069,2025-12-12 08:45:00,Runing,3774.0,2025-12-12 09:04:51,Très bonnes sensations.
8940,27069,2025-12-13 18:15:00,Runing,10498.0,2025-12-13 19:40:25,Reprise du sport :)
8941,27069,2025-12-16 17:06:00,Runing,8210.0,2025-12-16 18:09:39,Très bonnes sensations.
8942,27069,2025-12-18 12:48:00,Runing,4259.0,2025-12-18 13:14:35,Très bonnes sensations.
8943,27069,2025-12-25 12:56:00,Runing,16192.0,2025-12-25 14:11:51,Très bonnes sensations.
8944,27069,2025-12-28 08:49:00,Runing,8894.0,2025-12-28 09:52:04,Très bonnes sensations.
8945,27069,2025-12-29 17:31:00,Runing,6080.0,2025-12-29 18:00:03,
8946,27069,2025-12-31 17:09:00,Runing,5912.0,2025-12-31 17:48:36,Reprise du sport :)
8947,27069,2026-01-04 07:24:00,Runing,13067.0,2026-01-04 08:55:04,Très bonnes sensations.
8948,27069,2026-01-08 17:51:00,Runing,10587.0,2026-01-08 18:44:18,Très bonnes sensations.
8949,27069,2026-01-17 19:34:00,Runing,17987.0,2026-01-17 21:45:36,Reprise du sport :)
8950,27069,2026-01-24 07:03:00,Runing,13481.0,2026-01-24 08:58:07,Très bonnes sensations.
8951,27069,2026-01-27 17:18:00,Runing,6946.0,2026-01-27 17:52:25,Bonne sortie !
8952,27069,2026-01-29 07:48:00,Runing,3095.0,2026-01-29 08:09:27,
8953,27069,2026-02-06 19:20:00,Runing,16705.0,2026-02-06 20:51:57,Très bonnes sensations.
8954,27069,2026-02-13 17:38:00,Runing,14408.0,2026-02-13 18:49:21,Très bonnes sensations.
8955,27069,2026-02-18 09:36:00,Runing,17126.0,2026-02-18 11:00:58,Bonne sortie !
8956,27069,2026-02-24 19:00:00,Runing,7663.0,2026-02-24 19:52:52,
8957,27069,2026-02-26 18:53:00,Runing,8159.0,2026-02-26 19:35:37,Bonne sortie !
8958,27069,2026-03-03 12:00:00,Runing,5072.0,2026-03-03 12:30:39,
8959,27069,2026-03-14 12:27:00,Runing,7307.0,2026-03-14 13:14:36,Bonne sortie !
8960,27069,2026-03-20 19:03:00,Runing,8253.0,2026-03-20 19:42:32,
8961,27069,2026-03-26 17:59:00,Runing,8370.0,2026-03-26 18:39:12,Reprise du sport :)
8962,27069,2026-03-30 17:32:00,Runing,15694.0,2026-03-30 19:46:30,Reprise du sport :)
8963,27069,2026-04-01 08:31:00,Runing,8037.0,2026-04-01 09:38:29,Bonne sortie !
8964,27069,2026-04-06 19:00:00,Runing,10281.0,2026-04-06 20:17:16,Reprise du sport :)
8965,27069,2026-04-07 08:11:00,Runing,3215.0,2026-04-07 08:31:55,Bonne sortie !
8966,27069,2026-04-09 17:23:00,Runing,4195.0,2026-04-09 17:51:14,Reprise du sport :)
8967,27069,2026-04-12 08:21:00,Runing,5572.0,2026-04-12 09:00:15,
8968,27069,2026-04-25 12:35:00,Runing,11358.0,2026-04-25 13:44:14,Reprise du sport :)
8969,27069,2026-05-01 09:07:00,Runing,6412.0,2026-05-01 09:36:49,
8970,27069,2026-05-03 17:01:00,Runing,8879.0,2026-05-03 17:47:21,Reprise du sport :)
8971,27069,2026-05-05 07:08:00,Runing,3361.0,2026-05-05 07:23:45,
8972,27069,2026-05-08 12:16:00,Runing,13353.0,2026-05-08 13:19:50,Reprise du sport :)
8973,27069,2026-05-10 12:37:00,Runing,12891.0,2026-05-10 13:38:57,Bonne sortie !
8974,27069,2026-05-12 08:51:00,Runing,15643.0,2026-05-12 10:49:27,Très bonnes sensations.
8975,27069,2026-05-16 18:39:00,Runing,5382.0,2026-05-16 19:06:35,Très bonnes sensations.
8976,27069,2026-05-19 12:14:00,Runing,11371.0,2026-05-19 13:23:40,Bonne sortie !
8977,27069,2026-05-21 07:36:00,Runing,5471.0,2026-05-21 08:05:43,Bonne sortie !
8978,27069,2026-05-23 19:13:00,Runing,12875.0,2026-05-23 20:58:57,
8979,27069,2026-05-25 12:51:00,Runing,3743.0,2026-05-25 13:14:19,Bonne sortie !
8980,27069,2026-05-27 09:53:00,Runing,16320.0,2026-05-27 11:14:01,Bonne sortie !
8981,27069,2026-06-01 19:19:00,Runing,13086.0,2026-06-01 21:03:25,Reprise du sport :)
8982,27069,2026-06-04 17:52:00,Runing,4138.0,2026-06-04 18:15:52,Très bonnes sensations.
8983,27069,2026-06-09 19:12:00,Runing,10056.0,2026-06-09 20:20:41,Très bonnes sensations.
8984,27069,2026-06-11 09:43:00,Runing,14359.0,2026-06-11 11:28:27,Reprise du sport :)
8985,27069,2026-06-16 19:17:00,Runing,9108.0,2026-06-16 19:59:59,
8986,27069,2026-06-18 09:02:00,Runing,15355.0,2026-06-18 10:31:49,Reprise du sport :)
8987,27069,2026-06-19 07:58:00,Runing,7809.0,2026-06-19 08:48:26,Bonne sortie !
8988,27069,2026-06-21 17:35:00,Runing,12485.0,2026-06-21 18:50:52,Très bonnes sensations.
8989,27069,2026-06-24 19:14:00,Runing,6929.0,2026-06-24 19:46:21,
8990,27069,2026-06-25 08:12:00,Runing,3128.0,2026-06-25 08:33:36,Bonne sortie !
8991,27069,2026-07-04 08:44:00,Runing,11489.0,2026-07-04 09:51:55,Bonne sortie !
8992,27069,2026-07-10 17:24:00,Runing,3066.0,2026-07-10 17:39:51,Reprise du sport :)
8993,27069,2026-07-16 18:45:00,Runing,13796.0,2026-07-16 20:29:30,
8994,27069,2026-07-19 19:19:00,Runing,7016.0,2026-07-19 19:55:08,Très bonnes sensations.
8995,27069,2026-07-20 12:27:00,Runing,11439.0,2026-07-20 13:44:49,
8996,94680,2025-07-20 18:10:00,Natation,2400.0,2025-07-20 19:01:41,Travail d'endurance.
8997,94680,2025-07-21 17:38:00,Natation,2214.0,2025-07-21 18:08:19,
8998,94680,2025-07-23 12:32:00,Natation,618.0,2025-07-23 12:44:49,Bonne séance.
8999,94680,2025-07-31 07:53:00,Natation,2772.0,2025-07-31 08:35:15,
9000,94680,2025-08-04 19:02:00,Natation,2811.0,2025-08-04 19:55:32,
9001,94680,2025-08-14 08:18:00,Natation,2401.0,2025-08-14 09:02:20,Travail d'endurance.
9002,94680,2025-08-15 18:29:00,Natation,1982.0,2025-08-15 19:21:54,Travail d'endurance.
9003,94680,2025-08-16 12:08:00,Natation,927.0,2025-08-16 12:35:42,Travail d'endurance.
9004,94680,2025-08-20 19:12:00,Natation,2153.0,2025-08-20 19:53:00,Travail d'endurance.
9005,94680,2025-08-22 08:32:00,Natation,3157.0,2025-08-22 09:24:15,Bonne séance.
9006,94680,2025-08-23 17:36:00,Natation,2086.0,2025-08-23 18:37:43,Bonne séance.
9007,94680,2025-08-28 18:58:00,Natation,2644.0,2025-08-28 20:11:30,
9008,94680,2025-08-30 12:37:00,Natation,692.0,2025-08-30 12:51:56,
9009,94680,2025-09-01 18:17:00,Natation,2045.0,2025-09-01 19:00:43,
9010,94680,2025-09-04 12:34:00,Natation,3679.0,2025-09-04 14:14:54,Bonne séance.
9011,94680,2025-09-08 07:42:00,Natation,3003.0,2025-09-08 08:33:08,Bonne séance.
9012,94680,2025-09-09 17:28:00,Natation,534.0,2025-09-09 17:40:36,
9013,94680,2025-09-13 17:03:00,Natation,2675.0,2025-09-13 18:06:26,Travail d'endurance.
9014,94680,2025-09-14 19:22:00,Natation,3471.0,2025-09-14 20:40:42,Travail d'endurance.
9015,94680,2025-09-18 12:35:00,Natation,2849.0,2025-09-18 13:55:58,Bonne séance.
9016,94680,2025-09-19 17:15:00,Natation,1288.0,2025-09-19 17:44:18,Bonne séance.
9017,94680,2025-09-24 18:40:00,Natation,1054.0,2025-09-24 19:01:19,
9018,94680,2025-09-26 07:13:00,Natation,787.0,2025-09-26 07:25:51,Travail d'endurance.
9019,94680,2025-09-27 18:01:00,Natation,2229.0,2025-09-27 18:36:35,Travail d'endurance.
9020,94680,2025-09-28 09:59:00,Natation,3121.0,2025-09-28 10:52:17,Travail d'endurance.
9021,94680,2025-09-30 12:40:00,Natation,3300.0,2025-09-30 13:51:46,Travail d'endurance.
9022,94680,2025-10-01 07:33:00,Natation,2542.0,2025-10-01 08:13:01,
9023,94680,2025-10-06 08:59:00,Natation,3131.0,2025-10-06 09:46:41,Travail d'endurance.
9024,94680,2025-10-08 19:15:00,Natation,2297.0,2025-10-08 20:15:47,Bonne séance.
9025,94680,2025-10-09 18:56:00,Natation,2654.0,2025-10-09 19:43:59,
9026,94680,2025-10-12 19:20:00,Natation,2493.0,2025-10-12 20:04:38,Travail d'endurance.
9027,94680,2025-10-14 07:15:00,Natation,3087.0,2025-10-14 08:03:18,
9028,94680,2025-10-19 07:53:00,Natation,2457.0,2025-10-19 08:33:09,Bonne séance.
9029,94680,2025-10-20 08:17:00,Natation,2468.0,2025-10-20 08:59:29,Bonne séance.
9030,94680,2025-10-21 18:16:00,Natation,1508.0,2025-10-21 18:52:19,
9031,94680,2025-10-27 12:14:00,Natation,3458.0,2025-10-27 13:05:38,Bonne séance.
9032,94680,2025-10-30 18:55:00,Natation,3025.0,2025-10-30 19:51:50,Bonne séance.
9033,94680,2025-11-02 17:19:00,Natation,3878.0,2025-11-02 19:13:20,Bonne séance.
9034,94680,2025-11-11 09:57:00,Natation,555.0,2025-11-11 10:05:31,Bonne séance.
9035,94680,2025-11-12 12:28:00,Natation,1705.0,2025-11-12 13:01:55,Bonne séance.
9036,94680,2025-11-14 08:07:00,Natation,2957.0,2025-11-14 08:57:10,Bonne séance.
9037,94680,2025-11-18 09:40:00,Natation,1012.0,2025-11-18 10:01:46,Bonne séance.
9038,94680,2025-11-19 18:54:00,Natation,1731.0,2025-11-19 19:37:45,Bonne séance.
9039,94680,2025-11-21 17:50:00,Natation,2228.0,2025-11-21 18:34:29,
9040,94680,2025-11-24 07:29:00,Natation,1163.0,2025-11-24 07:58:51,Travail d'endurance.
9041,94680,2025-11-27 12:30:00,Natation,3022.0,2025-11-27 13:37:42,Bonne séance.
9042,94680,2025-11-28 18:01:00,Natation,905.0,2025-11-28 18:20:29,Bonne séance.
9043,94680,2025-12-01 17:10:00,Natation,2295.0,2025-12-01 17:46:18,
9044,94680,2025-12-10 17:13:00,Natation,1469.0,2025-12-10 17:37:54,
9045,94680,2025-12-11 19:34:00,Natation,3229.0,2025-12-11 20:23:59,Travail d'endurance.
9046,94680,2025-12-12 12:08:00,Natation,1135.0,2025-12-12 12:31:31,Bonne séance.
9047,94680,2025-12-18 18:26:00,Natation,1264.0,2025-12-18 18:48:15,Bonne séance.
9048,94680,2025-12-19 07:03:00,Natation,1428.0,2025-12-19 07:32:32,Bonne séance.
9049,94680,2025-12-23 17:03:00,Natation,2791.0,2025-12-23 17:42:05,
9050,94680,2025-12-26 12:41:00,Natation,824.0,2025-12-26 12:54:08,Travail d'endurance.
9051,94680,2025-12-31 08:30:00,Natation,1449.0,2025-12-31 08:54:22,
9052,94680,2026-01-04 18:04:00,Natation,1108.0,2026-01-04 18:20:24,Bonne séance.
9053,94680,2026-01-07 19:18:00,Natation,2098.0,2026-01-07 19:53:03,
9054,94680,2026-01-09 17:51:00,Natation,2277.0,2026-01-09 18:53:25,Travail d'endurance.
9055,94680,2026-01-15 19:05:00,Natation,526.0,2026-01-15 19:19:54,
9056,94680,2026-01-20 19:42:00,Natation,2928.0,2026-01-20 20:24:00,Bonne séance.
9057,94680,2026-01-21 09:19:00,Natation,3450.0,2026-01-21 10:37:58,
9058,94680,2026-01-28 17:55:00,Natation,1600.0,2026-01-28 18:18:13,
9059,94680,2026-02-03 19:48:00,Natation,3165.0,2026-02-03 20:38:57,
9060,94680,2026-02-04 18:20:00,Natation,1240.0,2026-02-04 18:38:21,
9061,94680,2026-02-06 09:42:00,Natation,3263.0,2026-02-06 10:40:01,Travail d'endurance.
9062,94680,2026-02-09 07:31:00,Natation,3669.0,2026-02-09 08:21:05,
9063,94680,2026-02-13 07:26:00,Natation,2125.0,2026-02-13 08:09:28,Bonne séance.
9064,94680,2026-02-15 07:40:00,Natation,2679.0,2026-02-15 08:23:29,Bonne séance.
9065,94680,2026-02-18 19:58:00,Natation,769.0,2026-02-18 20:09:05,Bonne séance.
9066,94680,2026-02-21 07:13:00,Natation,3240.0,2026-02-21 07:58:24,
9067,94680,2026-02-22 07:26:00,Natation,1604.0,2026-02-22 08:05:26,Bonne séance.
9068,94680,2026-02-23 12:58:00,Natation,3731.0,2026-02-23 14:22:42,Bonne séance.
9069,94680,2026-02-24 19:36:00,Natation,3147.0,2026-02-24 20:44:15,Travail d'endurance.
9070,94680,2026-03-02 12:43:00,Natation,3309.0,2026-03-02 13:29:19,
9071,94680,2026-03-03 19:20:00,Natation,1288.0,2026-03-03 19:48:30,Bonne séance.
9072,94680,2026-03-08 07:26:00,Natation,560.0,2026-03-08 07:40:03,Bonne séance.
9073,94680,2026-03-10 18:36:00,Natation,1943.0,2026-03-10 19:23:00,Travail d'endurance.
9074,94680,2026-03-14 17:46:00,Natation,2541.0,2026-03-14 18:39:20,Travail d'endurance.
9075,94680,2026-03-17 17:59:00,Natation,3526.0,2026-03-17 19:24:43,Bonne séance.
9076,94680,2026-03-18 18:04:00,Natation,3257.0,2026-03-18 19:12:19,Bonne séance.
9077,94680,2026-03-19 08:50:00,Natation,2668.0,2026-03-19 09:31:38,
9078,94680,2026-03-22 19:55:00,Natation,905.0,2026-03-22 20:13:07,Bonne séance.
9079,94680,2026-03-29 18:08:00,Natation,2970.0,2026-03-29 18:48:31,Bonne séance.
9080,94680,2026-03-30 18:17:00,Natation,1707.0,2026-03-30 18:45:23,Bonne séance.
9081,94680,2026-04-04 08:14:00,Natation,3677.0,2026-04-04 09:12:09,
9082,94680,2026-04-07 18:29:00,Natation,2651.0,2026-04-07 19:20:47,Bonne séance.
9083,94680,2026-04-10 18:41:00,Natation,3496.0,2026-04-10 19:58:31,Travail d'endurance.
9084,94680,2026-04-11 07:18:00,Natation,2435.0,2026-04-11 07:51:32,
9085,94680,2026-04-17 19:25:00,Natation,3446.0,2026-04-17 20:42:01,Travail d'endurance.
9086,94680,2026-04-18 12:09:00,Natation,3723.0,2026-04-18 13:02:34,Travail d'endurance.
9087,94680,2026-04-20 07:36:00,Natation,3756.0,2026-04-20 09:27:16,Bonne séance.
9088,94680,2026-04-21 18:57:00,Natation,3745.0,2026-04-21 19:58:36,
9089,94680,2026-04-24 07:02:00,Natation,2943.0,2026-04-24 07:53:28,Travail d'endurance.
9090,94680,2026-04-27 17:32:00,Natation,1176.0,2026-04-27 17:52:28,
9091,94680,2026-04-28 07:24:00,Natation,3105.0,2026-04-28 08:34:19,
9092,94680,2026-05-07 08:27:00,Natation,1956.0,2026-05-07 09:02:57,Travail d'endurance.
9093,94680,2026-05-10 19:49:00,Natation,1237.0,2026-05-10 20:16:23,Travail d'endurance.
9094,94680,2026-05-16 07:00:00,Natation,1902.0,2026-05-16 07:31:38,Bonne séance.
9095,94680,2026-05-17 09:49:00,Natation,3975.0,2026-05-17 10:47:34,Travail d'endurance.
9096,94680,2026-05-21 09:14:00,Natation,1583.0,2026-05-21 09:39:42,Bonne séance.
9097,94680,2026-05-23 12:22:00,Natation,979.0,2026-05-23 12:38:12,
9098,94680,2026-05-25 09:03:00,Natation,3435.0,2026-05-25 09:52:23,Travail d'endurance.
9099,94680,2026-05-26 07:32:00,Natation,3662.0,2026-05-26 09:19:10,Travail d'endurance.
9100,94680,2026-05-31 18:15:00,Natation,2920.0,2026-05-31 19:17:05,Travail d'endurance.
9101,94680,2026-06-08 12:34:00,Natation,3570.0,2026-06-08 13:28:07,Bonne séance.
9102,94680,2026-06-09 19:20:00,Natation,3036.0,2026-06-09 20:48:48,Bonne séance.
9103,94680,2026-06-19 18:53:00,Natation,1005.0,2026-06-19 19:18:14,
9104,94680,2026-06-26 07:50:00,Natation,792.0,2026-06-26 08:09:21,Bonne séance.
9105,94680,2026-06-28 07:20:00,Natation,1548.0,2026-06-28 07:54:58,Bonne séance.
9106,94680,2026-06-29 17:32:00,Natation,2890.0,2026-06-29 18:40:10,Bonne séance.
9107,94680,2026-07-02 18:29:00,Natation,712.0,2026-07-02 18:42:16,Bonne séance.
9108,94680,2026-07-08 07:39:00,Natation,2019.0,2026-07-08 08:06:44,Travail d'endurance.
9109,94680,2026-07-17 12:59:00,Natation,1033.0,2026-07-17 13:19:55,
9110,94680,2026-07-20 12:11:00,Natation,1545.0,2026-07-20 12:35:30,
9111,33386,2026-07-27 07:35:00,Randonnée,7465.0,2026-07-27 09:30:16,Nouveau sentier découvert.
9112,70575,2026-07-27 17:04:00,Randonnée,20072.0,2026-07-27 23:10:43,Très beau parcours.
9113,43542,2026-07-27 12:18:00,Judo,,2026-07-27 13:26:00,Très bonnes sensations.
9114,92368,2026-07-27 07:15:00,Runing,4363.0,2026-07-27 07:37:18,Reprise du sport :)
9115,23842,2026-07-27 17:08:00,Voile,,2026-07-27 21:04:00,
9116,42960,2026-07-27 18:37:00,Runing,15692.0,2026-07-27 20:36:23,Bonne sortie !
9117,22426,2026-07-27 17:42:00,Voile,,2026-07-27 20:47:00,Bonne séance.
9118,97309,2026-07-27 17:50:00,Tennis,,2026-07-27 19:48:00,Bonne séance.
9119,60948,2026-07-27 09:52:00,Runing,3202.0,2026-07-27 10:08:30,
9120,42472,2026-07-27 07:15:00,Randonnée,15600.0,2026-07-27 11:43:48,Une randonnée à refaire.
9121,36827,2026-07-27 18:50:00,Tennis,,2026-07-27 20:32:00,
9122,48260,2026-07-27 07:02:00,Voile,,2026-07-27 08:15:00,Très bonnes sensations.
9123,29793,2026-07-27 18:55:00,Runing,9827.0,2026-07-27 20:05:21,Très bonnes sensations.
9124,25701,2026-07-27 09:59:00,Runing,17520.0,2026-07-27 11:26:02,
9125,44927,2026-07-27 07:08:00,Randonnée,14841.0,2026-07-27 10:52:12,Une randonnée à refaire.
9126,35731,2026-07-27 09:56:00,Rugby,,2026-07-27 11:03:00,Bonne séance.
9127,90813,2026-07-27 09:03:00,Natation,1073.0,2026-07-27 09:28:52,
9128,92440,2026-07-27 17:31:00,Triathlon,37920.0,2026-07-27 21:56:39,Bonne préparation.
9129,50309,2026-07-27 07:41:00,Runing,13814.0,2026-07-27 08:50:07,Très bonnes sensations.
9130,89943,2026-07-27 19:17:00,Randonnée,22221.0,2026-07-27 23:29:27,Une randonnée à refaire.
9131,89943,2026-07-27 17:37:00,Randonnée,24862.0,2026-07-27 23:23:49,Très beau parcours.
9132,56530,2026-07-27 07:11:00,Runing,6965.0,2026-07-27 07:46:00,
9133,50504,2026-07-27 19:14:00,Escalade,,2026-07-27 20:19:00,Entraînement terminé.
9134,27069,2026-07-27 17:30:00,Runing,11349.0,2026-07-27 18:34:36,
9135,29450,2026-07-27 09:09:00,Randonnée,20913.0,2026-07-27 12:46:52,
9136,23842,2026-07-27 17:04:00,Voile,,2026-07-27 20:25:00,Entraînement terminé.
9137,45221,2026-07-27 17:40:00,Randonnée,20586.0,2026-07-28 00:12:32,Très beau parcours.
